geoid,county,state,dentists_per_10k
01001,Autauga,AL,3.01
01003,Baldwin,AL,4.71
01005,Barbour,AL,3.24
01007,Bibb,AL,2.27
01009,Blount,AL,1.68
01011,Bullock,AL,1.96
01013,Butler,AL,3.75
01015,Calhoun,AL,6.48
01017,Chambers,AL,2.05
01019,Cherokee,AL,1.58
01021,Chilton,AL,2.62
01023,Choctaw,AL,4.82
01025,Clarke,AL,3.55
01027,Clay,AL,1.41
01029,Cleburne,AL,
01031,Coffee,AL,3.47
01033,Colbert,AL,5.00
01035,Conecuh,AL,1.78
01037,Coosa,AL,
01039,Covington,AL,3.72
01041,Crenshaw,AL,2.30
01043,Cullman,AL,4.85
01045,Dale,AL,3.43
01047,Dallas,AL,3.54
01049,DeKalb,AL,2.92
01051,Elmore,AL,1.34
01053,Escambia,AL,4.36
01055,Etowah,AL,5.05
01057,Fayette,AL,3.10
01059,Franklin,AL,2.19
01061,Geneva,AL,0.75
01063,Greene,AL,
01065,Hale,AL,1.37
01067,Henry,AL,2.83
01069,Houston,AL,6.39
01071,Jackson,AL,3.21
01073,Jefferson,AL,9.39
01075,Lamar,AL,2.19
01077,Lauderdale,AL,5.84
01079,Lawrence,AL,0.90
01081,Lee,AL,3.43
01083,Limestone,AL,2.98
01085,Lowndes,AL,
01087,Macon,AL,2.70
01089,Madison,AL,5.38
01091,Marengo,AL,2.67
01093,Marion,AL,2.06
01095,Marshall,AL,3.62
01097,Mobile,AL,5.42
01099,Monroe,AL,2.06
01101,Montgomery,AL,7.95
01103,Morgan,AL,5.23
01105,Perry,AL,2.49
01107,Pickens,AL,2.14
01109,Pike,AL,3.03
01111,Randolph,AL,0.89
01113,Russell,AL,2.73
01115,St. Clair,AL,2.87
01117,Shelby,AL,5.08
01119,Sumter,AL,1.69
01121,Talladega,AL,3.59
01123,Tallapoosa,AL,3.17
01125,Tuscaloosa,AL,4.48
01127,Walker,AL,4.66
01129,Washington,AL,1.32
01131,Wilcox,AL,0.99
01133,Winston,AL,1.68
02013,Aleutians East,AK,2.94
02016,Aleutians West,AK,11.71
02020,Anchorage,AK,13.33
02050,Bethel,AK,15.87
02060,Bristol Bay,AK,11.56
02068,Denali,AK,0.00
02070,Dillingham,AK,12.71
02090,Fairbanks North Star,AK,14.16
02100,Haines,AK,14.60
02105,Hoonah-Angoon,AK,0.00
02110,Juneau,AK,11.05
02122,Kenai Peninsula,AK,7.41
02130,Ketchikan Gateway,AK,8.01
02150,Kodiak Island,AK,5.50
02158,Kusilvak,AK,
02164,Lake and Peninsula,AK,0.00
02170,Matanuska-Susitna,AK,5.12
02180,Nome,AK,10.16
02185,North Slope,AK,6.48
02188,Northwest Arctic,AK,4.04
02195,Petersburg,AK,8.93
02198,Prince of Wales-Hyder,AK,5.31
02220,Sitka,AK,13.12
02230,Skagway,AK,0.00
02240,Southeast Fairbanks,AK,5.70
02261,Valdez-Cordova,AK,
02275,Wrangell,AK,4.83
02282,Yakutat,AK,0.00
02290,Yukon-Koyukuk,AK,3.86
04001,Apache,AZ,7.49
04003,Cochise,AZ,5.73
04005,Coconino,AZ,8.33
04007,Gila,AZ,6.12
04009,Graham,AZ,5.41
04011,Greenlee,AZ,2.15
04012,La Paz,AZ,6.06
04013,Maricopa,AZ,7.21
04015,Mohave,AZ,4.44
04017,Navajo,AZ,6.81
04019,Pima,AZ,6.72
04021,Pinal,AZ,3.43
04023,Santa Cruz,AZ,2.26
04025,Yavapai,AZ,6.78
04027,Yuma,AZ,3.22
05001,Arkansas,AR,4.84
05003,Ashley,AR,4.36
05005,Baxter,AR,5.66
05007,Benton,AR,4.39
05009,Boone,AR,5.75
05011,Bradley,AR,3.95
05013,Calhoun,AR,
05015,Carroll,AR,2.78
05017,Chicot,AR,5.06
05019,Clark,AR,5.18
05021,Clay,AR,4.21
05023,Cleburne,AR,4.35
05025,Cleveland,AR,
05027,Columbia,AR,4.50
05029,Conway,AR,4.28
05031,Craighead,AR,7.96
05033,Crawford,AR,2.29
05035,Crittenden,AR,6.59
05037,Cross,AR,5.42
05039,Dallas,AR,3.23
05041,Desha,AR,2.79
05043,Drew,AR,2.96
05045,Faulkner,AR,4.31
05047,Franklin,AR,1.74
05049,Fulton,AR,1.62
05051,Garland,AR,6.09
05053,Grant,AR,3.86
05055,Greene,AR,3.23
05057,Hempstead,AR,3.60
05059,Hot Spring,AR,2.71
05061,Howard,AR,2.39
05063,Independence,AR,4.48
05065,Izard,AR,2.14
05067,Jackson,AR,3.01
05069,Jefferson,AR,3.89
05071,Johnson,AR,2.69
05073,Lafayette,AR,
05075,Lawrence,AR,3.09
05077,Lee,AR,4.78
05079,Lincoln,AR,1.55
05081,Little River,AR,4.23
05083,Logan,AR,4.24
05085,Lonoke,AR,2.92
05087,Madison,AR,3.43
05089,Marion,AR,1.74
05091,Miller,AR,3.29
05093,Mississippi,AR,4.11
05095,Monroe,AR,6.09
05097,Montgomery,AR,2.34
05099,Nevada,AR,
05101,Newton,AR,
05103,Ouachita,AR,4.54
05105,Perry,AR,
05107,Phillips,AR,3.27
05109,Pike,AR,2.95
05111,Poinsett,AR,1.33
05113,Polk,AR,4.14
05115,Pope,AR,4.68
05117,Prairie,AR,1.24
05119,Pulaski,AR,7.69
05121,Randolph,AR,2.65
05123,St. Francis,AR,4.45
05125,Saline,AR,3.38
05127,Scott,AR,1.02
05129,Searcy,AR,3.79
05131,Sebastian,AR,7.91
05133,Sevier,AR,2.55
05135,Sharp,AR,2.81
05137,Stone,AR,2.39
05139,Union,AR,4.50
05141,Van Buren,AR,5.59
05143,Washington,AR,6.29
05145,White,AR,3.47
05147,Woodruff,AR,4.96
05149,Yell,AR,2.98
06001,Alameda,CA,10.40
06003,Alpine,CA,0.00
06005,Amador,CA,6.28
06007,Butte,CA,8.10
06009,Calaveras,CA,4.94
06011,Colusa,CA,3.65
06013,Contra Costa,CA,9.35
06015,Del Norte,CA,8.50
06017,El Dorado,CA,7.94
06019,Fresno,CA,6.40
06021,Glenn,CA,8.82
06023,Humboldt,CA,8.22
06025,Imperial,CA,3.25
06027,Inyo,CA,8.01
06029,Kern,CA,5.26
06031,Kings,CA,6.34
06033,Lake,CA,4.40
06035,Lassen,CA,11.36
06037,Los Angeles,CA,9.69
06039,Madera,CA,4.81
06041,Marin,CA,12.45
06043,Mariposa,CA,5.29
06045,Mendocino,CA,8.02
06047,Merced,CA,4.66
06049,Modoc,CA,7.05
06051,Mono,CA,4.62
06053,Monterey,CA,7.37
06055,Napa,CA,10.12
06057,Nevada,CA,8.61
06059,Orange,CA,12.35
06061,Placer,CA,10.54
06063,Plumas,CA,8.27
06065,Riverside,CA,5.77
06067,Sacramento,CA,8.23
06069,San Benito,CA,5.18
06071,San Bernardino,CA,7.70
06073,San Diego,CA,9.87
06075,San Francisco,CA,17.51
06077,San Joaquin,CA,6.03
06079,San Luis Obispo,CA,9.12
06081,San Mateo,CA,11.60
06083,Santa Barbara,CA,9.15
06085,Santa Clara,CA,12.79
06087,Santa Cruz,CA,9.04
06089,Shasta,CA,7.96
06091,Sierra,CA,6.22
06093,Siskiyou,CA,6.64
06095,Solano,CA,9.76
06097,Sonoma,CA,9.80
06099,Stanislaus,CA,7.07
06101,Sutter,CA,8.53
06103,Tehama,CA,6.29
06105,Trinity,CA,3.17
06107,Tulare,CA,5.72
06109,Tuolumne,CA,12.11
06111,Ventura,CA,9.78
06113,Yolo,CA,6.21
06115,Yuba,CA,2.97
08001,Adams,CO,7.07
08003,Alamosa,CO,14.47
08005,Arapahoe,CO,11.85
08007,Archuleta,CO,5.71
08009,Baca,CO,5.83
08011,Bent,CO,1.85
08013,Boulder,CO,11.11
08014,Broomfield,CO,9.59
08015,Chaffee,CO,6.43
08017,Cheyenne,CO,0.00
08019,Clear Creek,CO,4.28
08021,Conejos,CO,2.64
08023,Costilla,CO,0.00
08025,Crowley,CO,1.78
08027,Custer,CO,
08029,Delta,CO,4.75
08031,Denver,CO,8.29
08033,Dolores,CO,8.14
08035,Douglas,CO,7.13
08037,Eagle,CO,6.69
08039,Elbert,CO,1.44
08041,El Paso,CO,10.35
08043,Fremont,CO,3.43
08045,Garfield,CO,7.71
08047,Gilpin,CO,
08049,Grand,CO,3.81
08051,Gunnison,CO,4.63
08053,Hinsdale,CO,0.00
08055,Huerfano,CO,2.82
08057,Jackson,CO,0.00
08059,Jefferson,CO,10.38
08061,Kiowa,CO,0.00
08063,Kit Carson,CO,1.44
08065,Lake,CO,4.10
08067,La Plata,CO,9.89
08069,Larimer,CO,8.48
08071,Las Animas,CO,6.28
08073,Lincoln,CO,9.07
08075,Logan,CO,6.24
08077,Mesa,CO,7.44
08079,Mineral,CO,0.00
08081,Moffat,CO,6.07
08083,Montezuma,CO,6.80
08085,Montrose,CO,10.73
08087,Morgan,CO,6.84
08089,Otero,CO,3.28
08091,Ouray,CO,11.76
08093,Park,CO,1.67
08095,Phillips,CO,
08097,Pitkin,CO,6.52
08099,Prowers,CO,5.06
08101,Pueblo,CO,7.02
08103,Rio Blanco,CO,7.61
08105,Rio Grande,CO,4.42
08107,Routt,CO,10.80
08109,Saguache,CO,
08111,San Juan,CO,0.00
08113,San Miguel,CO,6.25
08115,Sedgwick,CO,4.36
08117,Summit,CO,10.47
08119,Teller,CO,4.83
08121,Washington,CO,4.16
08123,Weld,CO,4.85
08125,Yuma,CO,6.06
09001,Fairfield,CT,9.41
09003,Hartford,CT,10.76
09005,Litchfield,CT,6.43
09007,Middlesex,CT,7.83
09009,New Haven,CT,7.77
09011,New London,CT,7.89
09013,Tolland,CT,4.86
09015,Windham,CT,4.98
10001,Kent,DE,4.07
10003,New Castle,DE,5.80
10005,Sussex,DE,2.23
11001,District of Columbia,DC,12.90
12001,Alachua,FL,19.12
12003,Baker,FL,4.68
12005,Bay,FL,5.89
12007,Bradford,FL,2.56
12009,Brevard,FL,6.01
12011,Broward,FL,8.51
12013,Calhoun,FL,5.94
12015,Charlotte,FL,5.33
12017,Citrus,FL,3.08
12019,Clay,FL,5.34
12021,Collier,FL,7.01
12023,Columbia,FL,6.26
12027,DeSoto,FL,1.98
12029,Dixie,FL,0.58
12031,Duval,FL,7.93
12033,Escambia,FL,7.08
12035,Flagler,FL,3.39
12037,Franklin,FL,2.40
12039,Gadsden,FL,2.07
12041,Gilchrist,FL,2.63
12043,Glades,FL,4.01
12045,Gulf,FL,3.92
12047,Hamilton,FL,2.27
12049,Hardee,FL,5.85
12051,Hendry,FL,3.87
12053,Hernando,FL,3.72
12055,Highlands,FL,4.73
12057,Hillsborough,FL,6.37
12059,Holmes,FL,4.07
12061,Indian River,FL,7.35
12063,Jackson,FL,2.90
12065,Jefferson,FL,2.66
12067,Lafayette,FL,
12069,Lake,FL,4.80
12071,Lee,FL,5.30
12073,Leon,FL,5.45
12075,Levy,FL,2.21
12077,Liberty,FL,2.63
12079,Madison,FL,2.20
12081,Manatee,FL,5.90
12083,Marion,FL,4.16
12085,Martin,FL,8.03
12086,Miami-Dade,FL,7.84
12087,Monroe,FL,6.24
12089,Nassau,FL,2.96
12091,Okaloosa,FL,8.22
12093,Okeechobee,FL,4.45
12095,Orange,FL,5.22
12097,Osceola,FL,2.96
12099,Palm Beach,FL,7.94
12101,Pasco,FL,3.55
12103,Pinellas,FL,8.05
12105,Polk,FL,3.54
12107,Putnam,FL,2.94
12109,St. Johns,FL,4.95
12111,St. Lucie,FL,4.13
12113,Santa Rosa,FL,2.98
12115,Sarasota,FL,7.25
12117,Seminole,FL,6.37
12119,Sumter,FL,3.52
12121,Suwannee,FL,1.76
12123,Taylor,FL,3.29
12125,Union,FL,2.59
12127,Volusia,FL,4.94
12129,Wakulla,FL,1.14
12131,Walton,FL,5.16
12133,Washington,FL,3.15
13001,Appling,GA,1.09
13003,Atkinson,GA,1.22
13005,Bacon,GA,2.68
13007,Baker,GA,0.00
13009,Baldwin,GA,4.13
13011,Banks,GA,0.52
13013,Barrow,GA,1.90
13015,Bartow,GA,3.28
13017,Ben Hill,GA,5.27
13019,Berrien,GA,1.10
13021,Bibb,GA,6.40
13023,Bleckley,GA,1.63
13025,Brantley,GA,0.55
13027,Brooks,GA,0.62
13029,Bryan,GA,2.70
13031,Bulloch,GA,3.61
13033,Burke,GA,1.23
13035,Butts,GA,1.50
13037,Calhoun,GA,3.66
13039,Camden,GA,3.16
13043,Candler,GA,0.91
13045,Carroll,GA,3.45
13047,Catoosa,GA,2.47
13049,Charlton,GA,
13051,Chatham,GA,7.17
13053,Chattahoochee,GA,81.97
13055,Chattooga,GA,3.61
13057,Cherokee,GA,5.08
13059,Clarke,GA,5.16
13061,Clay,GA,0.00
13063,Clayton,GA,2.33
13065,Clinch,GA,1.50
13067,Cobb,GA,7.22
13069,Coffee,GA,3.71
13071,Colquitt,GA,2.62
13073,Columbia,GA,5.79
13075,Cook,GA,2.87
13077,Coweta,GA,3.86
13079,Crawford,GA,
13081,Crisp,GA,5.07
13083,Dade,GA,3.11
13085,Dawson,GA,4.64
13087,Decatur,GA,3.11
13089,DeKalb,GA,6.23
13091,Dodge,GA,4.55
13093,Dooly,GA,3.78
13095,Dougherty,GA,7.11
13097,Douglas,GA,4.41
13099,Early,GA,3.78
13101,Echols,GA,0.00
13103,Effingham,GA,1.59
13105,Elbert,GA,2.52
13107,Emanuel,GA,1.31
13109,Evans,GA,2.81
13111,Fannin,GA,2.72
13113,Fayette,GA,10.57
13115,Floyd,GA,3.82
13117,Forsyth,GA,3.89
13119,Franklin,GA,2.07
13121,Fulton,GA,7.60
13123,Gilmer,GA,2.47
13125,Glascock,GA,0.00
13127,Glynn,GA,5.29
13129,Gordon,GA,2.21
13131,Grady,GA,2.69
13133,Greene,GA,9.43
13135,Gwinnett,GA,6.52
13137,Habersham,GA,4.42
13139,Hall,GA,5.17
13141,Hancock,GA,1.19
13143,Haralson,GA,2.23
13145,Harris,GA,1.93
13147,Hart,GA,3.34
13149,Heard,GA,
13151,Henry,GA,3.58
13153,Houston,GA,5.13
13155,Irwin,GA,1.10
13157,Jackson,GA,4.89
13159,Jasper,GA,1.25
13161,Jeff Davis,GA,0.67
13163,Jefferson,GA,1.96
13165,Jenkins,GA,
13167,Johnson,GA,1.08
13169,Jones,GA,1.05
13171,Lamar,GA,1.03
13173,Lanier,GA,0.98
13175,Laurens,GA,4.83
13177,Lee,GA,4.46
13179,Liberty,GA,12.64
13181,Lincoln,GA,
13183,Long,GA,
13185,Lowndes,GA,5.60
13187,Lumpkin,GA,2.30
13189,McDuffie,GA,5.53
13191,McIntosh,GA,2.68
13193,Macon,GA,1.70
13195,Madison,GA,0.32
13197,Marion,GA,1.34
13199,Meriwether,GA,2.40
13201,Miller,GA,5.17
13205,Mitchell,GA,1.42
13207,Monroe,GA,1.70
13209,Montgomery,GA,
13211,Morgan,GA,3.80
13213,Murray,GA,0.99
13215,Muscogee,GA,5.82
13217,Newton,GA,2.04
13219,Oconee,GA,6.65
13221,Oglethorpe,GA,0.65
13223,Paulding,GA,1.63
13225,Peach,GA,4.90
13227,Pickens,GA,3.16
13229,Pierce,GA,0.99
13231,Pike,GA,2.00
13233,Polk,GA,2.29
13235,Pulaski,GA,1.00
13237,Putnam,GA,2.18
13239,Quitman,GA,4.45
13241,Rabun,GA,2.91
13243,Randolph,GA,
13245,Richmond,GA,21.65
13247,Rockdale,GA,7.58
13249,Schley,GA,
13251,Screven,GA,2.15
13253,Seminole,GA,4.38
13255,Spalding,GA,3.48
13257,Stephens,GA,3.74
13259,Stewart,GA,
13261,Sumter,GA,5.19
13263,Talbot,GA,
13265,Taliaferro,GA,0.00
13267,Tattnall,GA,1.25
13269,Taylor,GA,1.29
13271,Telfair,GA,1.62
13273,Terrell,GA,1.14
13275,Thomas,GA,4.39
13277,Tift,GA,3.86
13279,Toombs,GA,5.22
13281,Towns,GA,5.40
13283,Treutlen,GA,1.57
13285,Troup,GA,5.98
13287,Turner,GA,4.52
13289,Twiggs,GA,
13291,Union,GA,3.03
13293,Upson,GA,2.14
13295,Walker,GA,1.60
13297,Walton,GA,3.69
13299,Ware,GA,5.90
13301,Warren,GA,1.94
13303,Washington,GA,2.03
13305,Wayne,GA,1.62
13307,Webster,GA,0.00
13309,Wheeler,GA,
13311,White,GA,3.47
13313,Whitfield,GA,4.46
13315,Wilcox,GA,3.42
13317,Wilkes,GA,2.08
13319,Wilkinson,GA,1.15
13321,Worth,GA,0.98
15001,Hawaii,HI,6.30
15003,Honolulu,HI,10.06
15005,Kalawao,HI,0.00
15007,Kauai,HI,6.78
15009,Maui,HI,6.93
16001,Ada,ID,8.19
16003,Adams,ID,6.23
16005,Bannock,ID,10.16
16007,Bear Lake,ID,4.46
16009,Benewah,ID,8.68
16011,Bingham,ID,4.21
16013,Blaine,ID,8.05
16015,Boise,ID,
16017,Bonner,ID,4.86
16019,Bonneville,ID,7.96
16021,Boundary,ID,6.00
16023,Butte,ID,0.00
16025,Camas,ID,0.00
16027,Canyon,ID,4.50
16029,Caribou,ID,6.95
16031,Cassia,ID,7.41
16033,Clark,ID,0.00
16035,Clearwater,ID,4.44
16037,Custer,ID,2.22
16039,Elmore,ID,8.16
16041,Franklin,ID,5.92
16043,Fremont,ID,6.44
16045,Gem,ID,3.92
16047,Gooding,ID,2.55
16049,Idaho,ID,3.98
16051,Jefferson,ID,2.09
16053,Jerome,ID,2.77
16055,Kootenai,ID,7.25
16057,Latah,ID,4.64
16059,Lemhi,ID,3.64
16061,Lewis,ID,5.31
16063,Lincoln,ID,1.88
16065,Madison,ID,4.55
16067,Minidoka,ID,3.60
16069,Nez Perce,ID,8.14
16071,Oneida,ID,6.37
16073,Owyhee,ID,3.17
16075,Payette,ID,5.19
16077,Power,ID,2.48
16079,Shoshone,ID,5.71
16081,Teton,ID,3.99
16083,Twin Falls,ID,7.47
16085,Valley,ID,4.01
16087,Washington,ID,1.80
17001,Adams,IL,8.50
17003,Alexander,IL,8.23
17005,Bond,IL,1.81
17007,Boone,IL,3.76
17009,Brown,IL,
17011,Bureau,IL,3.65
17013,Calhoun,IL,2.29
17015,Carroll,IL,2.58
17017,Cass,IL,7.11
17019,Champaign,IL,6.68
17021,Christian,IL,2.39
17023,Clark,IL,1.97
17025,Clay,IL,4.60
17027,Clinton,IL,3.25
17029,Coles,IL,5.40
17031,Cook,IL,9.82
17033,Crawford,IL,4.32
17035,Cumberland,IL,0.97
17037,DeKalb,IL,6.78
17039,De Witt,IL,3.92
17041,Douglas,IL,5.06
17043,DuPage,IL,11.83
17045,Edgar,IL,3.04
17047,Edwards,IL,1.65
17049,Effingham,IL,17.76
17051,Fayette,IL,4.69
17053,Ford,IL,3.77
17055,Franklin,IL,3.49
17057,Fulton,IL,2.42
17059,Gallatin,IL,
17061,Greene,IL,3.43
17063,Grundy,IL,3.58
17065,Hamilton,IL,1.25
17067,Hancock,IL,3.48
17069,Hardin,IL,2.78
17071,Henderson,IL,16.26
17073,Henry,IL,3.51
17075,Iroquois,IL,3.40
17077,Jackson,IL,9.12
17079,Jasper,IL,1.09
17081,Jefferson,IL,5.77
17083,Jersey,IL,4.71
17085,Jo Daviess,IL,6.44
17087,Johnson,IL,2.24
17089,Kane,IL,7.43
17091,Kankakee,IL,4.81
17093,Kendall,IL,3.93
17095,Knox,IL,3.50
17097,Lake,IL,11.82
17099,LaSalle,IL,5.46
17101,Lawrence,IL,0.67
17103,Lee,IL,4.73
17105,Livingston,IL,4.50
17107,Logan,IL,5.44
17109,McDonough,IL,3.35
17111,McHenry,IL,6.90
17113,McLean,IL,7.01
17115,Macon,IL,6.21
17117,Macoupin,IL,3.39
17119,Madison,IL,9.66
17121,Marion,IL,3.52
17123,Marshall,IL,3.42
17125,Mason,IL,3.92
17127,Massac,IL,3.60
17129,Menard,IL,0.83
17131,Mercer,IL,1.93
17133,Monroe,IL,8.28
17135,Montgomery,IL,6.42
17137,Morgan,IL,4.66
17139,Moultrie,IL,1.40
17141,Ogle,IL,4.28
17143,Peoria,IL,8.86
17145,Perry,IL,4.37
17147,Piatt,IL,2.39
17149,Pike,IL,6.22
17151,Pope,IL,0.00
17153,Pulaski,IL,
17155,Putnam,IL,3.59
17157,Randolph,IL,4.66
17159,Richland,IL,2.59
17161,Rock Island,IL,7.84
17163,St. Clair,IL,7.36
17165,Saline,IL,3.03
17167,Sangamon,IL,8.58
17169,Schuyler,IL,
17171,Scott,IL,2.09
17173,Shelby,IL,2.41
17175,Stark,IL,1.87
17177,Stephenson,IL,5.04
17179,Tazewell,IL,5.85
17181,Union,IL,7.16
17183,Vermilion,IL,3.73
17185,Wabash,IL,4.51
17187,Warren,IL,3.67
17189,Washington,IL,2.93
17191,Wayne,IL,2.52
17193,White,IL,4.41
17195,Whiteside,IL,4.21
17197,Will,IL,6.00
17199,Williamson,IL,6.75
17201,Winnebago,IL,8.54
17203,Woodford,IL,1.84
18001,Adams,IN,3.88
18003,Allen,IN,6.90
18005,Bartholomew,IN,7.90
18007,Benton,IN,4.59
18009,Blackford,IN,1.68
18011,Boone,IN,4.85
18013,Brown,IN,0.64
18015,Carroll,IN,3.89
18017,Cass,IN,3.20
18019,Clark,IN,3.86
18021,Clay,IN,2.27
18023,Clinton,IN,4.57
18025,Crawford,IN,
18027,Daviess,IN,2.99
18029,Dearborn,IN,2.35
18031,Decatur,IN,3.79
18033,DeKalb,IN,4.34
18035,Delaware,IN,6.51
18037,Dubois,IN,7.79
18039,Elkhart,IN,4.11
18041,Fayette,IN,3.43
18043,Floyd,IN,8.55
18045,Fountain,IN,3.62
18047,Franklin,IN,6.95
18049,Fulton,IN,4.43
18051,Gibson,IN,5.76
18053,Grant,IN,6.36
18055,Greene,IN,4.51
18057,Hamilton,IN,7.42
18059,Hancock,IN,3.37
18061,Harrison,IN,4.01
18063,Hendricks,IN,4.66
18065,Henry,IN,3.68
18067,Howard,IN,8.98
18069,Huntington,IN,4.07
18071,Jackson,IN,6.26
18073,Jasper,IN,3.61
18075,Jay,IN,2.48
18077,Jefferson,IN,6.07
18079,Jennings,IN,2.54
18081,Johnson,IN,6.76
18083,Knox,IN,5.03
18085,Kosciusko,IN,3.22
18087,LaGrange,IN,3.18
18089,Lake,IN,6.35
18091,LaPorte,IN,5.55
18093,Lawrence,IN,4.42
18095,Madison,IN,5.62
18097,Marion,IN,9.41
18099,Marshall,IN,4.53
18101,Martin,IN,2.04
18103,Miami,IN,2.52
18105,Monroe,IN,6.15
18107,Montgomery,IN,7.05
18109,Morgan,IN,4.71
18111,Newton,IN,1.45
18113,Noble,IN,2.53
18115,Ohio,IN,3.27
18117,Orange,IN,3.06
18119,Owen,IN,1.86
18121,Parke,IN,1.83
18123,Perry,IN,3.13
18125,Pike,IN,0.82
18127,Porter,IN,6.01
18129,Posey,IN,2.39
18131,Pulaski,IN,1.60
18133,Putnam,IN,4.56
18135,Randolph,IN,2.86
18137,Ripley,IN,1.03
18139,Rush,IN,4.20
18141,St. Joseph,IN,6.39
18143,Scott,IN,2.85
18145,Shelby,IN,3.78
18147,Spencer,IN,3.00
18149,Starke,IN,2.15
18151,Steuben,IN,4.61
18153,Sullivan,IN,2.42
18155,Switzerland,IN,1.00
18157,Tippecanoe,IN,5.35
18159,Tipton,IN,5.86
18161,Union,IN,
18163,Vanderburgh,IN,7.29
18165,Vermillion,IN,4.53
18167,Vigo,IN,5.75
18169,Wabash,IN,3.57
18171,Warren,IN,1.18
18173,Warrick,IN,3.99
18175,Washington,IN,1.77
18177,Wayne,IN,6.64
18179,Wells,IN,2.82
18181,White,IN,3.66
18183,Whitley,IN,4.62
19001,Adair,IA,5.34
19003,Adams,IA,8.31
19005,Allamakee,IA,3.58
19007,Appanoose,IA,3.31
19009,Audubon,IA,3.57
19011,Benton,IA,2.33
19013,Black Hawk,IA,7.91
19015,Boone,IA,4.13
19017,Bremer,IA,5.94
19019,Buchanan,IA,3.38
19021,Buena Vista,IA,6.31
19023,Butler,IA,2.10
19025,Calhoun,IA,4.11
19027,Carroll,IA,7.29
19029,Cass,IA,10.68
19031,Cedar,IA,5.43
19033,Cerro Gordo,IA,9.67
19035,Cherokee,IA,2.61
19037,Chickasaw,IA,4.27
19039,Clarke,IA,3.10
19041,Clay,IA,10.32
19043,Clayton,IA,4.70
19045,Clinton,IA,5.83
19047,Crawford,IA,5.58
19049,Dallas,IA,2.87
19051,Davis,IA,2.19
19053,Decatur,IA,6.51
19055,Delaware,IA,5.12
19057,Des Moines,IA,6.27
19059,Dickinson,IA,7.21
19061,Dubuque,IA,8.11
19063,Emmet,IA,4.36
19065,Fayette,IA,5.70
19067,Floyd,IA,5.87
19069,Franklin,IA,4.03
19071,Fremont,IA,1.55
19073,Greene,IA,3.43
19075,Grundy,IA,2.43
19077,Guthrie,IA,3.76
19079,Hamilton,IA,3.37
19081,Hancock,IA,6.55
19083,Hardin,IA,7.24
19085,Harrison,IA,4.78
19087,Henry,IA,6.44
19089,Howard,IA,2.10
19091,Humboldt,IA,4.18
19093,Ida,IA,4.36
19095,Iowa,IA,3.64
19097,Jackson,IA,5.18
19099,Jasper,IA,5.27
19101,Jefferson,IA,7.01
19103,Johnson,IA,23.58
19105,Jones,IA,3.84
19107,Keokuk,IA,4.04
19109,Kossuth,IA,5.53
19111,Lee,IA,5.48
19113,Linn,IA,7.42
19115,Louisa,IA,3.75
19117,Lucas,IA,4.60
19119,Lyon,IA,4.11
19121,Madison,IA,3.52
19123,Mahaska,IA,5.01
19125,Marion,IA,5.95
19127,Marshall,IA,7.02
19129,Mills,IA,3.44
19131,Mitchell,IA,4.75
19133,Monona,IA,3.53
19135,Monroe,IA,3.97
19137,Montgomery,IA,4.90
19139,Muscatine,IA,5.90
19141,O'Brien,IA,4.98
19143,Osceola,IA,1.66
19145,Page,IA,9.90
19147,Palo Alto,IA,2.28
19149,Plymouth,IA,5.06
19151,Pocahontas,IA,5.67
19153,Polk,IA,7.94
19155,Pottawattamie,IA,5.90
19157,Poweshiek,IA,5.96
19159,Ringgold,IA,
19161,Sac,IA,3.10
19163,Scott,IA,8.34
19165,Shelby,IA,6.01
19167,Sioux,IA,5.27
19169,Story,IA,5.12
19171,Tama,IA,1.77
19173,Taylor,IA,3.41
19175,Union,IA,5.05
19177,Van Buren,IA,1.38
19179,Wapello,IA,7.99
19181,Warren,IA,3.68
19183,Washington,IA,3.99
19185,Wayne,IA,4.64
19187,Webster,IA,8.19
19189,Winnebago,IA,6.59
19191,Winneshiek,IA,6.51
19193,Woodbury,IA,6.91
19195,Worth,IA,1.37
19197,Wright,IA,3.94
20001,Allen,KS,6.36
20003,Anderson,KS,2.57
20005,Atchison,KS,8.07
20007,Barber,KS,
20009,Barton,KS,5.58
20011,Bourbon,KS,2.76
20013,Brown,KS,5.34
20015,Butler,KS,2.64
20017,Chase,KS,0.00
20019,Chautauqua,KS,5.85
20021,Cherokee,KS,2.62
20023,Cheyenne,KS,7.74
20025,Clark,KS,5.17
20027,Clay,KS,3.73
20029,Cloud,KS,3.35
20031,Coffey,KS,3.62
20033,Comanche,KS,0.00
20035,Cowley,KS,5.52
20037,Crawford,KS,5.63
20039,Decatur,KS,0.00
20041,Dickinson,KS,2.17
20043,Doniphan,KS,
20045,Douglas,KS,6.67
20047,Edwards,KS,3.65
20049,Elk,KS,0.00
20051,Ellis,KS,10.02
20053,Ellsworth,KS,3.15
20055,Finney,KS,6.64
20057,Ford,KS,6.50
20059,Franklin,KS,3.08
20061,Geary,KS,11.48
20063,Gove,KS,3.68
20065,Graham,KS,0.00
20067,Grant,KS,5.56
20069,Gray,KS,
20071,Greeley,KS,0.00
20073,Greenwood,KS,3.37
20075,Hamilton,KS,4.12
20077,Harper,KS,7.51
20079,Harvey,KS,7.40
20081,Haskell,KS,0.00
20083,Hodgeman,KS,0.00
20085,Jackson,KS,5.27
20087,Jefferson,KS,1.64
20089,Jewell,KS,0.00
20091,Johnson,KS,8.93
20093,Kearny,KS,2.59
20095,Kingman,KS,1.39
20097,Kiowa,KS,0.00
20099,Labette,KS,4.56
20101,Lane,KS,0.00
20103,Leavenworth,KS,5.43
20105,Lincoln,KS,0.00
20107,Linn,KS,4.08
20109,Logan,KS,11.09
20111,Lyon,KS,6.27
20113,McPherson,KS,5.00
20115,Marion,KS,4.21
20117,Marshall,KS,7.01
20119,Meade,KS,5.13
20121,Miami,KS,2.87
20123,Mitchell,KS,6.97
20125,Montgomery,KS,5.49
20127,Morris,KS,1.87
20129,Morton,KS,0.00
20131,Nemaha,KS,9.88
20133,Neosho,KS,3.20
20135,Ness,KS,0.00
20137,Norton,KS,5.66
20139,Osage,KS,1.28
20141,Osborne,KS,5.73
20143,Ottawa,KS,6.90
20145,Pawnee,KS,1.62
20147,Phillips,KS,4.16
20149,Pottawatomie,KS,2.28
20151,Pratt,KS,7.72
20153,Rawlins,KS,7.91
20155,Reno,KS,5.85
20157,Republic,KS,2.15
20159,Rice,KS,3.19
20161,Riley,KS,6.19
20163,Rooks,KS,4.15
20165,Rush,KS,3.42
20167,Russell,KS,4.52
20169,Saline,KS,8.40
20171,Scott,KS,3.99
20173,Sedgwick,KS,6.98
20175,Seward,KS,3.28
20177,Shawnee,KS,6.82
20179,Sheridan,KS,4.12
20181,Sherman,KS,6.86
20183,Smith,KS,5.66
20185,Stafford,KS,2.50
20187,Stanton,KS,0.00
20189,Stevens,KS,3.86
20191,Sumner,KS,3.12
20193,Thomas,KS,5.07
20195,Trego,KS,0.00
20197,Wabaunsee,KS,
20199,Wallace,KS,0.00
20201,Washington,KS,1.82
20203,Wichita,KS,4.84
20205,Wilson,KS,3.48
20207,Woodson,KS,3.22
20209,Wyandotte,KS,4.41
21001,Adair,KY,1.57
21003,Allen,KY,2.82
21005,Anderson,KY,4.13
21007,Ballard,KY,2.61
21009,Barren,KY,3.34
21011,Bath,KY,0.78
21013,Bell,KY,7.22
21015,Boone,KY,6.83
21017,Bourbon,KY,7.46
21019,Boyd,KY,7.27
21021,Boyle,KY,8.09
21023,Bracken,KY,3.55
21025,Breathitt,KY,1.50
21027,Breckinridge,KY,1.43
21029,Bullitt,KY,3.34
21031,Butler,KY,0.81
21033,Caldwell,KY,3.98
21035,Calloway,KY,4.78
21037,Campbell,KY,5.04
21039,Carlisle,KY,2.12
21041,Carroll,KY,2.74
21043,Carter,KY,1.52
21045,Casey,KY,1.88
21047,Christian,KY,16.03
21049,Clark,KY,5.40
21051,Clay,KY,2.01
21053,Clinton,KY,3.29
21055,Crittenden,KY,1.11
21057,Cumberland,KY,8.41
21059,Daviess,KY,6.59
21061,Edmonson,KY,1.63
21063,Elliott,KY,4.11
21065,Estill,KY,4.99
21067,Fayette,KY,15.02
21069,Fleming,KY,2.62
21071,Floyd,KY,7.43
21073,Franklin,KY,7.75
21075,Fulton,KY,1.57
21077,Gallatin,KY,1.14
21079,Garrard,KY,2.27
21081,Grant,KY,3.14
21083,Graves,KY,4.12
21085,Grayson,KY,3.38
21087,Green,KY,3.52
21089,Greenup,KY,3.67
21091,Hancock,KY,6.65
21093,Hardin,KY,9.39
21095,Harlan,KY,3.12
21097,Harrison,KY,3.66
21099,Hart,KY,2.55
21101,Henderson,KY,5.22
21103,Henry,KY,3.80
21105,Hickman,KY,2.26
21107,Hopkins,KY,4.91
21109,Jackson,KY,3.08
21111,Jefferson,KY,10.59
21113,Jessamine,KY,3.69
21115,Johnson,KY,1.35
21117,Kenton,KY,5.52
21119,Knott,KY,3.60
21121,Knox,KY,3.02
21123,Larue,KY,1.98
21125,Laurel,KY,3.98
21127,Lawrence,KY,2.48
21129,Lee,KY,1.38
21131,Leslie,KY,1.98
21133,Letcher,KY,3.83
21135,Lewis,KY,3.09
21137,Lincoln,KY,0.82
21139,Livingston,KY,1.12
21141,Logan,KY,2.51
21143,Lyon,KY,2.20
21145,McCracken,KY,9.34
21147,McCreary,KY,1.20
21149,McLean,KY,1.10
21151,Madison,KY,4.73
21153,Magoffin,KY,3.52
21155,Marion,KY,3.03
21157,Marshall,KY,3.46
21159,Martin,KY,0.90
21161,Mason,KY,8.27
21163,Meade,KY,2.33
21165,Menifee,KY,1.60
21167,Mercer,KY,2.18
21169,Metcalfe,KY,1.93
21171,Monroe,KY,5.28
21173,Montgomery,KY,5.29
21175,Morgan,KY,2.83
21177,Muhlenberg,KY,2.63
21179,Nelson,KY,5.70
21181,Nicholas,KY,1.28
21183,Ohio,KY,2.55
21185,Oldham,KY,4.03
21187,Owen,KY,4.43
21189,Owsley,KY,5.09
21191,Pendleton,KY,1.36
21193,Perry,KY,7.31
21195,Pike,KY,7.82
21197,Powell,KY,3.06
21199,Pulaski,KY,6.99
21201,Robertson,KY,0.00
21203,Rockcastle,KY,1.23
21205,Rowan,KY,6.15
21207,Russell,KY,2.75
21209,Scott,KY,4.23
21211,Shelby,KY,4.30
21213,Simpson,KY,5.01
21215,Spencer,KY,2.47
21217,Taylor,KY,3.03
21219,Todd,KY,0.81
21221,Trigg,KY,1.40
21223,Trimble,KY,1.17
21225,Union,KY,6.17
21227,Warren,KY,6.58
21229,Washington,KY,4.98
21231,Wayne,KY,3.05
21233,Webster,KY,1.57
21235,Whitley,KY,7.59
21237,Wolfe,KY,1.56
21239,Woodford,KY,4.80
22001,Acadia,LA,4.41
22003,Allen,LA,3.14
22005,Ascension,LA,4.22
22007,Assumption,LA,0.97
22009,Avoyelles,LA,2.58
22011,Beauregard,LA,1.91
22013,Bienville,LA,3.16
22015,Bossier,LA,5.49
22017,Caddo,LA,8.64
22019,Calcasieu,LA,5.88
22021,Caldwell,LA,3.14
22023,Cameron,LA,
22025,Catahoula,LA,2.33
22027,Claiborne,LA,3.64
22029,Concordia,LA,4.97
22031,De Soto,LA,0.74
22033,East Baton Rouge,LA,7.48
22035,East Carroll,LA,2.86
22037,East Feliciana,LA,5.22
22039,Evangeline,LA,3.44
22041,Franklin,LA,1.55
22043,Grant,LA,1.36
22045,Iberia,LA,6.00
22047,Iberville,LA,4.07
22049,Jackson,LA,1.35
22051,Jefferson,LA,8.78
22053,Jefferson Davis,LA,2.19
22055,Lafayette,LA,7.06
22057,Lafourche,LA,4.80
22059,LaSalle,LA,2.04
22061,Lincoln,LA,4.16
22063,Livingston,LA,3.71
22065,Madison,LA,3.17
22067,Morehouse,LA,3.68
22069,Natchitoches,LA,2.45
22071,Orleans,LA,8.33
22073,Ouachita,LA,6.47
22075,Plaquemines,LA,2.66
22077,Pointe Coupee,LA,3.47
22079,Rapides,LA,5.27
22081,Red River,LA,2.70
22083,Richland,LA,4.54
22085,Sabine,LA,0.91
22087,St. Bernard,LA,3.82
22089,St. Charles,LA,4.71
22091,St. Helena,LA,0.92
22093,St. James,LA,4.12
22095,St. John the Baptist,LA,3.76
22097,St. Landry,LA,3.18
22099,St. Martin,LA,1.95
22101,St. Mary,LA,3.77
22103,St. Tammany,LA,8.20
22105,Tangipahoa,LA,5.04
22107,Tensas,LA,7.80
22109,Terrebonne,LA,5.92
22111,Union,LA,0.97
22113,Vermilion,LA,2.81
22115,Vernon,LA,5.93
22117,Washington,LA,3.55
22119,Webster,LA,3.09
22121,West Baton Rouge,LA,1.78
22123,West Carroll,LA,2.11
22125,West Feliciana,LA,3.90
22127,Winn,LA,4.54
23001,Androscoggin,ME,6.02
23003,Aroostook,ME,6.39
23005,Cumberland,ME,11.06
23007,Franklin,ME,3.61
23009,Hancock,ME,4.94
23011,Kennebec,ME,8.53
23013,Knox,ME,7.53
23015,Lincoln,ME,3.31
23017,Oxford,ME,3.87
23019,Penobscot,ME,8.78
23021,Piscataquis,ME,3.44
23023,Sagadahoc,ME,6.42
23025,Somerset,ME,2.35
23027,Waldo,ME,3.48
23029,Washington,ME,5.09
23031,York,ME,5.31
24001,Allegany,MD,7.73
24003,Anne Arundel,MD,7.30
24005,Baltimore,MD,7.91
24009,Calvert,MD,5.08
24011,Caroline,MD,6.88
24013,Carroll,MD,5.59
24015,Cecil,MD,4.10
24017,Charles,MD,6.29
24019,Dorchester,MD,6.72
24021,Frederick,MD,6.65
24023,Garrett,MD,4.90
24025,Harford,MD,6.56
24027,Howard,MD,8.98
24029,Kent,MD,4.66
24031,Montgomery,MD,12.69
24033,Prince George's,MD,6.34
24035,Queen Anne's,MD,4.64
24037,St. Mary's,MD,5.14
24039,Somerset,MD,21.98
24041,Talbot,MD,8.17
24043,Washington,MD,5.59
24045,Wicomico,MD,8.03
24047,Worcester,MD,6.13
24510,Baltimore,MD,8.58
25001,Barnstable,MA,9.68
25003,Berkshire,MA,8.99
25005,Bristol,MA,6.84
25007,Dukes,MA,5.75
25009,Essex,MA,9.25
25011,Franklin,MA,6.91
25013,Hampden,MA,9.13
25015,Hampshire,MA,7.63
25017,Middlesex,MA,10.52
25019,Nantucket,MA,6.24
25021,Norfolk,MA,12.33
25023,Plymouth,MA,7.37
25025,Suffolk,MA,24.51
25027,Worcester,MA,7.75
26001,Alcona,MI,0.96
26003,Alger,MI,4.54
26005,Allegan,MI,3.47
26007,Alpena,MI,9.71
26009,Antrim,MI,3.30
26011,Arenac,MI,5.30
26013,Baraga,MI,7.25
26015,Barry,MI,2.36
26017,Bay,MI,7.00
26019,Benzie,MI,6.01
26021,Berrien,MI,5.62
26023,Branch,MI,4.71
26025,Calhoun,MI,7.20
26027,Cass,MI,2.92
26029,Charlevoix,MI,13.70
26031,Cheboygan,MI,3.86
26033,Chippewa,MI,6.06
26035,Clare,MI,2.87
26037,Clinton,MI,3.13
26039,Crawford,MI,3.71
26041,Delta,MI,6.53
26043,Dickinson,MI,10.82
26045,Eaton,MI,6.97
26047,Emmet,MI,11.71
26049,Genesee,MI,7.69
26051,Gladwin,MI,2.33
26053,Gogebic,MI,4.89
26055,Grand Traverse,MI,10.57
26057,Gratiot,MI,4.14
26059,Hillsdale,MI,3.71
26061,Houghton,MI,7.29
26063,Huron,MI,5.44
26065,Ingham,MI,8.06
26067,Ionia,MI,4.19
26069,Iosco,MI,6.27
26071,Iron,MI,3.44
26073,Isabella,MI,7.29
26075,Jackson,MI,6.81
26077,Kalamazoo,MI,7.62
26079,Kalkaska,MI,3.85
26081,Kent,MI,7.97
26083,Keweenaw,MI,0.00
26085,Lake,MI,8.73
26087,Lapeer,MI,5.41
26089,Leelanau,MI,4.37
26091,Lenawee,MI,4.87
26093,Livingston,MI,6.27
26095,Luce,MI,5.63
26097,Mackinac,MI,8.22
26099,Macomb,MI,9.38
26101,Manistee,MI,7.12
26103,Marquette,MI,9.00
26105,Mason,MI,6.12
26107,Mecosta,MI,4.42
26109,Menominee,MI,5.16
26111,Midland,MI,7.53
26113,Missaukee,MI,1.97
26115,Monroe,MI,4.63
26117,Montcalm,MI,4.60
26119,Montmorency,MI,4.18
26121,Muskegon,MI,7.14
26123,Newaygo,MI,5.70
26125,Oakland,MI,11.24
26127,Oceana,MI,2.97
26129,Ogemaw,MI,4.29
26131,Ontonagon,MI,5.12
26133,Osceola,MI,1.72
26135,Oscoda,MI,2.38
26137,Otsego,MI,7.02
26139,Ottawa,MI,6.15
26141,Presque Isle,MI,2.25
26143,Roscommon,MI,4.22
26145,Saginaw,MI,8.07
26147,St. Clair,MI,6.31
26149,St. Joseph,MI,3.29
26151,Sanilac,MI,3.44
26153,Schoolcraft,MI,7.33
26155,Shiawassee,MI,4.41
26157,Tuscola,MI,3.59
26159,Van Buren,MI,3.44
26161,Washtenaw,MI,20.66
26163,Wayne,MI,7.70
26165,Wexford,MI,7.31
27001,Aitkin,MN,3.10
27003,Anoka,MN,6.56
27005,Becker,MN,7.07
27007,Beltrami,MN,7.91
27009,Benton,MN,3.38
27011,Big Stone,MN,3.89
27013,Blue Earth,MN,9.34
27015,Brown,MN,6.22
27017,Carlton,MN,6.54
27019,Carver,MN,5.18
27021,Cass,MN,6.72
27023,Chippewa,MN,4.89
27025,Chisago,MN,4.31
27027,Clay,MN,4.85
27029,Clearwater,MN,3.47
27031,Cook,MN,5.25
27033,Cottonwood,MN,5.28
27035,Crow Wing,MN,8.24
27037,Dakota,MN,7.42
27039,Dodge,MN,1.91
27041,Douglas,MN,7.56
27043,Faribault,MN,3.59
27045,Fillmore,MN,5.60
27047,Freeborn,MN,4.23
27049,Goodhue,MN,5.00
27051,Grant,MN,3.26
27053,Hennepin,MN,10.57
27055,Houston,MN,5.32
27057,Hubbard,MN,2.73
27059,Isanti,MN,4.45
27061,Itasca,MN,7.96
27063,Jackson,MN,4.04
27065,Kanabec,MN,4.86
27067,Kandiyohi,MN,7.98
27069,Kittson,MN,4.93
27071,Koochiching,MN,3.38
27073,Lac qui Parle,MN,4.48
27075,Lake,MN,4.57
27077,Lake of the Woods,MN,2.58
27079,Le Sueur,MN,3.09
27081,Lincoln,MN,5.38
27083,Lyon,MN,5.54
27085,McLeod,MN,7.90
27087,Mahnomen,MN,
27089,Marshall,MN,2.26
27091,Martin,MN,7.63
27093,Meeker,MN,4.26
27095,Mille Lacs,MN,5.13
27097,Morrison,MN,3.80
27099,Mower,MN,5.48
27101,Murray,MN,2.48
27103,Nicollet,MN,7.84
27105,Nobles,MN,7.29
27107,Norman,MN,6.27
27109,Olmsted,MN,13.30
27111,Otter Tail,MN,6.94
27113,Pennington,MN,5.78
27115,Pine,MN,3.74
27117,Pipestone,MN,4.28
27119,Polk,MN,4.56
27121,Pope,MN,2.62
27123,Ramsey,MN,9.56
27125,Red Lake,MN,0.00
27127,Redwood,MN,3.91
27129,Renville,MN,6.20
27131,Rice,MN,5.76
27133,Rock,MN,3.15
27135,Roseau,MN,5.89
27137,St. Louis,MN,9.78
27139,Scott,MN,4.66
27141,Sherburne,MN,4.07
27143,Sibley,MN,3.34
27145,Stearns,MN,8.17
27147,Steele,MN,8.55
27149,Stevens,MN,9.34
27151,Swift,MN,4.10
27153,Todd,MN,4.70
27155,Traverse,MN,6.11
27157,Wabasha,MN,7.85
27159,Wadena,MN,7.69
27161,Waseca,MN,5.82
27163,Washington,MN,7.72
27165,Watonwan,MN,5.42
27167,Wilkin,MN,3.15
27169,Winona,MN,6.67
27171,Wright,MN,3.99
27173,Yellow Medicine,MN,4.22
28001,Adams,MS,5.28
28003,Alcorn,MS,5.85
28005,Amite,MS,2.38
28007,Attala,MS,3.43
28009,Benton,MS,2.65
28011,Bolivar,MS,4.43
28013,Calhoun,MS,2.35
28015,Carroll,MS,2.06
28017,Chickasaw,MS,4.16
28019,Choctaw,MS,3.73
28021,Claiborne,MS,3.41
28023,Clarke,MS,1.31
28025,Clay,MS,2.18
28027,Coahoma,MS,4.95
28029,Copiah,MS,4.33
28031,Covington,MS,3.32
28033,DeSoto,MS,3.86
28035,Forrest,MS,4.35
28037,Franklin,MS,1.31
28039,George,MS,3.17
28041,Greene,MS,1.48
28043,Grenada,MS,4.74
28045,Hancock,MS,2.60
28047,Harrison,MS,7.25
28049,Hinds,MS,10.52
28051,Holmes,MS,4.34
28053,Humphreys,MS,2.73
28055,Issaquena,MS,0.00
28057,Itawamba,MS,1.67
28059,Jackson,MS,4.21
28061,Jasper,MS,3.09
28063,Jefferson,MS,
28065,Jefferson Davis,MS,3.61
28067,Jones,MS,5.71
28069,Kemper,MS,2.31
28071,Lafayette,MS,5.03
28073,Lamar,MS,10.94
28075,Lauderdale,MS,7.33
28077,Lawrence,MS,1.71
28079,Leake,MS,2.84
28081,Lee,MS,7.47
28083,Leflore,MS,4.89
28085,Lincoln,MS,4.32
28087,Lowndes,MS,5.73
28089,Madison,MS,7.74
28091,Marion,MS,2.08
28093,Marshall,MS,1.47
28095,Monroe,MS,4.76
28097,Montgomery,MS,3.15
28099,Neshoba,MS,5.93
28101,Newton,MS,2.38
28103,Noxubee,MS,4.00
28105,Oktibbeha,MS,4.08
28107,Panola,MS,4.59
28109,Pearl River,MS,2.27
28111,Perry,MS,0.88
28113,Pike,MS,5.55
28115,Pontotoc,MS,0.96
28117,Prentiss,MS,4.03
28119,Quitman,MS,1.75
28121,Rankin,MS,6.61
28123,Scott,MS,4.33
28125,Sharkey,MS,0.00
28127,Simpson,MS,3.52
28129,Smith,MS,4.26
28131,Stone,MS,2.14
28133,Sunflower,MS,4.03
28135,Tallahatchie,MS,2.49
28137,Tate,MS,3.89
28139,Tippah,MS,1.87
28141,Tishomingo,MS,0.54
28143,Tunica,MS,
28145,Union,MS,4.62
28147,Walthall,MS,2.18
28149,Warren,MS,6.33
28151,Washington,MS,4.23
28153,Wayne,MS,1.52
28155,Webster,MS,3.00
28157,Wilkinson,MS,2.46
28159,Winston,MS,2.85
28161,Yalobusha,MS,1.62
28163,Yazoo,MS,2.70
29001,Adair,MO,8.74
29003,Andrew,MO,2.78
29005,Atchison,MO,3.86
29007,Audrain,MO,4.91
29009,Barry,MO,3.15
29011,Barton,MO,1.71
29013,Bates,MO,2.47
29015,Benton,MO,1.48
29017,Bollinger,MO,2.85
29019,Boone,MO,7.46
29021,Buchanan,MO,7.72
29023,Butler,MO,7.35
29025,Caldwell,MO,2.24
29027,Callaway,MO,2.68
29029,Camden,MO,6.17
29031,Cape Girardeau,MO,7.12
29033,Carroll,MO,3.56
29035,Carter,MO,3.80
29037,Cass,MO,4.08
29039,Cedar,MO,3.42
29041,Chariton,MO,1.35
29043,Christian,MO,3.11
29045,Clark,MO,2.97
29047,Clay,MO,6.42
29049,Clinton,MO,4.22
29051,Cole,MO,6.63
29053,Cooper,MO,2.98
29055,Crawford,MO,1.32
29057,Dade,MO,1.31
29059,Dallas,MO,2.84
29061,Daviess,MO,2.37
29063,DeKalb,MO,0.88
29065,Dent,MO,2.07
29067,Douglas,MO,2.51
29069,Dunklin,MO,2.55
29071,Franklin,MO,5.38
29073,Gasconade,MO,2.03
29075,Gentry,MO,4.80
29077,Greene,MO,7.65
29079,Grundy,MO,5.08
29081,Harrison,MO,3.66
29083,Henry,MO,7.13
29085,Hickory,MO,1.16
29087,Holt,MO,2.35
29089,Howard,MO,2.95
29091,Howell,MO,3.94
29093,Iron,MO,2.12
29095,Jackson,MO,9.39
29097,Jasper,MO,6.69
29099,Jefferson,MO,4.23
29101,Johnson,MO,5.15
29103,Knox,MO,5.30
29105,Laclede,MO,3.30
29107,Lafayette,MO,3.34
29109,Lawrence,MO,3.88
29111,Lewis,MO,1.01
29113,Lincoln,MO,1.58
29115,Linn,MO,2.54
29117,Livingston,MO,6.25
29119,McDonald,MO,2.12
29121,Macon,MO,3.99
29123,Madison,MO,2.35
29125,Maries,MO,3.56
29127,Marion,MO,8.44
29129,Mercer,MO,0.00
29131,Miller,MO,2.36
29133,Mississippi,MO,2.57
29135,Moniteau,MO,3.29
29137,Monroe,MO,1.16
29139,Montgomery,MO,1.74
29141,Morgan,MO,1.84
29143,New Madrid,MO,0.64
29145,Newton,MO,2.50
29147,Nodaway,MO,3.87
29149,Oregon,MO,1.15
29151,Osage,MO,2.24
29153,Ozark,MO,5.59
29155,Pemiscot,MO,0.67
29157,Perry,MO,5.30
29159,Pettis,MO,5.54
29161,Phelps,MO,7.50
29163,Pike,MO,3.40
29165,Platte,MO,6.06
29167,Polk,MO,4.28
29169,Pulaski,MO,12.79
29171,Putnam,MO,4.29
29173,Ralls,MO,0.96
29175,Randolph,MO,4.06
29177,Ray,MO,1.30
29179,Reynolds,MO,5.00
29181,Ripley,MO,
29183,St. Charles,MO,6.52
29185,St. Clair,MO,3.13
29186,Ste. Genevieve,MO,1.61
29187,St. Francois,MO,4.33
29189,St. Louis,MO,8.94
29195,Saline,MO,3.91
29197,Schuyler,MO,2.50
29199,Scotland,MO,2.15
29201,Scott,MO,6.08
29203,Shannon,MO,
29205,Shelby,MO,3.34
29207,Stoddard,MO,2.47
29209,Stone,MO,1.56
29211,Sullivan,MO,1.71
29213,Taney,MO,3.70
29215,Texas,MO,1.58
29217,Vernon,MO,6.11
29219,Warren,MO,2.42
29221,Washington,MO,3.84
29223,Wayne,MO,0.93
29225,Webster,MO,2.48
29227,Worth,MO,5.12
29229,Wright,MO,4.18
29510,St. Louis,MO,6.67
30001,Beaverhead,MT,4.12
30003,Big Horn,MT,7.00
30005,Blaine,MT,8.65
30007,Broadwater,MT,3.85
30009,Carbon,MT,6.26
30011,Carter,MT,0.00
30013,Cascade,MT,9.54
30015,Chouteau,MT,1.70
30017,Custer,MT,5.82
30019,Daniels,MT,18.42
30021,Dawson,MT,6.79
30023,Deer Lodge,MT,8.41
30025,Fallon,MT,3.32
30027,Fergus,MT,9.43
30029,Flathead,MT,6.97
30031,Gallatin,MT,6.97
30033,Garfield,MT,0.00
30035,Glacier,MT,4.39
30037,Golden Valley,MT,0.00
30039,Granite,MT,0.00
30041,Hill,MT,8.71
30043,Jefferson,MT,4.68
30045,Judith Basin,MT,0.00
30047,Lake,MT,8.22
30049,Lewis and Clark,MT,8.67
30051,Liberty,MT,10.14
30053,Lincoln,MT,6.97
30055,McCone,MT,0.00
30057,Madison,MT,2.16
30059,Meagher,MT,0.00
30061,Mineral,MT,1.98
30063,Missoula,MT,9.09
30065,Musselshell,MT,
30067,Park,MT,6.18
30069,Petroleum,MT,0.00
30071,Phillips,MT,
30073,Pondera,MT,
30075,Powder River,MT,0.00
30077,Powell,MT,2.84
30079,Prairie,MT,0.00
30081,Ravalli,MT,4.86
30083,Richland,MT,3.56
30085,Roosevelt,MT,6.62
30087,Rosebud,MT,6.18
30089,Sanders,MT,2.98
30091,Sheridan,MT,2.81
30093,Silver Bow,MT,9.15
30095,Stillwater,MT,3.27
30097,Sweet Grass,MT,2.69
30099,Teton,MT,4.71
30101,Toole,MT,7.87
30103,Treasure,MT,0.00
30105,Valley,MT,2.66
30107,Wheatland,MT,0.00
30109,Wibaux,MT,0.00
30111,Yellowstone,MT,10.01
31001,Adams,NE,6.78
31003,Antelope,NE,3.18
31005,Arthur,NE,0.00
31007,Banner,NE,0.00
31009,Blaine,NE,0.00
31011,Boone,NE,5.57
31013,Box Butte,NE,6.56
31015,Boyd,NE,0.00
31017,Brown,NE,10.45
31019,Buffalo,NE,8.50
31021,Burt,NE,2.96
31023,Butler,NE,2.37
31025,Cass,NE,2.58
31027,Cedar,NE,3.58
31029,Chase,NE,2.65
31031,Cherry,NE,18.32
31033,Cheyenne,NE,3.15
31035,Clay,NE,
31037,Colfax,NE,1.91
31039,Cuming,NE,6.72
31041,Custer,NE,4.77
31043,Dakota,NE,3.33
31045,Dawes,NE,12.14
31047,Dawson,NE,5.86
31049,Deuel,NE,10.52
31051,Dixon,NE,3.66
31053,Dodge,NE,8.65
31055,Douglas,NE,10.15
31057,Dundy,NE,12.58
31059,Fillmore,NE,5.40
31061,Franklin,NE,3.48
31063,Frontier,NE,0.00
31065,Furnas,NE,4.37
31067,Gage,NE,6.49
31069,Garden,NE,5.44
31071,Garfield,NE,11.10
31073,Gosper,NE,0.00
31075,Grant,NE,0.00
31077,Greeley,NE,0.00
31079,Hall,NE,9.02
31081,Hamilton,NE,5.30
31083,Harlan,NE,3.27
31085,Hayes,NE,0.00
31087,Hitchcock,NE,0.00
31089,Holt,NE,9.96
31091,Hooker,NE,14.58
31093,Howard,NE,3.07
31095,Jefferson,NE,4.19
31097,Johnson,NE,1.89
31099,Kearney,NE,4.48
31101,Keith,NE,6.05
31103,Keya Paha,NE,0.00
31105,Kimball,NE,3.02
31107,Knox,NE,9.60
31109,Lancaster,NE,10.68
31111,Lincoln,NE,8.01
31113,Logan,NE,0.00
31115,Loup,NE,0.00
31117,McPherson,NE,0.00
31119,Madison,NE,13.57
31121,Merrick,NE,6.48
31123,Morrill,NE,4.42
31125,Nance,NE,9.02
31127,Nemaha,NE,4.26
31129,Nuckolls,NE,7.42
31131,Otoe,NE,5.56
31133,Pawnee,NE,11.86
31135,Perkins,NE,3.53
31137,Phelps,NE,6.68
31139,Pierce,NE,4.09
31141,Platte,NE,5.25
31143,Polk,NE,3.87
31145,Red Willow,NE,9.46
31147,Richardson,NE,3.89
31149,Rock,NE,0.00
31151,Saline,NE,5.67
31153,Sarpy,NE,7.23
31155,Saunders,NE,3.03
31157,Scotts Bluff,NE,6.18
31159,Seward,NE,4.52
31161,Sheridan,NE,4.00
31163,Sherman,NE,0.00
31165,Sioux,NE,0.00
31167,Stanton,NE,
31169,Thayer,NE,2.05
31171,Thomas,NE,0.00
31173,Thurston,NE,9.22
31175,Valley,NE,9.82
31177,Washington,NE,3.31
31179,Wayne,NE,5.07
31181,Webster,NE,0.00
31183,Wheeler,NE,0.00
31185,York,NE,6.27
32001,Churchill,NV,6.58
32003,Clark,NV,6.69
32005,Douglas,NV,7.46
32007,Elko,NV,4.81
32009,Esmeralda,NV,0.00
32011,Eureka,NV,10.73
32013,Humboldt,NV,4.05
32015,Lander,NV,1.73
32017,Lincoln,NV,4.46
32019,Lyon,NV,1.95
32021,Mineral,NV,6.63
32023,Nye,NV,1.83
32027,Pershing,NV,4.64
32029,Storey,NV,
32031,Washoe,NV,7.05
32033,White Pine,NV,3.41
32510,Carson City,NV,9.12
33001,Belknap,NH,6.64
33003,Carroll,NH,6.71
33005,Cheshire,NH,7.89
33007,Coos,NH,7.30
33009,Grafton,NH,8.34
33011,Hillsborough,NH,8.30
33013,Merrimack,NH,7.82
33015,Rockingham,NH,7.64
33017,Strafford,NH,7.33
33019,Sullivan,NH,3.87
34001,Atlantic,NJ,5.98
34003,Bergen,NJ,13.33
34005,Burlington,NJ,7.32
34007,Camden,NJ,8.14
34009,Cape May,NJ,5.96
34011,Cumberland,NJ,6.41
34013,Essex,NJ,9.19
34015,Gloucester,NJ,4.47
34017,Hudson,NJ,6.74
34019,Hunterdon,NJ,8.40
34021,Mercer,NJ,8.46
34023,Middlesex,NJ,8.90
34025,Monmouth,NJ,10.42
34027,Morris,NJ,11.35
34029,Ocean,NJ,5.95
34031,Passaic,NJ,7.16
34033,Salem,NJ,3.07
34035,Somerset,NJ,9.83
34037,Sussex,NJ,6.98
34039,Union,NJ,8.90
34041,Warren,NJ,7.12
35001,Bernalillo,NM,8.80
35003,Catron,NM,2.61
35005,Chaves,NM,5.63
35006,Cibola,NM,6.68
35007,Colfax,NM,4.08
35009,Curry,NM,8.20
35011,De Baca,NM,11.81
35013,Doña Ana,NM,6.00
35015,Eddy,NM,3.31
35017,Grant,NM,5.78
35019,Guadalupe,NM,4.64
35021,Harding,NM,0.00
35023,Hidalgo,NM,12.48
35025,Lea,NM,3.45
35027,Lincoln,NM,4.41
35028,Los Alamos,NM,9.90
35029,Luna,NM,3.88
35031,McKinley,NM,7.30
35033,Mora,NM,7.19
35035,Otero,NM,5.09
35037,Quay,NM,3.51
35039,Rio Arriba,NM,7.49
35041,Roosevelt,NM,3.70
35043,Sandoval,NM,4.30
35045,San Juan,NM,10.72
35047,San Miguel,NM,5.19
35049,Santa Fe,NM,8.93
35051,Sierra,NM,6.99
35053,Socorro,NM,4.97
35055,Taos,NM,4.92
35057,Torrance,NM,1.94
35059,Union,NM,0.00
35061,Valencia,NM,3.33
36001,Albany,NY,8.90
36003,Allegany,NY,3.21
36005,Bronx,NY,5.35
36007,Broome,NY,6.90
36009,Cattaraugus,NY,4.58
36011,Cayuga,NY,4.27
36013,Chautauqua,NY,5.48
36015,Chemung,NY,6.51
36017,Chenango,NY,3.23
36019,Clinton,NY,6.48
36021,Columbia,NY,3.59
36023,Cortland,NY,3.47
36025,Delaware,NY,2.01
36027,Dutchess,NY,7.16
36029,Erie,NY,8.26
36031,Essex,NY,2.71
36033,Franklin,NY,5.61
36035,Fulton,NY,2.47
36037,Genesee,NY,3.82
36039,Greene,NY,3.54
36041,Hamilton,NY,
36043,Herkimer,NY,4.01
36045,Jefferson,NY,9.35
36047,Kings,NY,6.50
36049,Lewis,NY,1.87
36051,Livingston,NY,5.04
36053,Madison,NY,3.58
36055,Monroe,NY,8.51
36057,Montgomery,NY,6.05
36059,Nassau,NY,12.14
36061,New York,NY,18.73
36063,Niagara,NY,4.84
36065,Oneida,NY,5.46
36067,Onondaga,NY,7.62
36069,Ontario,NY,6.04
36071,Orange,NY,6.65
36073,Orleans,NY,2.29
36075,Oswego,NY,4.65
36077,Otsego,NY,4.45
36079,Putnam,NY,6.22
36081,Queens,NY,7.45
36083,Rensselaer,NY,4.13
36085,Richmond,NY,6.29
36087,Rockland,NY,9.41
36089,St. Lawrence,NY,3.99
36091,Saratoga,NY,6.83
36093,Schenectady,NY,7.99
36095,Schoharie,NY,3.33
36097,Schuyler,NY,2.83
36099,Seneca,NY,3.04
36101,Steuben,NY,3.56
36103,Suffolk,NY,8.10
36105,Sullivan,NY,4.14
36107,Tioga,NY,1.67
36109,Tompkins,NY,6.01
36111,Ulster,NY,6.80
36113,Warren,NY,8.84
36115,Washington,NY,2.14
36117,Wayne,NY,4.94
36119,Westchester,NY,11.05
36121,Wyoming,NY,4.79
36123,Yates,NY,4.50
37001,Alamance,NC,5.61
37003,Alexander,NC,2.19
37005,Alleghany,NC,0.89
37007,Anson,NC,2.25
37009,Ashe,NC,4.06
37011,Avery,NC,4.55
37013,Beaufort,NC,3.84
37015,Bertie,NC,1.16
37017,Bladen,NC,4.42
37019,Brunswick,NC,4.18
37021,Buncombe,NC,7.82
37023,Burke,NC,4.89
37025,Cabarrus,NC,5.17
37027,Caldwell,NC,3.35
37029,Camden,NC,
37031,Carteret,NC,8.36
37033,Caswell,NC,2.21
37035,Catawba,NC,6.18
37037,Chatham,NC,5.01
37039,Cherokee,NC,4.07
37041,Chowan,NC,3.59
37043,Clay,NC,6.89
37045,Cleveland,NC,4.17
37047,Columbus,NC,2.81
37049,Craven,NC,6.15
37051,Cumberland,NC,11.17
37053,Currituck,NC,1.61
37055,Dare,NC,6.59
37057,Davidson,NC,2.20
37059,Davie,NC,4.08
37061,Duplin,NC,2.86
37063,Durham,NC,7.55
37065,Edgecombe,NC,2.90
37067,Forsyth,NC,6.55
37069,Franklin,NC,1.07
37071,Gaston,NC,5.51
37073,Gates,NC,0.96
37075,Graham,NC,2.51
37077,Granville,NC,2.91
37079,Greene,NC,3.46
37081,Guilford,NC,6.10
37083,Halifax,NC,3.13
37085,Harnett,NC,5.12
37087,Haywood,NC,4.47
37089,Henderson,NC,6.27
37091,Hertford,NC,4.31
37093,Hoke,NC,1.12
37095,Hyde,NC,
37097,Iredell,NC,5.72
37099,Jackson,NC,4.42
37101,Johnston,NC,2.60
37103,Jones,NC,
37105,Lee,NC,5.34
37107,Lenoir,NC,5.68
37109,Lincoln,NC,4.62
37111,McDowell,NC,4.47
37113,Macon,NC,6.04
37115,Madison,NC,2.30
37117,Martin,NC,2.32
37119,Mecklenburg,NC,7.19
37121,Mitchell,NC,6.63
37123,Montgomery,NC,2.70
37125,Moore,NC,5.88
37127,Nash,NC,6.16
37129,New Hanover,NC,8.30
37131,Northampton,NC,1.79
37133,Onslow,NC,10.52
37135,Orange,NC,23.31
37137,Pamlico,NC,3.23
37139,Pasquotank,NC,4.64
37141,Pender,NC,3.65
37143,Perquimans,NC,0.76
37145,Person,NC,4.32
37147,Pitt,NC,11.17
37149,Polk,NC,3.50
37151,Randolph,NC,3.83
37153,Richmond,NC,2.81
37155,Robeson,NC,3.17
37157,Rockingham,NC,3.81
37159,Rowan,NC,4.88
37161,Rutherford,NC,2.62
37163,Sampson,NC,3.38
37165,Scotland,NC,3.22
37167,Stanly,NC,3.74
37169,Stokes,NC,1.55
37171,Surry,NC,4.06
37173,Swain,NC,8.59
37175,Transylvania,NC,4.80
37177,Tyrrell,NC,0.00
37179,Union,NC,3.17
37181,Vance,NC,5.93
37183,Wake,NC,7.44
37185,Warren,NC,2.14
37187,Washington,NC,1.85
37189,Watauga,NC,7.62
37191,Wayne,NC,5.97
37193,Wilkes,NC,4.11
37195,Wilson,NC,4.46
37197,Yadkin,NC,2.14
37199,Yancey,NC,3.19
38001,Adams,ND,9.45
38003,Barnes,ND,6.51
38005,Benson,ND,3.47
38007,Billings,ND,0.00
38009,Bottineau,ND,3.14
38011,Bowman,ND,20.75
38013,Burke,ND,0.00
38015,Burleigh,ND,9.17
38017,Cass,ND,8.10
38019,Cavalier,ND,0.00
38021,Dickey,ND,6.09
38023,Divide,ND,0.00
38025,Dunn,ND,
38027,Eddy,ND,12.97
38029,Emmons,ND,3.08
38031,Foster,ND,11.83
38033,Golden Valley,ND,0.00
38035,Grand Forks,ND,8.56
38037,Grant,ND,4.46
38039,Griggs,ND,4.44
38041,Hettinger,ND,4.16
38043,Kidder,ND,0.00
38045,LaMoure,ND,
38047,Logan,ND,0.00
38049,McHenry,ND,
38051,McIntosh,ND,0.00
38053,McKenzie,ND,2.88
38055,McLean,ND,3.05
38057,Mercer,ND,8.40
38059,Morton,ND,2.67
38061,Mountrail,ND,6.46
38063,Nelson,ND,0.00
38065,Oliver,ND,0.00
38067,Pembina,ND,5.91
38069,Pierce,ND,12.69
38071,Ramsey,ND,9.55
38073,Ransom,ND,7.09
38075,Renville,ND,4.50
38077,Richland,ND,6.64
38079,Rolette,ND,9.22
38081,Sargent,ND,0.00
38083,Sheridan,ND,0.00
38085,Sioux,ND,5.39
38087,Slope,ND,0.00
38089,Stark,ND,4.88
38091,Steele,ND,0.00
38093,Stutsman,ND,7.45
38095,Towner,ND,0.00
38097,Traill,ND,2.51
38099,Walsh,ND,6.71
38101,Ward,ND,8.42
38103,Wells,ND,10.17
38105,Williams,ND,6.30
39001,Adams,OH,4.01
39003,Allen,OH,6.23
39005,Ashland,OH,4.22
39007,Ashtabula,OH,3.51
39009,Athens,OH,2.37
39011,Auglaize,OH,3.26
39013,Belmont,OH,4.73
39015,Brown,OH,1.60
39017,Butler,OH,5.23
39019,Carroll,OH,3.38
39021,Champaign,OH,3.36
39023,Clark,OH,6.01
39025,Clermont,OH,4.51
39027,Clinton,OH,2.86
39029,Columbiana,OH,2.69
39031,Coshocton,OH,3.28
39033,Crawford,OH,5.54
39035,Cuyahoga,OH,11.27
39037,Darke,OH,4.27
39039,Defiance,OH,3.93
39041,Delaware,OH,6.32
39043,Erie,OH,6.17
39045,Fairfield,OH,4.97
39047,Fayette,OH,5.20
39049,Franklin,OH,9.60
39051,Fulton,OH,4.50
39053,Gallia,OH,4.13
39055,Geauga,OH,4.61
39057,Greene,OH,9.20
39059,Guernsey,OH,5.25
39061,Hamilton,OH,7.61
39063,Hancock,OH,4.81
39065,Hardin,OH,1.64
39067,Harrison,OH,1.39
39069,Henry,OH,5.45
39071,Highland,OH,4.84
39073,Hocking,OH,2.15
39075,Holmes,OH,3.60
39077,Huron,OH,3.95
39079,Jackson,OH,3.07
39081,Jefferson,OH,4.82
39083,Knox,OH,4.91
39085,Lake,OH,6.73
39087,Lawrence,OH,3.35
39089,Licking,OH,3.81
39091,Logan,OH,3.69
39093,Lorain,OH,4.90
39095,Lucas,OH,7.50
39097,Madison,OH,2.99
39099,Mahoning,OH,7.40
39101,Marion,OH,5.88
39103,Medina,OH,5.56
39105,Meigs,OH,2.28
39107,Mercer,OH,3.54
39109,Miami,OH,4.90
39111,Monroe,OH,1.51
39113,Montgomery,OH,5.75
39115,Morgan,OH,2.19
39117,Morrow,OH,1.41
39119,Muskingum,OH,6.15
39121,Noble,OH,2.09
39123,Ottawa,OH,4.25
39125,Paulding,OH,1.60
39127,Perry,OH,3.38
39129,Pickaway,OH,4.16
39131,Pike,OH,4.44
39133,Portage,OH,5.25
39135,Preble,OH,1.48
39137,Putnam,OH,2.62
39139,Richland,OH,6.31
39141,Ross,OH,5.74
39143,Sandusky,OH,5.46
39145,Scioto,OH,3.60
39147,Seneca,OH,4.03
39149,Shelby,OH,2.94
39151,Stark,OH,6.33
39153,Summit,OH,6.74
39155,Trumbull,OH,4.89
39157,Tuscarawas,OH,4.02
39159,Union,OH,3.44
39161,Van Wert,OH,4.17
39163,Vinton,OH,2.39
39165,Warren,OH,4.32
39167,Washington,OH,6.11
39169,Wayne,OH,4.89
39171,Williams,OH,5.46
39173,Wood,OH,3.27
39175,Wyandot,OH,2.78
40001,Adair,OK,2.55
40003,Alfalfa,OK,5.32
40005,Atoka,OK,2.10
40007,Beaver,OK,1.99
40009,Beckham,OK,5.00
40011,Blaine,OK,5.95
40013,Bryan,OK,3.11
40015,Caddo,OK,2.29
40017,Canadian,OK,4.14
40019,Carter,OK,7.22
40021,Cherokee,OK,5.82
40023,Choctaw,OK,2.79
40025,Cimarron,OK,4.44
40027,Cleveland,OK,4.61
40029,Coal,OK,1.88
40031,Comanche,OK,12.20
40033,Cotton,OK,
40035,Craig,OK,6.37
40037,Creek,OK,3.71
40039,Custer,OK,5.74
40041,Delaware,OK,4.59
40043,Dewey,OK,2.27
40045,Ellis,OK,10.94
40047,Garfield,OK,6.14
40049,Garvin,OK,3.50
40051,Grady,OK,3.18
40053,Grant,OK,
40055,Greer,OK,12.63
40057,Harmon,OK,4.12
40059,Harper,OK,3.20
40061,Haskell,OK,2.58
40063,Hughes,OK,2.98
40065,Jackson,OK,4.48
40067,Jefferson,OK,
40069,Johnston,OK,8.65
40071,Kay,OK,6.87
40073,Kingfisher,OK,7.19
40075,Kiowa,OK,3.59
40077,Latimer,OK,2.08
40079,Le Flore,OK,2.86
40081,Lincoln,OK,2.92
40083,Logan,OK,1.35
40085,Love,OK,0.98
40087,McClain,OK,3.53
40089,McCurtain,OK,3.88
40091,McIntosh,OK,5.14
40093,Major,OK,1.33
40095,Marshall,OK,1.26
40097,Mayes,OK,3.79
40099,Murray,OK,4.39
40101,Muskogee,OK,6.33
40103,Noble,OK,3.67
40105,Nowata,OK,1.05
40107,Okfuskee,OK,0.90
40109,Oklahoma,OK,10.92
40111,Okmulgee,OK,6.22
40113,Osage,OK,2.84
40115,Ottawa,OK,1.65
40117,Pawnee,OK,8.25
40119,Payne,OK,5.92
40121,Pittsburg,OK,5.50
40123,Pontotoc,OK,7.87
40125,Pottawatomie,OK,6.39
40127,Pushmataha,OK,4.64
40129,Roger Mills,OK,3.01
40131,Rogers,OK,4.45
40133,Seminole,OK,4.71
40135,Sequoyah,OK,4.03
40137,Stephens,OK,5.72
40139,Texas,OK,3.42
40141,Tillman,OK,1.43
40143,Tulsa,OK,7.13
40145,Wagoner,OK,1.73
40147,Washington,OK,5.63
40149,Washita,OK,0.93
40151,Woods,OK,4.66
40153,Woodward,OK,5.50
41001,Baker,OR,4.72
41003,Benton,OR,6.76
41005,Clackamas,OR,8.84
41007,Clatsop,OR,7.19
41009,Columbia,OR,6.16
41011,Coos,OR,8.92
41013,Crook,OR,4.55
41015,Curry,OR,6.36
41017,Deschutes,OR,8.96
41019,Douglas,OR,7.92
41021,Gilliam,OR,0.00
41023,Grant,OR,6.93
41025,Harney,OR,6.65
41027,Hood River,OR,13.30
41029,Jackson,OR,8.53
41031,Jefferson,OR,5.13
41033,Josephine,OR,8.55
41035,Klamath,OR,8.83
41037,Lake,OR,3.58
41039,Lane,OR,7.59
41041,Lincoln,OR,6.69
41043,Linn,OR,6.13
41045,Malheur,OR,7.84
41047,Marion,OR,8.62
41049,Morrow,OR,3.25
41051,Multnomah,OR,10.33
41053,Polk,OR,4.02
41055,Sherman,OR,0.00
41057,Tillamook,OR,6.53
41059,Umatilla,OR,5.86
41061,Union,OR,6.49
41063,Wallowa,OR,6.53
41065,Wasco,OR,8.29
41067,Washington,OR,9.70
41069,Wheeler,OR,20.75
41071,Yamhill,OR,5.91
42001,Adams,PA,3.30
42003,Allegheny,PA,9.78
42005,Armstrong,PA,3.09
42007,Beaver,PA,5.07
42009,Bedford,PA,4.64
42011,Berks,PA,5.60
42013,Blair,PA,6.44
42015,Bradford,PA,5.51
42017,Bucks,PA,8.76
42019,Butler,PA,7.15
42021,Cambria,PA,5.93
42023,Cameron,PA,9.05
42025,Carbon,PA,4.13
42027,Centre,PA,5.87
42029,Chester,PA,6.98
42031,Clarion,PA,4.28
42033,Clearfield,PA,4.49
42035,Clinton,PA,4.22
42037,Columbia,PA,4.78
42039,Crawford,PA,4.48
42041,Cumberland,PA,6.96
42043,Dauphin,PA,7.41
42045,Delaware,PA,8.43
42047,Elk,PA,3.28
42049,Erie,PA,6.99
42051,Fayette,PA,6.68
42053,Forest,PA,
42055,Franklin,PA,4.65
42057,Fulton,PA,2.75
42059,Greene,PA,3.75
42061,Huntingdon,PA,3.00
42063,Indiana,PA,4.34
42065,Jefferson,PA,4.11
42067,Juniata,PA,1.71
42069,Lackawanna,PA,8.07
42071,Lancaster,PA,5.91
42073,Lawrence,PA,5.89
42075,Lebanon,PA,5.42
42077,Lehigh,PA,8.80
42079,Luzerne,PA,6.53
42081,Lycoming,PA,5.13
42083,McKean,PA,4.77
42085,Mercer,PA,5.77
42087,Mifflin,PA,3.48
42089,Monroe,PA,3.71
42091,Montgomery,PA,10.71
42093,Montour,PA,15.48
42095,Northampton,PA,5.90
42097,Northumberland,PA,4.22
42099,Perry,PA,2.17
42101,Philadelphia,PA,8.22
42103,Pike,PA,1.49
42105,Potter,PA,4.32
42107,Schuylkill,PA,4.96
42109,Snyder,PA,5.30
42111,Somerset,PA,4.26
42113,Sullivan,PA,1.71
42115,Susquehanna,PA,2.10
42117,Tioga,PA,5.60
42119,Union,PA,6.55
42121,Venango,PA,3.82
42123,Warren,PA,4.76
42125,Washington,PA,6.61
42127,Wayne,PA,5.86
42129,Westmoreland,PA,6.96
42131,Wyoming,PA,4.61
42133,York,PA,5.57
44001,Bristol,RI,3.77
44003,Kent,RI,7.82
44005,Newport,RI,9.71
44007,Providence,RI,5.81
44009,Washington,RI,5.98
45001,Abbeville,SC,0.82
45003,Aiken,SC,4.31
45005,Allendale,SC,2.64
45007,Anderson,SC,4.29
45009,Bamberg,SC,5.42
45011,Barnwell,SC,2.94
45013,Beaufort,SC,12.33
45015,Berkeley,SC,3.02
45017,Calhoun,SC,3.53
45019,Charleston,SC,11.52
45021,Cherokee,SC,2.67
45023,Chester,SC,1.57
45025,Chesterfield,SC,2.98
45027,Clarendon,SC,2.59
45029,Colleton,SC,3.63
45031,Darlington,SC,3.05
45033,Dillon,SC,2.88
45035,Dorchester,SC,7.65
45037,Edgefield,SC,2.60
45039,Fairfield,SC,2.44
45041,Florence,SC,5.92
45043,Georgetown,SC,5.25
45045,Greenville,SC,6.81
45047,Greenwood,SC,5.63
45049,Hampton,SC,2.76
45051,Horry,SC,4.28
45053,Jasper,SC,4.37
45055,Kershaw,SC,3.10
45057,Lancaster,SC,4.02
45059,Laurens,SC,2.80
45061,Lee,SC,1.24
45063,Lexington,SC,5.02
45065,McCormick,SC,1.02
45067,Marion,SC,2.81
45069,Marlboro,SC,3.46
45071,Newberry,SC,3.14
45073,Oconee,SC,5.61
45075,Orangeburg,SC,3.73
45077,Pickens,SC,5.09
45079,Richland,SC,9.49
45081,Saluda,SC,2.64
45083,Spartanburg,SC,4.92
45085,Sumter,SC,5.67
45087,Union,SC,2.24
45089,Williamsburg,SC,1.66
45091,York,SC,5.71
46003,Aurora,SD,0.00
46005,Beadle,SD,4.64
46007,Bennett,SD,8.99
46009,Bon Homme,SD,4.25
46011,Brookings,SD,4.51
46013,Brown,SD,6.32
46015,Brule,SD,3.76
46017,Buffalo,SD,26.88
46019,Butte,SD,6.50
46021,Campbell,SD,0.00
46023,Charles Mix,SD,5.43
46025,Clark,SD,5.11
46027,Clay,SD,5.89
46029,Codington,SD,8.70
46031,Corson,SD,5.23
46033,Custer,SD,2.22
46035,Davison,SD,9.51
46037,Day,SD,1.83
46039,Deuel,SD,2.30
46041,Dewey,SD,5.84
46043,Douglas,SD,3.60
46045,Edmunds,SD,
46047,Fall River,SD,6.78
46049,Faulk,SD,0.00
46051,Grant,SD,6.70
46053,Gregory,SD,5.05
46055,Haakon,SD,5.48
46057,Hamlin,SD,
46059,Hand,SD,3.18
46061,Hanson,SD,0.00
46063,Harding,SD,0.00
46065,Hughes,SD,6.78
46067,Hutchinson,SD,2.71
46069,Hyde,SD,0.00
46071,Jackson,SD,7.09
46073,Jerauld,SD,24.21
46075,Jones,SD,22.62
46077,Kingsbury,SD,7.55
46079,Lake,SD,4.56
46081,Lawrence,SD,6.61
46083,Lincoln,SD,9.02
46085,Lyman,SD,0.00
46087,McCook,SD,1.73
46089,McPherson,SD,4.18
46091,Marshall,SD,2.29
46093,Meade,SD,5.87
46095,Mellette,SD,0.00
46097,Miner,SD,26.04
46099,Minnehaha,SD,5.64
46101,Moody,SD,4.73
46102,Oglala Lakota,SD,2.22
46103,Pennington,SD,9.43
46105,Perkins,SD,0.00
46107,Potter,SD,4.10
46109,Roberts,SD,12.79
46111,Sanborn,SD,0.00
46115,Spink,SD,8.02
46117,Stanley,SD,3.33
46119,Sully,SD,0.00
46121,Todd,SD,3.25
46123,Tripp,SD,10.78
46125,Turner,SD,2.26
46127,Union,SD,8.79
46129,Walworth,SD,3.80
46135,Yankton,SD,5.56
46137,Ziebach,SD,0.00
47001,Anderson,TN,7.60
47003,Bedford,TN,2.50
47005,Benton,TN,2.50
47007,Bledsoe,TN,1.35
47009,Blount,TN,5.50
47011,Bradley,TN,4.79
47013,Campbell,TN,3.28
47015,Cannon,TN,3.38
47017,Carroll,TN,3.16
47019,Carter,TN,3.54
47021,Cheatham,TN,1.43
47023,Chester,TN,2.27
47025,Claiborne,TN,2.78
47027,Clay,TN,1.31
47029,Cocke,TN,1.90
47031,Coffee,TN,7.20
47033,Crockett,TN,5.76
47035,Cumberland,TN,3.62
47037,Davidson,TN,8.33
47039,Decatur,TN,5.19
47041,DeKalb,TN,2.38
47043,Dickson,TN,6.64
47045,Dyer,TN,5.22
47047,Fayette,TN,3.21
47049,Fentress,TN,0.52
47051,Franklin,TN,2.96
47053,Gibson,TN,3.74
47055,Giles,TN,5.56
47057,Grainger,TN,1.24
47059,Greene,TN,4.20
47061,Grundy,TN,
47063,Hamblen,TN,6.44
47065,Hamilton,TN,7.92
47067,Hancock,TN,1.46
47069,Hardeman,TN,2.74
47071,Hardin,TN,2.59
47073,Hawkins,TN,1.72
47075,Haywood,TN,2.28
47077,Henderson,TN,2.86
47079,Henry,TN,5.56
47081,Hickman,TN,2.75
47083,Houston,TN,1.22
47085,Humphreys,TN,3.14
47087,Jackson,TN,3.34
47089,Jefferson,TN,2.47
47091,Johnson,TN,2.76
47093,Knox,TN,5.98
47095,Lake,TN,1.54
47097,Lauderdale,TN,2.02
47099,Lawrence,TN,1.98
47101,Lewis,TN,3.09
47103,Lincoln,TN,2.50
47105,Loudon,TN,5.16
47107,McMinn,TN,3.65
47109,McNairy,TN,5.00
47111,Macon,TN,1.53
47113,Madison,TN,7.05
47115,Marion,TN,2.06
47117,Marshall,TN,2.51
47119,Maury,TN,6.75
47121,Meigs,TN,0.75
47123,Monroe,TN,3.56
47125,Montgomery,TN,4.17
47127,Moore,TN,
47129,Morgan,TN,1.41
47131,Obion,TN,5.26
47133,Overton,TN,3.04
47135,Perry,TN,1.15
47137,Pickett,TN,
47139,Polk,TN,3.36
47141,Putnam,TN,6.68
47143,Rhea,TN,2.67
47145,Roane,TN,4.90
47147,Robertson,TN,3.31
47149,Rutherford,TN,5.38
47151,Scott,TN,3.63
47153,Sequatchie,TN,1.77
47155,Sevier,TN,4.05
47157,Shelby,TN,7.76
47159,Smith,TN,2.44
47161,Stewart,TN,2.85
47163,Sullivan,TN,7.46
47165,Sumner,TN,4.32
47167,Tipton,TN,3.24
47169,Trousdale,TN,1.65
47171,Unicoi,TN,3.39
47173,Union,TN,2.93
47175,Van Buren,TN,1.56
47177,Warren,TN,3.09
47179,Washington,TN,6.02
47181,Wayne,TN,0.61
47183,Weakley,TN,4.23
47185,White,TN,3.56
47187,Williamson,TN,8.20
47189,Wilson,TN,4.10
48001,Anderson,TX,4.65
48003,Andrews,TX,2.18
48005,Angelina,TX,5.85
48007,Aransas,TX,2.81
48009,Archer,TX,
48011,Armstrong,TX,0.00
48013,Atascosa,TX,4.72
48015,Austin,TX,4.50
48017,Bailey,TX,4.42
48019,Bandera,TX,2.71
48021,Bastrop,TX,3.58
48023,Baylor,TX,2.89
48025,Bee,TX,2.96
48027,Bell,TX,8.40
48029,Bexar,TX,9.51
48031,Blanco,TX,3.22
48033,Borden,TX,0.00
48035,Bosque,TX,3.74
48037,Bowie,TX,6.19
48039,Brazoria,TX,5.90
48041,Brazos,TX,5.74
48043,Brewster,TX,3.21
48045,Briscoe,TX,0.00
48047,Brooks,TX,1.45
48049,Brown,TX,3.65
48051,Burleson,TX,1.07
48053,Burnet,TX,4.95
48055,Caldwell,TX,3.13
48057,Calhoun,TX,5.07
48059,Callahan,TX,2.81
48061,Cameron,TX,3.20
48063,Camp,TX,3.93
48065,Carson,TX,1.73
48067,Cass,TX,3.15
48069,Castro,TX,
48071,Chambers,TX,0.97
48073,Cherokee,TX,3.68
48075,Childress,TX,4.41
48077,Clay,TX,
48079,Cochran,TX,0.00
48081,Coke,TX,0.00
48083,Coleman,TX,2.55
48085,Collin,TX,6.95
48087,Collingsworth,TX,0.00
48089,Colorado,TX,2.41
48091,Comal,TX,6.50
48093,Comanche,TX,2.88
48095,Concho,TX,2.99
48097,Cooke,TX,4.18
48099,Coryell,TX,3.29
48101,Cottle,TX,0.00
48103,Crane,TX,2.20
48105,Crockett,TX,3.40
48107,Crosby,TX,
48109,Culberson,TX,0.00
48111,Dallam,TX,2.76
48113,Dallas,TX,9.53
48115,Dawson,TX,4.95
48117,Deaf Smith,TX,3.81
48119,Delta,TX,
48121,Denton,TX,6.24
48123,DeWitt,TX,3.03
48125,Dickens,TX,0.00
48127,Dimmit,TX,3.58
48129,Donley,TX,2.99
48131,Duval,TX,
48133,Eastland,TX,3.34
48135,Ector,TX,5.22
48137,Edwards,TX,0.00
48139,Ellis,TX,3.11
48141,El Paso,TX,4.84
48143,Erath,TX,5.69
48145,Falls,TX,2.93
48147,Fannin,TX,2.42
48149,Fayette,TX,5.22
48151,Fisher,TX,2.76
48153,Floyd,TX,1.91
48155,Foard,TX,0.00
48157,Fort Bend,TX,5.81
48159,Franklin,TX,3.77
48161,Freestone,TX,3.01
48163,Frio,TX,2.81
48165,Gaines,TX,1.35
48167,Galveston,TX,5.18
48169,Garza,TX,3.19
48171,Gillespie,TX,7.65
48173,Glasscock,TX,0.00
48175,Goliad,TX,5.61
48177,Gonzales,TX,4.54
48179,Gray,TX,5.71
48181,Grayson,TX,6.15
48183,Gregg,TX,10.04
48185,Grimes,TX,1.95
48187,Guadalupe,TX,3.89
48189,Hale,TX,1.57
48191,Hall,TX,0.00
48193,Hamilton,TX,6.02
48195,Hansford,TX,1.94
48197,Hardeman,TX,11.38
48199,Hardin,TX,2.77
48201,Harris,TX,7.45
48203,Harrison,TX,2.43
48205,Hartley,TX,
48207,Haskell,TX,3.70
48209,Hays,TX,3.90
48211,Hemphill,TX,0.00
48213,Henderson,TX,3.43
48215,Hidalgo,TX,3.11
48217,Hill,TX,3.48
48219,Hockley,TX,3.78
48221,Hood,TX,5.42
48223,Hopkins,TX,3.17
48225,Houston,TX,2.28
48227,Howard,TX,5.34
48229,Hudspeth,TX,0.00
48231,Hunt,TX,3.14
48233,Hutchinson,TX,4.95
48235,Irion,TX,0.00
48237,Jack,TX,
48239,Jackson,TX,3.96
48241,Jasper,TX,3.69
48243,Jeff Davis,TX,0.00
48245,Jefferson,TX,6.50
48247,Jim Hogg,TX,2.10
48249,Jim Wells,TX,3.35
48251,Johnson,TX,4.04
48253,Jones,TX,1.00
48255,Karnes,TX,6.07
48257,Kaufman,TX,3.83
48259,Kendall,TX,8.17
48261,Kenedy,TX,0.00
48263,Kent,TX,0.00
48265,Kerr,TX,7.26
48267,Kimble,TX,6.78
48269,King,TX,0.00
48271,Kinney,TX,0.00
48273,Kleberg,TX,5.93
48275,Knox,TX,0.00
48277,Lamar,TX,4.95
48279,Lamb,TX,1.57
48281,Lampasas,TX,1.32
48283,La Salle,TX,
48285,Lavaca,TX,2.43
48287,Lee,TX,2.23
48289,Leon,TX,2.47
48291,Liberty,TX,2.84
48293,Limestone,TX,3.59
48295,Lipscomb,TX,0.00
48297,Live Oak,TX,2.63
48299,Llano,TX,5.32
48301,Loving,TX,0.00
48303,Lubbock,TX,6.08
48305,Lynn,TX,1.75
48307,McCulloch,TX,2.67
48309,McLennan,TX,5.55
48311,McMullen,TX,0.00
48313,Madison,TX,2.20
48315,Marion,TX,1.05
48317,Martin,TX,1.92
48319,Mason,TX,2.51
48321,Matagorda,TX,3.60
48323,Maverick,TX,2.25
48325,Medina,TX,2.23
48327,Menard,TX,5.08
48329,Midland,TX,6.16
48331,Milam,TX,1.56
48333,Mills,TX,4.44
48335,Mitchell,TX,1.12
48337,Montague,TX,2.85
48339,Montgomery,TX,5.08
48341,Moore,TX,3.33
48343,Morris,TX,4.14
48345,Motley,TX,0.00
48347,Nacogdoches,TX,5.86
48349,Navarro,TX,3.66
48351,Newton,TX,
48353,Nolan,TX,5.53
48355,Nueces,TX,5.83
48357,Ochiltree,TX,4.16
48359,Oldham,TX,0.00
48361,Orange,TX,3.30
48363,Palo Pinto,TX,3.42
48365,Panola,TX,2.65
48367,Parker,TX,3.44
48369,Parmer,TX,1.04
48371,Pecos,TX,2.71
48373,Polk,TX,4.13
48375,Potter,TX,6.14
48377,Presidio,TX,
48379,Rains,TX,1.56
48381,Randall,TX,6.09
48383,Reagan,TX,0.00
48385,Real,TX,7.04
48387,Red River,TX,2.60
48389,Reeves,TX,1.55
48391,Refugio,TX,3.02
48393,Roberts,TX,0.00
48395,Robertson,TX,0.58
48397,Rockwall,TX,6.98
48399,Runnels,TX,2.03
48401,Rusk,TX,3.37
48403,Sabine,TX,2.99
48405,San Augustine,TX,5.09
48407,San Jacinto,TX,0.35
48409,San Patricio,TX,4.00
48411,San Saba,TX,1.72
48413,Schleicher,TX,0.00
48415,Scurry,TX,5.39
48417,Shackelford,TX,0.00
48419,Shelby,TX,2.92
48421,Sherman,TX,0.00
48423,Smith,TX,6.45
48425,Somervell,TX,4.10
48427,Starr,TX,1.52
48429,Stephens,TX,3.19
48431,Sterling,TX,0.00
48433,Stonewall,TX,0.00
48435,Sutton,TX,6.22
48437,Swisher,TX,1.45
48439,Tarrant,TX,6.37
48441,Taylor,TX,8.82
48443,Terrell,TX,0.00
48445,Terry,TX,5.19
48447,Throckmorton,TX,0.00
48449,Titus,TX,6.73
48451,Tom Green,TX,6.48
48453,Travis,TX,7.62
48455,Trinity,TX,0.71
48457,Tyler,TX,1.00
48459,Upshur,TX,1.41
48461,Upton,TX,0.00
48463,Uvalde,TX,3.61
48465,Val Verde,TX,2.94
48467,Van Zandt,TX,2.07
48469,Victoria,TX,5.93
48471,Walker,TX,3.80
48473,Waller,TX,1.45
48475,Ward,TX,
48477,Washington,TX,4.98
48479,Webb,TX,3.21
48481,Wharton,TX,5.50
48483,Wheeler,TX,2.08
48485,Wichita,TX,8.08
48487,Wilbarger,TX,4.00
48489,Willacy,TX,0.50
48491,Williamson,TX,6.11
48493,Wilson,TX,2.46
48495,Winkler,TX,2.74
48497,Wise,TX,2.14
48499,Wood,TX,3.63
48501,Yoakum,TX,1.34
48503,Young,TX,6.68
48505,Zapata,TX,1.44
48507,Zavala,TX,4.27
49001,Beaver,UT,6.83
49003,Box Elder,UT,6.51
49005,Cache,UT,6.56
49007,Carbon,UT,10.20
49009,Daggett,UT,0.00
49011,Davis,UT,6.73
49013,Duchesne,UT,4.46
49015,Emery,UT,1.98
49017,Garfield,UT,3.79
49019,Grand,UT,7.16
49021,Iron,UT,4.48
49023,Juab,UT,3.18
49025,Kane,UT,2.43
49027,Millard,UT,7.50
49029,Morgan,UT,2.34
49031,Piute,UT,0.00
49033,Rich,UT,7.61
49035,Salt Lake,UT,8.12
49037,San Juan,UT,11.83
49039,Sanpete,UT,4.71
49041,Sevier,UT,6.80
49043,Summit,UT,5.81
49045,Tooele,UT,2.75
49047,Uintah,UT,5.12
49049,Utah,UT,6.05
49051,Wasatch,UT,5.46
49053,Washington,UT,6.57
49055,Wayne,UT,7.56
49057,Weber,UT,8.05
50001,Addison,VT,5.32
50003,Bennington,VT,8.55
50005,Caledonia,VT,7.85
50007,Chittenden,VT,9.69
50009,Essex,VT,5.01
50011,Franklin,VT,5.32
50013,Grand Isle,VT,1.34
50015,Lamoille,VT,4.60
50017,Orange,VT,3.02
50019,Orleans,VT,5.42
50021,Rutland,VT,7.62
50023,Washington,VT,8.66
50025,Windham,VT,6.33
50027,Windsor,VT,6.19
51001,Accomack,VA,5.42
51003,Albemarle,VA,10.40
51005,Alleghany,VA,2.70
51007,Amelia,VA,3.72
51009,Amherst,VA,2.22
51011,Appomattox,VA,0.60
51013,Arlington,VA,7.22
51015,Augusta,VA,3.59
51017,Bath,VA,4.94
51019,Bedford,VA,3.34
51021,Bland,VA,4.88
51023,Botetourt,VA,2.93
51025,Brunswick,VA,1.88
51027,Buchanan,VA,2.07
51029,Buckingham,VA,5.89
51031,Campbell,VA,1.63
51033,Caroline,VA,2.50
51035,Carroll,VA,2.74
51036,Charles City,VA,1.51
51037,Charlotte,VA,3.49
51041,Chesterfield,VA,7.98
51043,Clarke,VA,3.28
51045,Craig,VA,6.19
51047,Culpeper,VA,3.68
51049,Cumberland,VA,1.03
51051,Dickenson,VA,0.73
51053,Dinwiddie,VA,0.71
51057,Essex,VA,5.64
51059,Fairfax,VA,11.63
51061,Fauquier,VA,5.22
51063,Floyd,VA,1.92
51065,Fluvanna,VA,1.07
51067,Franklin,VA,1.82
51069,Frederick,VA,1.26
51071,Giles,VA,3.65
51073,Gloucester,VA,3.54
51075,Goochland,VA,2.68
51077,Grayson,VA,1.96
51079,Greene,VA,1.42
51081,Greensville,VA,0.89
51083,Halifax,VA,4.76
51085,Hanover,VA,7.17
51087,Henrico,VA,8.53
51089,Henry,VA,7.01
51091,Highland,VA,8.69
51093,Isle of Wight,VA,2.49
51095,James City,VA,11.21
51097,King and Queen,VA,
51099,King George,VA,4.67
51101,King William,VA,3.24
51103,Lancaster,VA,0.93
51105,Lee,VA,2.27
51107,Loudoun,VA,7.36
51109,Louisa,VA,1.74
51111,Lunenburg,VA,3.32
51113,Madison,VA,3.57
51115,Mathews,VA,2.36
51117,Mecklenburg,VA,2.95
51119,Middlesex,VA,4.57
51121,Montgomery,VA,5.15
51125,Nelson,VA,4.78
51127,New Kent,VA,2.40
51131,Northampton,VA,14.29
51133,Northumberland,VA,13.00
51135,Nottoway,VA,4.50
51137,Orange,VA,3.16
51139,Page,VA,1.68
51141,Patrick,VA,1.13
51143,Pittsylvania,VA,0.83
51145,Powhatan,VA,4.13
51147,Prince Edward,VA,4.11
51149,Prince George,VA,3.71
51153,Prince William,VA,6.29
51155,Pulaski,VA,2.97
51157,Rappahannock,VA,2.67
51159,Richmond,VA,3.30
51161,Roanoke,VA,10.42
51163,Rockbridge,VA,0.44
51165,Rockingham,VA,1.87
51167,Russell,VA,1.18
51169,Scott,VA,1.40
51171,Shenandoah,VA,3.34
51173,Smyth,VA,5.43
51175,Southampton,VA,1.12
51177,Spotsylvania,VA,4.50
51179,Stafford,VA,3.55
51181,Surry,VA,
51183,Sussex,VA,1.87
51185,Tazewell,VA,4.52
51187,Warren,VA,3.62
51191,Washington,VA,7.23
51193,Westmoreland,VA,1.07
51195,Wise,VA,2.82
51197,Wythe,VA,3.56
51199,York,VA,5.33
51510,Alexandria,VA,9.19
51520,Bristol,VA,3.53
51530,Buena Vista,VA,7.59
51540,Charlottesville,VA,9.92
51550,Chesapeake,VA,5.19
51570,Colonial Heights,VA,23.53
51580,Covington,VA,5.28
51590,Danville,VA,11.83
51595,Emporia,VA,9.12
51600,Fairfax,VA,
51610,Falls Church,VA,34.97
51620,Franklin,VA,6.06
51630,Fredericksburg,VA,20.53
51640,Galax,VA,11.89
51650,Hampton,VA,10.07
51660,Harrisonburg,VA,14.27
51670,Hopewell,VA,5.66
51678,Lexington,VA,21.46
51680,Lynchburg,VA,11.48
51683,Manassas,VA,12.20
51685,Manassas Park,VA,
51690,Martinsville,VA,
51700,Newport News,VA,7.92
51710,Norfolk,VA,10.21
51720,Norton,VA,13.85
51730,Petersburg,VA,7.79
51735,Poquoson,VA,6.36
51740,Portsmouth,VA,17.51
51750,Radford,VA,7.76
51760,Richmond,VA,15.22
51770,Roanoke,VA,7.66
51775,Salem,VA,14.10
51790,Staunton,VA,8.10
51800,Suffolk,VA,4.97
51810,Virginia Beach,VA,8.03
51820,Waynesboro,VA,11.83
51830,Williamsburg,VA,
51840,Winchester,VA,24.33
53001,Adams,WA,12.89
53003,Asotin,WA,6.22
53005,Benton,WA,7.14
53007,Chelan,WA,8.64
53009,Clallam,WA,9.38
53011,Clark,WA,7.29
53013,Columbia,WA,7.45
53015,Cowlitz,WA,5.81
53017,Douglas,WA,4.98
53019,Ferry,WA,8.06
53021,Franklin,WA,5.17
53023,Garfield,WA,8.46
53025,Grant,WA,5.53
53027,Grays Harbor,WA,5.19
53029,Island,WA,7.62
53031,Jefferson,WA,5.06
53033,King,WA,11.57
53035,Kitsap,WA,7.92
53037,Kittitas,WA,5.53
53039,Klickitat,WA,3.01
53041,Lewis,WA,6.91
53043,Lincoln,WA,4.31
53045,Mason,WA,3.67
53047,Okanogan,WA,7.65
53049,Pacific,WA,2.90
53051,Pend Oreille,WA,2.82
53053,Pierce,WA,8.57
53055,San Juan,WA,6.96
53057,Skagit,WA,7.93
53059,Skamania,WA,0.80
53061,Snohomish,WA,7.72
53063,Spokane,WA,8.37
53065,Stevens,WA,4.98
53067,Thurston,WA,7.90
53069,Wahkiakum,WA,6.40
53071,Walla Walla,WA,7.43
53073,Whatcom,WA,7.54
53075,Whitman,WA,4.62
53077,Yakima,WA,7.12
54001,Barbour,WV,2.59
54003,Berkeley,WV,5.02
54005,Boone,WV,2.38
54007,Braxton,WV,4.92
54009,Brooke,WV,2.30
54011,Cabell,WV,6.25
54013,Calhoun,WV,4.94
54015,Clay,WV,3.84
54017,Doddridge,WV,1.30
54019,Fayette,WV,5.57
54021,Gilmer,WV,1.37
54023,Grant,WV,5.47
54025,Greenbrier,WV,7.09
54027,Hampshire,WV,3.41
54029,Hancock,WV,8.52
54031,Hardy,WV,3.52
54033,Harrison,WV,9.55
54035,Jackson,WV,3.61
54037,Jefferson,WV,3.05
54039,Kanawha,WV,9.23
54041,Lewis,WV,2.98
54043,Lincoln,WV,2.01
54045,Logan,WV,1.28
54047,McDowell,WV,1.68
54049,Marion,WV,5.36
54051,Marshall,WV,4.03
54053,Mason,WV,2.80
54055,Mercer,WV,4.26
54057,Mineral,WV,3.35
54059,Mingo,WV,3.99
54061,Monongalia,WV,13.95
54063,Monroe,WV,1.63
54065,Morgan,WV,2.87
54067,Nicholas,WV,5.75
54069,Ohio,WV,11.10
54071,Pendleton,WV,11.64
54073,Pleasants,WV,5.27
54075,Pocahontas,WV,3.84
54077,Preston,WV,2.63
54079,Putnam,WV,4.21
54081,Raleigh,WV,7.82
54083,Randolph,WV,4.35
54085,Ritchie,WV,1.22
54087,Roane,WV,2.89
54089,Summers,WV,1.70
54091,Taylor,WV,2.45
54093,Tucker,WV,6.09
54095,Tyler,WV,1.22
54097,Upshur,WV,4.64
54099,Wayne,WV,3.68
54101,Webster,WV,3.67
54103,Wetzel,WV,5.70
54105,Wirt,WV,1.96
54107,Wood,WV,6.24
54109,Wyoming,WV,2.44
55001,Adams,WI,0.94
55003,Ashland,WI,6.86
55005,Barron,WI,7.26
55007,Bayfield,WI,4.21
55009,Brown,WI,8.18
55011,Buffalo,WI,11.95
55013,Burnett,WI,3.52
55015,Calumet,WI,2.66
55017,Chippewa,WI,5.69
55019,Clark,WI,4.32
55021,Columbia,WI,3.61
55023,Crawford,WI,5.62
55025,Dane,WI,7.53
55027,Dodge,WI,3.40
55029,Door,WI,6.55
55031,Douglas,WI,6.12
55033,Dunn,WI,3.94
55035,Eau Claire,WI,10.11
55037,Florence,WI,2.13
55039,Fond du Lac,WI,7.70
55041,Forest,WI,4.26
55043,Grant,WI,4.49
55045,Green,WI,5.16
55047,Green Lake,WI,5.72
55049,Iowa,WI,5.45
55051,Iron,WI,4.82
55053,Jackson,WI,6.24
55055,Jefferson,WI,6.29
55057,Juneau,WI,3.72
55059,Kenosha,WI,7.03
55061,Kewaunee,WI,3.88
55063,La Crosse,WI,10.22
55065,Lafayette,WI,1.78
55067,Langlade,WI,5.62
55069,Lincoln,WI,5.29
55071,Manitowoc,WI,6.53
55073,Marathon,WI,7.54
55075,Marinette,WI,4.76
55077,Marquette,WI,2.53
55078,Menominee,WI,16.67
55079,Milwaukee,WI,9.09
55081,Monroe,WI,6.51
55083,Oconto,WI,3.79
55085,Oneida,WI,8.64
55087,Outagamie,WI,8.90
55089,Ozaukee,WI,9.35
55091,Pepin,WI,6.75
55093,Pierce,WI,4.23
55095,Polk,WI,5.91
55097,Portage,WI,7.35
55099,Price,WI,9.87
55101,Racine,WI,7.97
55103,Richland,WI,5.27
55105,Rock,WI,7.13
55107,Rusk,WI,7.05
55109,St. Croix,WI,4.58
55111,Sauk,WI,6.84
55113,Sawyer,WI,5.39
55115,Shawano,WI,6.61
55117,Sheboygan,WI,6.28
55119,Taylor,WI,6.01
55121,Trempealeau,WI,2.91
55123,Vernon,WI,3.22
55125,Vilas,WI,10.10
55127,Walworth,WI,4.84
55129,Washburn,WI,4.14
55131,Washington,WI,6.61
55133,Waukesha,WI,9.84
55135,Waupaca,WI,3.69
55137,Waushara,WI,6.80
55139,Winnebago,WI,6.56
55141,Wood,WI,8.79
56001,Albany,WY,5.00
56003,Big Horn,WY,4.22
56005,Campbell,WY,3.83
56007,Carbon,WY,4.81
56009,Converse,WY,5.08
56011,Crook,WY,4.03
56013,Fremont,WY,7.86
56015,Goshen,WY,6.37
56017,Hot Springs,WY,8.72
56019,Johnson,WY,6.87
56021,Laramie,WY,8.64
56023,Lincoln,WY,4.84
56025,Natrona,WY,8.54
56027,Niobrara,WY,4.20
56029,Park,WY,7.21
56031,Platte,WY,3.47
56033,Sheridan,WY,9.35
56035,Sublette,WY,4.56
56037,Sweetwater,WY,6.05
56039,Teton,WY,10.74
56041,Uinta,WY,8.69
56043,Washakie,WY,9.07
56045,Weston,WY,7.29
