geoid,county,state,extreme_heat_days
01001,Autauga,AL,6.13
01003,Baldwin,AL,6.57
01005,Barbour,AL,6.13
01007,Bibb,AL,6.17
01009,Blount,AL,6.30
01011,Bullock,AL,6.00
01013,Butler,AL,6.07
01015,Calhoun,AL,6.43
01017,Chambers,AL,6.07
01019,Cherokee,AL,6.37
01021,Chilton,AL,6.30
01023,Choctaw,AL,6.13
01025,Clarke,AL,6.13
01027,Clay,AL,6.30
01029,Cleburne,AL,6.37
01031,Coffee,AL,6.13
01033,Colbert,AL,6.17
01035,Conecuh,AL,6.00
01037,Coosa,AL,6.13
01039,Covington,AL,6.07
01041,Crenshaw,AL,6.10
01043,Cullman,AL,6.47
01045,Dale,AL,6.17
01047,Dallas,AL,6.27
01049,DeKalb,AL,6.17
01051,Elmore,AL,6.17
01053,Escambia,AL,6.27
01055,Etowah,AL,6.50
01057,Fayette,AL,6.57
01059,Franklin,AL,6.13
01061,Geneva,AL,6.13
01063,Greene,AL,6.40
01065,Hale,AL,6.63
01067,Henry,AL,6.33
01069,Houston,AL,6.13
01071,Jackson,AL,6.20
01073,Jefferson,AL,6.20
01075,Lamar,AL,6.30
01077,Lauderdale,AL,6.13
01079,Lawrence,AL,6.33
01081,Lee,AL,5.83
01083,Limestone,AL,6.50
01085,Lowndes,AL,5.93
01087,Macon,AL,6.07
01089,Madison,AL,6.47
01091,Marengo,AL,6.43
01093,Marion,AL,6.53
01095,Marshall,AL,6.47
01097,Mobile,AL,6.20
01099,Monroe,AL,6.00
01101,Montgomery,AL,5.97
01103,Morgan,AL,6.60
01105,Perry,AL,6.43
01107,Pickens,AL,6.27
01109,Pike,AL,6.00
01111,Randolph,AL,6.17
01113,Russell,AL,5.97
01115,St. Clair,AL,6.53
01117,Shelby,AL,6.33
01119,Sumter,AL,6.17
01121,Talladega,AL,6.43
01123,Tallapoosa,AL,6.20
01125,Tuscaloosa,AL,6.43
01127,Walker,AL,6.43
01129,Washington,AL,6.30
01131,Wilcox,AL,6.13
01133,Winston,AL,6.40
04001,Apache,AZ,7.00
04003,Cochise,AZ,6.43
04005,Coconino,AZ,6.93
04007,Gila,AZ,6.20
04009,Graham,AZ,6.53
04011,Greenlee,AZ,6.77
04012,La Paz,AZ,6.23
04013,Maricopa,AZ,6.47
04015,Mohave,AZ,6.87
04017,Navajo,AZ,6.87
04019,Pima,AZ,6.33
04021,Pinal,AZ,6.30
04023,Santa Cruz,AZ,6.17
04025,Yavapai,AZ,6.50
04027,Yuma,AZ,6.30
05001,Arkansas,AR,6.33
05003,Ashley,AR,6.03
05005,Baxter,AR,5.90
05007,Benton,AR,6.17
05009,Boone,AR,5.97
05011,Bradley,AR,6.13
05013,Calhoun,AR,5.87
05015,Carroll,AR,6.37
05017,Chicot,AR,6.13
05019,Clark,AR,6.10
05021,Clay,AR,6.03
05023,Cleburne,AR,6.03
05025,Cleveland,AR,6.07
05027,Columbia,AR,5.97
05029,Conway,AR,6.27
05031,Craighead,AR,6.00
05033,Crawford,AR,6.60
05035,Crittenden,AR,6.17
05037,Cross,AR,6.17
05039,Dallas,AR,6.10
05041,Desha,AR,6.50
05043,Drew,AR,6.50
05045,Faulkner,AR,6.07
05047,Franklin,AR,6.27
05049,Fulton,AR,5.77
05051,Garland,AR,6.00
05053,Grant,AR,6.03
05055,Greene,AR,6.03
05057,Hempstead,AR,6.13
05059,Hot Spring,AR,6.07
05061,Howard,AR,5.80
05063,Independence,AR,5.83
05065,Izard,AR,5.83
05067,Jackson,AR,5.80
05069,Jefferson,AR,6.33
05071,Johnson,AR,6.37
05073,Lafayette,AR,6.07
05075,Lawrence,AR,5.90
05077,Lee,AR,6.17
05079,Lincoln,AR,6.50
05081,Little River,AR,5.93
05083,Logan,AR,6.40
05085,Lonoke,AR,6.47
05087,Madison,AR,6.20
05089,Marion,AR,6.03
05091,Miller,AR,6.10
05093,Mississippi,AR,6.27
05095,Monroe,AR,6.53
05097,Montgomery,AR,6.10
05099,Nevada,AR,6.17
05101,Newton,AR,6.33
05103,Ouachita,AR,6.03
05105,Perry,AR,6.10
05107,Phillips,AR,6.47
05109,Pike,AR,5.93
05111,Poinsett,AR,6.23
05113,Polk,AR,6.23
05115,Pope,AR,6.23
05117,Prairie,AR,6.43
05119,Pulaski,AR,6.30
05121,Randolph,AR,6.20
05123,St. Francis,AR,6.07
05125,Saline,AR,6.03
05127,Scott,AR,6.37
05129,Searcy,AR,5.67
05131,Sebastian,AR,6.23
05133,Sevier,AR,6.03
05135,Sharp,AR,6.03
05137,Stone,AR,5.83
05139,Union,AR,6.07
05141,Van Buren,AR,6.20
05143,Washington,AR,6.30
05145,White,AR,6.17
05147,Woodruff,AR,6.27
05149,Yell,AR,6.27
06001,Alameda,CA,6.10
06003,Alpine,CA,0.00
06005,Amador,CA,6.50
06007,Butte,CA,6.57
06009,Calaveras,CA,6.37
06011,Colusa,CA,6.20
06013,Contra Costa,CA,6.07
06015,Del Norte,CA,0.00
06017,El Dorado,CA,6.47
06019,Fresno,CA,6.70
06021,Glenn,CA,6.73
06023,Humboldt,CA,1.57
06025,Imperial,CA,6.63
06027,Inyo,CA,6.97
06029,Kern,CA,6.90
06031,Kings,CA,6.70
06033,Lake,CA,6.47
06035,Lassen,CA,2.40
06037,Los Angeles,CA,6.67
06039,Madera,CA,6.57
06041,Marin,CA,0.00
06043,Mariposa,CA,6.30
06045,Mendocino,CA,5.20
06047,Merced,CA,6.50
06049,Modoc,CA,0.37
06051,Mono,CA,0.20
06053,Monterey,CA,6.23
06055,Napa,CA,6.27
06057,Nevada,CA,6.43
06059,Orange,CA,6.67
06061,Placer,CA,6.17
06063,Plumas,CA,0.00
06065,Riverside,CA,6.50
06067,Sacramento,CA,6.27
06069,San Benito,CA,6.47
06071,San Bernardino,CA,6.93
06073,San Diego,CA,6.53
06075,San Francisco,CA,0.00
06077,San Joaquin,CA,6.33
06079,San Luis Obispo,CA,6.47
06081,San Mateo,CA,0.20
06083,Santa Barbara,CA,6.93
06085,Santa Clara,CA,6.17
06087,Santa Cruz,CA,1.93
06089,Shasta,CA,7.10
06091,Sierra,CA,0.23
06093,Siskiyou,CA,1.03
06095,Solano,CA,6.23
06097,Sonoma,CA,4.43
06099,Stanislaus,CA,6.37
06101,Sutter,CA,6.20
06103,Tehama,CA,7.03
06105,Trinity,CA,4.20
06107,Tulare,CA,6.77
06109,Tuolumne,CA,6.43
06111,Ventura,CA,6.20
06113,Yolo,CA,6.13
06115,Yuba,CA,6.27
08001,Adams,CO,4.90
08003,Alamosa,CO,0.00
08005,Arapahoe,CO,3.17
08007,Archuleta,CO,0.00
08009,Baca,CO,5.77
08011,Bent,CO,5.83
08013,Boulder,CO,1.77
08014,Broomfield,CO,1.00
08015,Chaffee,CO,0.00
08017,Cheyenne,CO,6.10
08019,Clear Creek,CO,0.00
08021,Conejos,CO,0.00
08023,Costilla,CO,0.00
08025,Crowley,CO,5.67
08027,Custer,CO,0.00
08029,Delta,CO,2.10
08031,Denver,CO,0.90
08033,Dolores,CO,0.00
08035,Douglas,CO,0.00
08037,Eagle,CO,0.00
08039,Elbert,CO,0.63
08041,El Paso,CO,2.63
08043,Fremont,CO,4.53
08045,Garfield,CO,0.07
08047,Gilpin,CO,0.00
08049,Grand,CO,0.00
08051,Gunnison,CO,0.00
08053,Hinsdale,CO,0.00
08055,Huerfano,CO,0.33
08057,Jackson,CO,0.00
08059,Jefferson,CO,0.87
08061,Kiowa,CO,5.90
08063,Kit Carson,CO,6.33
08065,Lake,CO,0.00
08067,La Plata,CO,0.00
08069,Larimer,CO,1.30
08071,Las Animas,CO,6.13
08073,Lincoln,CO,5.90
08075,Logan,CO,6.20
08077,Mesa,CO,5.97
08079,Mineral,CO,0.00
08081,Moffat,CO,0.27
08083,Montezuma,CO,6.57
08085,Montrose,CO,0.67
08087,Morgan,CO,6.13
08089,Otero,CO,5.90
08091,Ouray,CO,0.00
08093,Park,CO,0.00
08095,Phillips,CO,6.33
08097,Pitkin,CO,0.00
08099,Prowers,CO,5.87
08101,Pueblo,CO,5.80
08103,Rio Blanco,CO,1.53
08105,Rio Grande,CO,0.00
08107,Routt,CO,0.00
08109,Saguache,CO,0.00
08111,San Juan,CO,0.00
08113,San Miguel,CO,0.40
08115,Sedgwick,CO,6.40
08117,Summit,CO,0.00
08119,Teller,CO,0.00
08121,Washington,CO,6.13
08123,Weld,CO,6.13
08125,Yuma,CO,6.23
09001,Fairfield,CT,6.03
09003,Hartford,CT,5.33
09005,Litchfield,CT,3.20
09007,Middlesex,CT,3.97
09009,New Haven,CT,5.17
09011,New London,CT,3.17
09013,Tolland,CT,2.70
09015,Windham,CT,3.47
10001,Kent,DE,5.83
10003,New Castle,DE,6.00
10005,Sussex,DE,5.60
11001,District of Columbia,DC,5.77
12001,Alachua,FL,6.13
12003,Baker,FL,6.27
12005,Bay,FL,6.60
12007,Bradford,FL,6.10
12009,Brevard,FL,6.07
12011,Broward,FL,5.97
12013,Calhoun,FL,6.47
12015,Charlotte,FL,6.03
12017,Citrus,FL,6.20
12019,Clay,FL,6.10
12021,Collier,FL,5.60
12023,Columbia,FL,6.33
12027,DeSoto,FL,6.00
12029,Dixie,FL,6.43
12031,Duval,FL,6.10
12033,Escambia,FL,6.57
12035,Flagler,FL,6.40
12037,Franklin,FL,6.50
12039,Gadsden,FL,6.17
12041,Gilchrist,FL,6.23
12043,Glades,FL,6.40
12045,Gulf,FL,6.40
12047,Hamilton,FL,6.33
12049,Hardee,FL,6.07
12051,Hendry,FL,5.87
12053,Hernando,FL,6.33
12055,Highlands,FL,6.50
12057,Hillsborough,FL,6.10
12059,Holmes,FL,6.40
12061,Indian River,FL,6.17
12063,Jackson,FL,6.30
12065,Jefferson,FL,6.17
12067,Lafayette,FL,6.10
12069,Lake,FL,6.03
12071,Lee,FL,5.80
12073,Leon,FL,6.00
12075,Levy,FL,6.37
12077,Liberty,FL,6.63
12079,Madison,FL,6.00
12081,Manatee,FL,6.17
12083,Marion,FL,6.00
12085,Martin,FL,5.93
12086,Miami-Dade,FL,5.97
12087,Monroe,FL,5.80
12089,Nassau,FL,6.40
12091,Okaloosa,FL,6.33
12093,Okeechobee,FL,6.17
12095,Orange,FL,6.17
12097,Osceola,FL,6.03
12099,Palm Beach,FL,6.20
12101,Pasco,FL,6.20
12103,Pinellas,FL,6.40
12105,Polk,FL,6.13
12107,Putnam,FL,5.93
12109,St. Johns,FL,6.37
12111,St. Lucie,FL,5.87
12113,Santa Rosa,FL,6.37
12115,Sarasota,FL,6.10
12117,Seminole,FL,6.17
12119,Sumter,FL,5.90
12121,Suwannee,FL,6.33
12123,Taylor,FL,6.37
12125,Union,FL,6.33
12127,Volusia,FL,6.23
12129,Wakulla,FL,6.37
12131,Walton,FL,6.33
12133,Washington,FL,6.43
13001,Appling,GA,6.20
13003,Atkinson,GA,6.30
13005,Bacon,GA,6.40
13007,Baker,GA,6.40
13009,Baldwin,GA,6.17
13011,Banks,GA,6.53
13013,Barrow,GA,6.33
13015,Bartow,GA,6.57
13017,Ben Hill,GA,6.20
13019,Berrien,GA,6.37
13021,Bibb,GA,6.13
13023,Bleckley,GA,6.07
13025,Brantley,GA,6.17
13027,Brooks,GA,6.23
13029,Bryan,GA,6.37
13031,Bulloch,GA,6.53
13033,Burke,GA,6.23
13035,Butts,GA,6.23
13037,Calhoun,GA,6.30
13039,Camden,GA,6.23
13043,Candler,GA,6.50
13045,Carroll,GA,6.17
13047,Catoosa,GA,6.30
13049,Charlton,GA,6.33
13051,Chatham,GA,6.37
13053,Chattahoochee,GA,6.10
13055,Chattooga,GA,6.27
13057,Cherokee,GA,6.37
13059,Clarke,GA,6.40
13061,Clay,GA,6.33
13063,Clayton,GA,5.97
13065,Clinch,GA,6.20
13067,Cobb,GA,6.37
13069,Coffee,GA,6.10
13071,Colquitt,GA,6.27
13073,Columbia,GA,6.27
13075,Cook,GA,6.03
13077,Coweta,GA,6.17
13079,Crawford,GA,6.00
13081,Crisp,GA,6.07
13083,Dade,GA,6.27
13085,Dawson,GA,6.37
13087,Decatur,GA,6.30
13089,DeKalb,GA,6.27
13091,Dodge,GA,6.20
13093,Dooly,GA,6.00
13095,Dougherty,GA,6.33
13097,Douglas,GA,6.20
13099,Early,GA,6.10
13101,Echols,GA,6.43
13103,Effingham,GA,6.30
13105,Elbert,GA,6.33
13107,Emanuel,GA,6.47
13109,Evans,GA,6.40
13111,Fannin,GA,6.57
13113,Fayette,GA,6.00
13115,Floyd,GA,6.37
13117,Forsyth,GA,6.37
13119,Franklin,GA,6.37
13121,Fulton,GA,6.27
13123,Gilmer,GA,6.40
13125,Glascock,GA,6.17
13127,Glynn,GA,6.13
13129,Gordon,GA,6.47
13131,Grady,GA,6.27
13133,Greene,GA,6.37
13135,Gwinnett,GA,6.33
13137,Habersham,GA,6.43
13139,Hall,GA,6.37
13141,Hancock,GA,6.13
13143,Haralson,GA,6.47
13145,Harris,GA,6.13
13147,Hart,GA,6.33
13149,Heard,GA,6.17
13151,Henry,GA,6.27
13153,Houston,GA,6.20
13155,Irwin,GA,6.37
13157,Jackson,GA,6.47
13159,Jasper,GA,6.37
13161,Jeff Davis,GA,6.30
13163,Jefferson,GA,6.13
13165,Jenkins,GA,6.33
13167,Johnson,GA,6.40
13169,Jones,GA,6.20
13171,Lamar,GA,6.13
13173,Lanier,GA,6.20
13175,Laurens,GA,6.40
13177,Lee,GA,6.13
13179,Liberty,GA,6.47
13181,Lincoln,GA,6.30
13183,Long,GA,6.33
13185,Lowndes,GA,6.40
13187,Lumpkin,GA,6.47
13189,McDuffie,GA,6.10
13191,McIntosh,GA,6.27
13193,Macon,GA,5.83
13195,Madison,GA,6.33
13197,Marion,GA,6.00
13199,Meriwether,GA,6.03
13201,Miller,GA,6.27
13205,Mitchell,GA,6.40
13207,Monroe,GA,6.37
13209,Montgomery,GA,6.33
13211,Morgan,GA,6.37
13213,Murray,GA,6.47
13215,Muscogee,GA,6.17
13217,Newton,GA,6.27
13219,Oconee,GA,6.40
13221,Oglethorpe,GA,6.47
13223,Paulding,GA,6.43
13225,Peach,GA,6.10
13227,Pickens,GA,6.50
13229,Pierce,GA,6.37
13231,Pike,GA,6.07
13233,Polk,GA,6.43
13235,Pulaski,GA,6.23
13237,Putnam,GA,6.40
13239,Quitman,GA,6.20
13241,Rabun,GA,6.53
13243,Randolph,GA,6.27
13245,Richmond,GA,6.07
13247,Rockdale,GA,6.37
13249,Schley,GA,5.87
13251,Screven,GA,6.30
13253,Seminole,GA,6.27
13255,Spalding,GA,6.10
13257,Stephens,GA,6.27
13259,Stewart,GA,6.03
13261,Sumter,GA,6.07
13263,Talbot,GA,6.17
13265,Taliaferro,GA,6.20
13267,Tattnall,GA,6.17
13269,Taylor,GA,5.90
13271,Telfair,GA,6.40
13273,Terrell,GA,6.13
13275,Thomas,GA,6.17
13277,Tift,GA,6.23
13279,Toombs,GA,6.23
13281,Towns,GA,1.40
13283,Treutlen,GA,6.40
13285,Troup,GA,5.93
13287,Turner,GA,6.23
13289,Twiggs,GA,6.03
13291,Union,GA,5.30
13293,Upson,GA,6.10
13295,Walker,GA,6.47
13297,Walton,GA,6.47
13299,Ware,GA,6.53
13301,Warren,GA,6.23
13303,Washington,GA,6.00
13305,Wayne,GA,6.37
13307,Webster,GA,6.20
13309,Wheeler,GA,6.33
13311,White,GA,6.40
13313,Whitfield,GA,6.37
13315,Wilcox,GA,6.33
13317,Wilkes,GA,6.23
13319,Wilkinson,GA,6.20
13321,Worth,GA,6.30
16001,Ada,ID,5.83
16003,Adams,ID,1.57
16005,Bannock,ID,1.50
16007,Bear Lake,ID,0.00
16009,Benewah,ID,0.23
16011,Bingham,ID,3.67
16013,Blaine,ID,5.23
16015,Boise,ID,3.97
16017,Bonner,ID,0.43
16019,Bonneville,ID,1.43
16021,Boundary,ID,0.30
16023,Butte,ID,1.20
16025,Camas,ID,0.77
16027,Canyon,ID,5.67
16029,Caribou,ID,0.00
16031,Cassia,ID,4.90
16033,Clark,ID,0.57
16035,Clearwater,ID,3.77
16037,Custer,ID,0.00
16039,Elmore,ID,6.20
16041,Franklin,ID,2.00
16043,Fremont,ID,0.27
16045,Gem,ID,5.87
16047,Gooding,ID,6.13
16049,Idaho,ID,3.43
16051,Jefferson,ID,1.03
16053,Jerome,ID,6.00
16055,Kootenai,ID,0.37
16057,Latah,ID,1.97
16059,Lemhi,ID,0.00
16061,Lewis,ID,1.53
16063,Lincoln,ID,5.83
16065,Madison,ID,0.63
16067,Minidoka,ID,5.97
16069,Nez Perce,ID,6.10
16071,Oneida,ID,2.90
16073,Owyhee,ID,6.10
16075,Payette,ID,5.90
16077,Power,ID,3.47
16079,Shoshone,ID,0.10
16081,Teton,ID,0.00
16083,Twin Falls,ID,6.03
16085,Valley,ID,0.00
16087,Washington,ID,5.90
17001,Adams,IL,6.00
17003,Alexander,IL,5.80
17005,Bond,IL,6.33
17007,Boone,IL,5.90
17009,Brown,IL,6.10
17011,Bureau,IL,5.53
17013,Calhoun,IL,6.30
17015,Carroll,IL,5.83
17017,Cass,IL,5.87
17019,Champaign,IL,6.00
17021,Christian,IL,5.93
17023,Clark,IL,5.70
17025,Clay,IL,5.90
17027,Clinton,IL,6.37
17029,Coles,IL,5.87
17031,Cook,IL,5.90
17033,Crawford,IL,5.83
17035,Cumberland,IL,6.07
17037,DeKalb,IL,5.77
17039,De Witt,IL,5.97
17041,Douglas,IL,5.90
17043,DuPage,IL,5.77
17045,Edgar,IL,5.87
17047,Edwards,IL,5.97
17049,Effingham,IL,5.90
17051,Fayette,IL,5.97
17053,Ford,IL,6.07
17055,Franklin,IL,6.07
17057,Fulton,IL,5.77
17059,Gallatin,IL,5.87
17061,Greene,IL,5.97
17063,Grundy,IL,5.93
17065,Hamilton,IL,6.20
17067,Hancock,IL,5.97
17069,Hardin,IL,5.83
17071,Henderson,IL,5.93
17073,Henry,IL,5.53
17075,Iroquois,IL,5.83
17077,Jackson,IL,6.27
17079,Jasper,IL,5.90
17081,Jefferson,IL,6.03
17083,Jersey,IL,6.27
17085,Jo Daviess,IL,5.80
17087,Johnson,IL,5.83
17089,Kane,IL,5.67
17091,Kankakee,IL,5.87
17093,Kendall,IL,5.83
17095,Knox,IL,5.67
17097,Lake,IL,5.70
17099,LaSalle,IL,6.03
17101,Lawrence,IL,6.03
17103,Lee,IL,5.73
17105,Livingston,IL,5.93
17107,Logan,IL,6.00
17109,McDonough,IL,5.97
17111,McHenry,IL,5.80
17113,McLean,IL,5.90
17115,Macon,IL,6.03
17117,Macoupin,IL,6.17
17119,Madison,IL,6.13
17121,Marion,IL,6.03
17123,Marshall,IL,5.73
17125,Mason,IL,5.70
17127,Massac,IL,6.00
17129,Menard,IL,5.87
17131,Mercer,IL,5.67
17133,Monroe,IL,6.17
17135,Montgomery,IL,6.07
17137,Morgan,IL,5.97
17139,Moultrie,IL,5.87
17141,Ogle,IL,5.73
17143,Peoria,IL,5.63
17145,Perry,IL,6.23
17147,Piatt,IL,5.97
17149,Pike,IL,5.93
17151,Pope,IL,6.00
17153,Pulaski,IL,5.67
17155,Putnam,IL,5.73
17157,Randolph,IL,6.33
17159,Richland,IL,5.90
17161,Rock Island,IL,5.70
17163,St. Clair,IL,6.23
17165,Saline,IL,6.10
17167,Sangamon,IL,5.93
17169,Schuyler,IL,5.93
17171,Scott,IL,5.93
17173,Shelby,IL,6.03
17175,Stark,IL,5.57
17177,Stephenson,IL,5.83
17179,Tazewell,IL,5.67
17181,Union,IL,5.87
17183,Vermilion,IL,5.93
17185,Wabash,IL,6.03
17187,Warren,IL,5.87
17189,Washington,IL,6.13
17191,Wayne,IL,5.90
17193,White,IL,6.10
17195,Whiteside,IL,5.60
17197,Will,IL,5.87
17199,Williamson,IL,6.00
17201,Winnebago,IL,5.80
17203,Woodford,IL,5.70
18001,Adams,IN,5.47
18003,Allen,IN,5.70
18005,Bartholomew,IN,5.83
18007,Benton,IN,6.10
18009,Blackford,IN,5.53
18011,Boone,IN,5.90
18013,Brown,IN,5.90
18015,Carroll,IN,5.80
18017,Cass,IN,5.97
18019,Clark,IN,6.00
18021,Clay,IN,5.77
18023,Clinton,IN,5.83
18025,Crawford,IN,6.03
18027,Daviess,IN,5.90
18029,Dearborn,IN,6.00
18031,Decatur,IN,5.97
18033,DeKalb,IN,5.80
18035,Delaware,IN,5.83
18037,Dubois,IN,5.80
18039,Elkhart,IN,5.67
18041,Fayette,IN,6.00
18043,Floyd,IN,5.80
18045,Fountain,IN,5.77
18047,Franklin,IN,6.03
18049,Fulton,IN,5.93
18051,Gibson,IN,5.83
18053,Grant,IN,5.73
18055,Greene,IN,5.87
18057,Hamilton,IN,5.90
18059,Hancock,IN,6.20
18061,Harrison,IN,5.77
18063,Hendricks,IN,5.80
18065,Henry,IN,5.93
18067,Howard,IN,5.70
18069,Huntington,IN,5.63
18071,Jackson,IN,6.07
18073,Jasper,IN,5.83
18075,Jay,IN,5.57
18077,Jefferson,IN,5.77
18079,Jennings,IN,5.73
18081,Johnson,IN,5.90
18083,Knox,IN,6.00
18085,Kosciusko,IN,5.80
18087,LaGrange,IN,5.73
18089,Lake,IN,5.77
18091,LaPorte,IN,5.77
18093,Lawrence,IN,5.97
18095,Madison,IN,5.80
18097,Marion,IN,5.97
18099,Marshall,IN,5.80
18101,Martin,IN,5.93
18103,Miami,IN,5.83
18105,Monroe,IN,5.97
18107,Montgomery,IN,5.93
18109,Morgan,IN,5.90
18111,Newton,IN,5.97
18113,Noble,IN,5.73
18115,Ohio,IN,5.83
18117,Orange,IN,6.03
18119,Owen,IN,5.83
18121,Parke,IN,5.77
18123,Perry,IN,5.83
18125,Pike,IN,5.77
18127,Porter,IN,5.73
18129,Posey,IN,5.90
18131,Pulaski,IN,6.10
18133,Putnam,IN,5.77
18135,Randolph,IN,5.77
18137,Ripley,IN,5.87
18139,Rush,IN,6.13
18141,St. Joseph,IN,5.80
18143,Scott,IN,6.07
18145,Shelby,IN,5.97
18147,Spencer,IN,5.70
18149,Starke,IN,5.67
18151,Steuben,IN,5.93
18153,Sullivan,IN,5.73
18155,Switzerland,IN,5.83
18157,Tippecanoe,IN,5.80
18159,Tipton,IN,5.77
18161,Union,IN,6.03
18163,Vanderburgh,IN,6.07
18165,Vermillion,IN,6.00
18167,Vigo,IN,5.83
18169,Wabash,IN,5.70
18171,Warren,IN,5.97
18173,Warrick,IN,5.73
18175,Washington,IN,6.20
18177,Wayne,IN,5.90
18179,Wells,IN,5.67
18181,White,IN,5.93
18183,Whitley,IN,5.67
19001,Adair,IA,5.77
19003,Adams,IA,5.53
19005,Allamakee,IA,5.90
19007,Appanoose,IA,5.93
19009,Audubon,IA,6.00
19011,Benton,IA,5.90
19013,Black Hawk,IA,6.03
19015,Boone,IA,6.07
19017,Bremer,IA,5.93
19019,Buchanan,IA,6.07
19021,Buena Vista,IA,5.73
19023,Butler,IA,6.03
19025,Calhoun,IA,5.80
19027,Carroll,IA,5.93
19029,Cass,IA,5.83
19031,Cedar,IA,5.77
19033,Cerro Gordo,IA,5.73
19035,Cherokee,IA,5.93
19037,Chickasaw,IA,5.77
19039,Clarke,IA,6.03
19041,Clay,IA,5.93
19043,Clayton,IA,5.90
19045,Clinton,IA,5.77
19047,Crawford,IA,5.93
19049,Dallas,IA,5.90
19051,Davis,IA,5.83
19053,Decatur,IA,6.13
19055,Delaware,IA,5.83
19057,Des Moines,IA,5.83
19059,Dickinson,IA,5.93
19061,Dubuque,IA,5.87
19063,Emmet,IA,5.80
19065,Fayette,IA,5.87
19067,Floyd,IA,5.80
19069,Franklin,IA,5.93
19071,Fremont,IA,5.77
19073,Greene,IA,5.93
19075,Grundy,IA,6.10
19077,Guthrie,IA,6.03
19079,Hamilton,IA,5.87
19081,Hancock,IA,5.77
19083,Hardin,IA,5.93
19085,Harrison,IA,5.70
19087,Henry,IA,5.70
19089,Howard,IA,5.73
19091,Humboldt,IA,5.83
19093,Ida,IA,5.80
19095,Iowa,IA,5.87
19097,Jackson,IA,5.80
19099,Jasper,IA,5.93
19101,Jefferson,IA,5.87
19103,Johnson,IA,5.63
19105,Jones,IA,5.67
19107,Keokuk,IA,6.00
19109,Kossuth,IA,5.83
19111,Lee,IA,5.77
19113,Linn,IA,5.73
19115,Louisa,IA,5.80
19117,Lucas,IA,5.97
19119,Lyon,IA,5.83
19121,Madison,IA,5.83
19123,Mahaska,IA,5.87
19125,Marion,IA,5.87
19127,Marshall,IA,6.03
19129,Mills,IA,5.80
19131,Mitchell,IA,5.77
19133,Monona,IA,5.83
19135,Monroe,IA,5.97
19137,Montgomery,IA,5.80
19139,Muscatine,IA,5.60
19141,O'Brien,IA,6.03
19143,Osceola,IA,5.77
19145,Page,IA,5.73
19147,Palo Alto,IA,5.97
19149,Plymouth,IA,5.73
19151,Pocahontas,IA,5.73
19153,Polk,IA,5.77
19155,Pottawattamie,IA,5.77
19157,Poweshiek,IA,5.93
19159,Ringgold,IA,5.77
19161,Sac,IA,5.67
19163,Scott,IA,5.60
19165,Shelby,IA,5.93
19167,Sioux,IA,5.83
19169,Story,IA,6.03
19171,Tama,IA,6.20
19173,Taylor,IA,5.63
19175,Union,IA,5.80
19177,Van Buren,IA,5.83
19179,Wapello,IA,5.90
19181,Warren,IA,5.73
19183,Washington,IA,5.73
19185,Wayne,IA,6.13
19187,Webster,IA,5.77
19189,Winnebago,IA,5.60
19191,Winneshiek,IA,5.73
19193,Woodbury,IA,5.70
19195,Worth,IA,5.70
19197,Wright,IA,6.00
20001,Allen,KS,5.50
20003,Anderson,KS,5.73
20005,Atchison,KS,5.87
20007,Barber,KS,5.80
20009,Barton,KS,5.47
20011,Bourbon,KS,5.60
20013,Brown,KS,6.03
20015,Butler,KS,5.30
20017,Chase,KS,5.27
20019,Chautauqua,KS,5.63
20021,Cherokee,KS,5.77
20023,Cheyenne,KS,6.13
20025,Clark,KS,6.23
20027,Clay,KS,5.67
20029,Cloud,KS,5.83
20031,Coffey,KS,5.50
20033,Comanche,KS,6.10
20035,Cowley,KS,5.60
20037,Crawford,KS,5.73
20039,Decatur,KS,6.00
20041,Dickinson,KS,5.53
20043,Doniphan,KS,6.17
20045,Douglas,KS,5.93
20047,Edwards,KS,5.83
20049,Elk,KS,5.33
20051,Ellis,KS,5.97
20053,Ellsworth,KS,5.53
20055,Finney,KS,6.17
20057,Ford,KS,5.93
20059,Franklin,KS,5.73
20061,Geary,KS,5.50
20063,Gove,KS,6.10
20065,Graham,KS,5.90
20067,Grant,KS,6.23
20069,Gray,KS,6.40
20071,Greeley,KS,6.00
20073,Greenwood,KS,5.50
20075,Hamilton,KS,5.77
20077,Harper,KS,5.63
20079,Harvey,KS,5.37
20081,Haskell,KS,6.40
20083,Hodgeman,KS,5.67
20085,Jackson,KS,5.87
20087,Jefferson,KS,5.73
20089,Jewell,KS,6.03
20091,Johnson,KS,6.03
20093,Kearny,KS,6.00
20095,Kingman,KS,5.80
20097,Kiowa,KS,6.17
20099,Labette,KS,5.77
20101,Lane,KS,5.90
20103,Leavenworth,KS,6.00
20105,Lincoln,KS,5.80
20107,Linn,KS,5.87
20109,Logan,KS,5.90
20111,Lyon,KS,5.70
20113,McPherson,KS,5.47
20115,Marion,KS,5.33
20117,Marshall,KS,6.00
20119,Meade,KS,6.07
20121,Miami,KS,5.93
20123,Mitchell,KS,6.20
20125,Montgomery,KS,5.47
20127,Morris,KS,5.93
20129,Morton,KS,6.07
20131,Nemaha,KS,5.90
20133,Neosho,KS,5.53
20135,Ness,KS,5.80
20137,Norton,KS,5.77
20139,Osage,KS,5.83
20141,Osborne,KS,5.80
20143,Ottawa,KS,5.77
20145,Pawnee,KS,5.80
20147,Phillips,KS,6.10
20149,Pottawatomie,KS,5.97
20151,Pratt,KS,5.83
20153,Rawlins,KS,6.13
20155,Reno,KS,5.83
20157,Republic,KS,6.07
20159,Rice,KS,5.50
20161,Riley,KS,5.97
20163,Rooks,KS,5.90
20165,Rush,KS,5.50
20167,Russell,KS,5.67
20169,Saline,KS,5.60
20171,Scott,KS,5.90
20173,Sedgwick,KS,5.47
20175,Seward,KS,6.47
20177,Shawnee,KS,5.87
20179,Sheridan,KS,5.90
20181,Sherman,KS,5.83
20183,Smith,KS,6.17
20185,Stafford,KS,5.73
20187,Stanton,KS,5.83
20189,Stevens,KS,6.10
20191,Sumner,KS,5.70
20193,Thomas,KS,5.83
20195,Trego,KS,6.00
20197,Wabaunsee,KS,5.97
20199,Wallace,KS,5.97
20201,Washington,KS,6.17
20203,Wichita,KS,6.00
20205,Wilson,KS,5.40
20207,Woodson,KS,5.53
20209,Wyandotte,KS,6.10
21001,Adair,KY,6.13
21003,Allen,KY,5.97
21005,Anderson,KY,5.97
21007,Ballard,KY,5.90
21009,Barren,KY,6.07
21011,Bath,KY,5.93
21013,Bell,KY,6.67
21015,Boone,KY,5.83
21017,Bourbon,KY,5.97
21019,Boyd,KY,6.17
21021,Boyle,KY,6.23
21023,Bracken,KY,5.77
21025,Breathitt,KY,6.27
21027,Breckinridge,KY,6.03
21029,Bullitt,KY,5.90
21031,Butler,KY,6.00
21033,Caldwell,KY,6.00
21035,Calloway,KY,6.07
21037,Campbell,KY,5.90
21039,Carlisle,KY,6.00
21041,Carroll,KY,5.87
21043,Carter,KY,6.00
21045,Casey,KY,6.27
21047,Christian,KY,5.93
21049,Clark,KY,6.07
21051,Clay,KY,6.33
21053,Clinton,KY,6.37
21055,Crittenden,KY,5.90
21057,Cumberland,KY,6.13
21059,Daviess,KY,6.10
21061,Edmonson,KY,5.93
21063,Elliott,KY,6.17
21065,Estill,KY,6.10
21067,Fayette,KY,5.80
21069,Fleming,KY,6.10
21071,Floyd,KY,6.37
21073,Franklin,KY,5.77
21075,Fulton,KY,6.33
21077,Gallatin,KY,5.77
21079,Garrard,KY,6.33
21081,Grant,KY,5.73
21083,Graves,KY,6.10
21085,Grayson,KY,6.07
21087,Green,KY,6.00
21089,Greenup,KY,6.07
21091,Hancock,KY,5.87
21093,Hardin,KY,6.23
21095,Harlan,KY,4.97
21097,Harrison,KY,5.83
21099,Hart,KY,6.03
21101,Henderson,KY,6.07
21103,Henry,KY,5.80
21105,Hickman,KY,6.13
21107,Hopkins,KY,5.83
21109,Jackson,KY,6.30
21111,Jefferson,KY,5.87
21113,Jessamine,KY,6.07
21115,Johnson,KY,6.07
21117,Kenton,KY,5.87
21119,Knott,KY,6.33
21121,Knox,KY,6.53
21123,Larue,KY,6.13
21125,Laurel,KY,6.47
21127,Lawrence,KY,6.03
21129,Lee,KY,6.17
21131,Leslie,KY,6.63
21133,Letcher,KY,6.33
21135,Lewis,KY,6.03
21137,Lincoln,KY,6.40
21139,Livingston,KY,5.90
21141,Logan,KY,6.03
21143,Lyon,KY,5.97
21145,McCracken,KY,5.90
21147,McCreary,KY,6.50
21149,McLean,KY,5.97
21151,Madison,KY,6.20
21153,Magoffin,KY,6.23
21155,Marion,KY,6.10
21157,Marshall,KY,5.93
21159,Martin,KY,6.17
21161,Mason,KY,5.90
21163,Meade,KY,6.03
21165,Menifee,KY,6.27
21167,Mercer,KY,5.93
21169,Metcalfe,KY,6.20
21171,Monroe,KY,6.17
21173,Montgomery,KY,5.87
21175,Morgan,KY,6.20
21177,Muhlenberg,KY,5.93
21179,Nelson,KY,5.97
21181,Nicholas,KY,5.97
21183,Ohio,KY,6.10
21185,Oldham,KY,5.83
21187,Owen,KY,5.73
21189,Owsley,KY,6.30
21191,Pendleton,KY,5.70
21193,Perry,KY,6.57
21195,Pike,KY,6.33
21197,Powell,KY,6.00
21199,Pulaski,KY,6.50
21201,Robertson,KY,5.87
21203,Rockcastle,KY,6.43
21205,Rowan,KY,5.93
21207,Russell,KY,6.13
21209,Scott,KY,5.77
21211,Shelby,KY,5.70
21213,Simpson,KY,6.07
21215,Spencer,KY,5.90
21217,Taylor,KY,6.20
21219,Todd,KY,6.23
21221,Trigg,KY,5.93
21223,Trimble,KY,5.87
21225,Union,KY,5.77
21227,Warren,KY,6.13
21229,Washington,KY,6.20
21231,Wayne,KY,6.47
21233,Webster,KY,5.90
21235,Whitley,KY,6.53
21237,Wolfe,KY,6.20
21239,Woodford,KY,5.77
22001,Acadia,LA,5.80
22003,Allen,LA,5.90
22005,Ascension,LA,6.43
22007,Assumption,LA,6.40
22009,Avoyelles,LA,6.17
22011,Beauregard,LA,5.57
22013,Bienville,LA,5.63
22015,Bossier,LA,5.83
22017,Caddo,LA,5.63
22019,Calcasieu,LA,5.27
22021,Caldwell,LA,5.93
22023,Cameron,LA,5.97
22025,Catahoula,LA,6.20
22027,Claiborne,LA,6.10
22029,Concordia,LA,6.30
22031,De Soto,LA,5.57
22033,East Baton Rouge,LA,6.43
22035,East Carroll,LA,6.30
22037,East Feliciana,LA,6.40
22039,Evangeline,LA,5.97
22041,Franklin,LA,6.30
22043,Grant,LA,5.93
22045,Iberia,LA,6.37
22047,Iberville,LA,6.33
22049,Jackson,LA,5.90
22051,Jefferson,LA,6.57
22053,Jefferson Davis,LA,5.43
22055,Lafayette,LA,5.93
22057,Lafourche,LA,6.43
22059,LaSalle,LA,6.07
22061,Lincoln,LA,5.90
22063,Livingston,LA,6.10
22065,Madison,LA,6.37
22067,Morehouse,LA,6.07
22069,Natchitoches,LA,5.77
22071,Orleans,LA,6.47
22073,Ouachita,LA,5.93
22075,Plaquemines,LA,6.63
22077,Pointe Coupee,LA,6.37
22079,Rapides,LA,5.93
22081,Red River,LA,5.73
22083,Richland,LA,5.80
22085,Sabine,LA,5.77
22087,St. Bernard,LA,6.80
22089,St. Charles,LA,6.47
22091,St. Helena,LA,6.20
22093,St. James,LA,6.47
22095,St. John the Baptist,LA,6.37
22097,St. Landry,LA,6.03
22099,St. Martin,LA,6.20
22101,St. Mary,LA,6.57
22103,St. Tammany,LA,6.33
22105,Tangipahoa,LA,6.20
22107,Tensas,LA,6.43
22109,Terrebonne,LA,6.47
22111,Union,LA,6.03
22113,Vermilion,LA,5.93
22115,Vernon,LA,5.93
22117,Washington,LA,6.20
22119,Webster,LA,5.90
22121,West Baton Rouge,LA,6.33
22123,West Carroll,LA,6.27
22125,West Feliciana,LA,6.37
22127,Winn,LA,5.87
23001,Androscoggin,ME,1.10
23003,Aroostook,ME,0.40
23005,Cumberland,ME,1.17
23007,Franklin,ME,0.70
23009,Hancock,ME,0.17
23011,Kennebec,ME,1.13
23013,Knox,ME,0.27
23015,Lincoln,ME,0.27
23017,Oxford,ME,1.20
23019,Penobscot,ME,0.53
23021,Piscataquis,ME,0.47
23023,Sagadahoc,ME,0.33
23025,Somerset,ME,0.73
23027,Waldo,ME,0.60
23029,Washington,ME,0.23
23031,York,ME,1.70
24001,Allegany,MD,6.03
24003,Anne Arundel,MD,5.90
24005,Baltimore,MD,5.90
24009,Calvert,MD,5.90
24011,Caroline,MD,5.67
24013,Carroll,MD,5.90
24015,Cecil,MD,5.80
24017,Charles,MD,5.90
24019,Dorchester,MD,5.60
24021,Frederick,MD,5.83
24023,Garrett,MD,0.40
24025,Harford,MD,5.93
24027,Howard,MD,5.90
24029,Kent,MD,5.97
24031,Montgomery,MD,5.70
24033,Prince George's,MD,5.93
24035,Queen Anne's,MD,5.87
24037,St. Mary's,MD,5.87
24039,Somerset,MD,5.63
24041,Talbot,MD,5.77
24043,Washington,MD,6.07
24045,Wicomico,MD,5.50
24047,Worcester,MD,6.00
24510,Baltimore,MD,5.83
25001,Barnstable,MA,1.40
25003,Berkshire,MA,1.57
25005,Bristol,MA,2.47
25007,Dukes,MA,0.00
25009,Essex,MA,2.57
25011,Franklin,MA,3.67
25013,Hampden,MA,4.97
25015,Hampshire,MA,4.10
25017,Middlesex,MA,3.23
25019,Nantucket,MA,0.00
25021,Norfolk,MA,2.77
25023,Plymouth,MA,2.60
25025,Suffolk,MA,3.10
25027,Worcester,MA,3.00
26001,Alcona,MI,1.67
26003,Alger,MI,1.00
26005,Allegan,MI,6.00
26007,Alpena,MI,1.37
26009,Antrim,MI,1.33
26011,Arenac,MI,2.80
26013,Baraga,MI,1.23
26015,Barry,MI,5.20
26017,Bay,MI,3.97
26019,Benzie,MI,1.83
26021,Berrien,MI,5.73
26023,Branch,MI,5.80
26025,Calhoun,MI,4.87
26027,Cass,MI,5.70
26029,Charlevoix,MI,0.73
26031,Cheboygan,MI,0.67
26033,Chippewa,MI,0.20
26035,Clare,MI,2.07
26037,Clinton,MI,4.83
26039,Crawford,MI,1.13
26041,Delta,MI,1.67
26043,Dickinson,MI,1.43
26045,Eaton,MI,4.70
26047,Emmet,MI,0.60
26049,Genesee,MI,4.57
26051,Gladwin,MI,2.97
26053,Gogebic,MI,0.27
26055,Grand Traverse,MI,2.03
26057,Gratiot,MI,4.70
26059,Hillsdale,MI,5.63
26061,Houghton,MI,1.67
26063,Huron,MI,3.00
26065,Ingham,MI,4.43
26067,Ionia,MI,5.07
26069,Iosco,MI,2.63
26071,Iron,MI,0.70
26073,Isabella,MI,3.53
26075,Jackson,MI,4.77
26077,Kalamazoo,MI,5.83
26079,Kalkaska,MI,2.10
26081,Kent,MI,5.53
26083,Keweenaw,MI,0.13
26085,Lake,MI,2.23
26087,Lapeer,MI,3.93
26089,Leelanau,MI,0.93
26091,Lenawee,MI,5.63
26093,Livingston,MI,4.67
26095,Luce,MI,0.13
26097,Mackinac,MI,0.20
26099,Macomb,MI,5.90
26101,Manistee,MI,2.17
26103,Marquette,MI,0.93
26105,Mason,MI,2.40
26107,Mecosta,MI,2.77
26109,Menominee,MI,2.03
26111,Midland,MI,3.80
26113,Missaukee,MI,1.30
26115,Monroe,MI,5.67
26117,Montcalm,MI,3.80
26119,Montmorency,MI,1.37
26121,Muskegon,MI,4.83
26123,Newaygo,MI,4.20
26125,Oakland,MI,5.53
26127,Oceana,MI,3.43
26129,Ogemaw,MI,2.03
26131,Ontonagon,MI,0.97
26133,Osceola,MI,1.80
26135,Oscoda,MI,1.20
26137,Otsego,MI,0.77
26139,Ottawa,MI,5.43
26141,Presque Isle,MI,0.13
26143,Roscommon,MI,1.47
26145,Saginaw,MI,5.23
26147,St. Clair,MI,5.93
26149,St. Joseph,MI,5.73
26151,Sanilac,MI,3.47
26153,Schoolcraft,MI,0.50
26155,Shiawassee,MI,4.70
26157,Tuscola,MI,4.93
26159,Van Buren,MI,5.90
26161,Washtenaw,MI,5.77
26163,Wayne,MI,5.83
26165,Wexford,MI,1.80
27001,Aitkin,MN,2.73
27003,Anoka,MN,5.57
27005,Becker,MN,4.37
27007,Beltrami,MN,2.80
27009,Benton,MN,5.07
27011,Big Stone,MN,5.80
27013,Blue Earth,MN,5.67
27015,Brown,MN,5.60
27017,Carlton,MN,2.23
27019,Carver,MN,5.47
27021,Cass,MN,2.67
27023,Chippewa,MN,5.80
27025,Chisago,MN,5.20
27027,Clay,MN,6.00
27029,Clearwater,MN,2.67
27031,Cook,MN,0.47
27033,Cottonwood,MN,5.80
27035,Crow Wing,MN,2.83
27037,Dakota,MN,5.57
27039,Dodge,MN,5.43
27041,Douglas,MN,4.50
27043,Faribault,MN,5.70
27045,Fillmore,MN,5.67
27047,Freeborn,MN,5.70
27049,Goodhue,MN,5.70
27051,Grant,MN,5.67
27053,Hennepin,MN,5.47
27055,Houston,MN,5.57
27057,Hubbard,MN,2.30
27059,Isanti,MN,4.83
27061,Itasca,MN,1.60
27063,Jackson,MN,5.67
27065,Kanabec,MN,3.93
27067,Kandiyohi,MN,5.57
27069,Kittson,MN,3.60
27071,Koochiching,MN,1.33
27073,Lac qui Parle,MN,5.87
27075,Lake,MN,1.23
27077,Lake of the Woods,MN,1.67
27079,Le Sueur,MN,5.43
27081,Lincoln,MN,5.93
27083,Lyon,MN,6.03
27085,McLeod,MN,5.43
27087,Mahnomen,MN,4.13
27089,Marshall,MN,4.50
27091,Martin,MN,5.53
27093,Meeker,MN,5.57
27095,Mille Lacs,MN,4.80
27097,Morrison,MN,4.13
27099,Mower,MN,5.80
27101,Murray,MN,5.67
27103,Nicollet,MN,5.77
27105,Nobles,MN,5.67
27107,Norman,MN,5.97
27109,Olmsted,MN,5.43
27111,Otter Tail,MN,5.70
27113,Pennington,MN,3.57
27115,Pine,MN,3.97
27117,Pipestone,MN,5.70
27119,Polk,MN,5.63
27121,Pope,MN,5.67
27123,Ramsey,MN,5.50
27125,Red Lake,MN,4.20
27127,Redwood,MN,5.87
27129,Renville,MN,5.67
27131,Rice,MN,5.63
27133,Rock,MN,5.83
27135,Roseau,MN,2.23
27137,St. Louis,MN,2.63
27139,Scott,MN,5.63
27141,Sherburne,MN,5.57
27143,Sibley,MN,5.47
27145,Stearns,MN,5.53
27147,Steele,MN,5.47
27149,Stevens,MN,5.63
27151,Swift,MN,5.67
27153,Todd,MN,3.43
27155,Traverse,MN,5.63
27157,Wabasha,MN,5.60
27159,Wadena,MN,2.30
27161,Waseca,MN,5.70
27163,Washington,MN,5.73
27165,Watonwan,MN,5.60
27167,Wilkin,MN,5.80
27169,Winona,MN,5.67
27171,Wright,MN,5.40
27173,Yellow Medicine,MN,5.87
28001,Adams,MS,6.37
28003,Alcorn,MS,6.40
28005,Amite,MS,6.13
28007,Attala,MS,6.43
28009,Benton,MS,6.30
28011,Bolivar,MS,6.33
28013,Calhoun,MS,6.40
28015,Carroll,MS,6.07
28017,Chickasaw,MS,6.17
28019,Choctaw,MS,6.30
28021,Claiborne,MS,6.20
28023,Clarke,MS,6.03
28025,Clay,MS,6.40
28027,Coahoma,MS,6.23
28029,Copiah,MS,5.87
28031,Covington,MS,6.23
28033,DeSoto,MS,6.10
28035,Forrest,MS,6.10
28037,Franklin,MS,6.27
28039,George,MS,6.17
28041,Greene,MS,6.10
28043,Grenada,MS,6.37
28045,Hancock,MS,6.37
28047,Harrison,MS,6.57
28049,Hinds,MS,6.13
28051,Holmes,MS,6.07
28053,Humphreys,MS,6.30
28055,Issaquena,MS,6.07
28057,Itawamba,MS,6.43
28059,Jackson,MS,6.23
28061,Jasper,MS,6.20
28063,Jefferson,MS,6.47
28065,Jefferson Davis,MS,6.07
28067,Jones,MS,6.27
28069,Kemper,MS,6.10
28071,Lafayette,MS,6.20
28073,Lamar,MS,6.30
28075,Lauderdale,MS,6.17
28077,Lawrence,MS,6.07
28079,Leake,MS,6.20
28081,Lee,MS,6.20
28083,Leflore,MS,6.17
28085,Lincoln,MS,5.87
28087,Lowndes,MS,6.27
28089,Madison,MS,6.03
28091,Marion,MS,6.27
28093,Marshall,MS,6.40
28095,Monroe,MS,6.30
28097,Montgomery,MS,6.27
28099,Neshoba,MS,6.10
28101,Newton,MS,6.07
28103,Noxubee,MS,6.27
28105,Oktibbeha,MS,6.33
28107,Panola,MS,6.20
28109,Pearl River,MS,6.37
28111,Perry,MS,6.13
28113,Pike,MS,6.00
28115,Pontotoc,MS,6.23
28117,Prentiss,MS,6.33
28119,Quitman,MS,6.13
28121,Rankin,MS,6.03
28123,Scott,MS,6.03
28125,Sharkey,MS,6.13
28127,Simpson,MS,5.97
28129,Smith,MS,6.37
28131,Stone,MS,6.30
28133,Sunflower,MS,6.27
28135,Tallahatchie,MS,6.13
28137,Tate,MS,6.17
28139,Tippah,MS,6.30
28141,Tishomingo,MS,6.43
28143,Tunica,MS,6.13
28145,Union,MS,6.27
28147,Walthall,MS,6.20
28149,Warren,MS,6.23
28151,Washington,MS,5.90
28153,Wayne,MS,6.37
28155,Webster,MS,6.17
28157,Wilkinson,MS,6.20
28159,Winston,MS,6.20
28161,Yalobusha,MS,6.10
28163,Yazoo,MS,6.00
29001,Adair,MO,6.00
29003,Andrew,MO,6.13
29005,Atchison,MO,6.20
29007,Audrain,MO,6.40
29009,Barry,MO,6.33
29011,Barton,MO,5.93
29013,Bates,MO,6.00
29015,Benton,MO,6.30
29017,Bollinger,MO,6.00
29019,Boone,MO,6.43
29021,Buchanan,MO,6.23
29023,Butler,MO,5.90
29025,Caldwell,MO,6.30
29027,Callaway,MO,6.40
29029,Camden,MO,6.17
29031,Cape Girardeau,MO,6.00
29033,Carroll,MO,6.33
29035,Carter,MO,5.73
29037,Cass,MO,6.17
29039,Cedar,MO,6.17
29041,Chariton,MO,6.23
29043,Christian,MO,6.13
29045,Clark,MO,5.87
29047,Clay,MO,6.43
29049,Clinton,MO,6.37
29051,Cole,MO,6.40
29053,Cooper,MO,6.43
29055,Crawford,MO,6.30
29057,Dade,MO,6.10
29059,Dallas,MO,6.37
29061,Daviess,MO,6.30
29063,DeKalb,MO,6.30
29065,Dent,MO,6.03
29067,Douglas,MO,6.40
29069,Dunklin,MO,6.17
29071,Franklin,MO,6.17
29073,Gasconade,MO,6.20
29075,Gentry,MO,6.07
29077,Greene,MO,6.23
29079,Grundy,MO,6.40
29081,Harrison,MO,6.13
29083,Henry,MO,6.27
29085,Hickory,MO,6.33
29087,Holt,MO,5.97
29089,Howard,MO,6.37
29091,Howell,MO,6.20
29093,Iron,MO,6.23
29095,Jackson,MO,6.43
29097,Jasper,MO,5.80
29099,Jefferson,MO,6.23
29101,Johnson,MO,6.43
29103,Knox,MO,5.87
29105,Laclede,MO,6.37
29107,Lafayette,MO,6.43
29109,Lawrence,MO,6.30
29111,Lewis,MO,6.00
29113,Lincoln,MO,6.33
29115,Linn,MO,6.27
29117,Livingston,MO,6.27
29119,McDonald,MO,6.10
29121,Macon,MO,6.07
29123,Madison,MO,6.00
29125,Maries,MO,6.33
29127,Marion,MO,6.27
29129,Mercer,MO,6.27
29131,Miller,MO,6.27
29133,Mississippi,MO,6.00
29135,Moniteau,MO,6.43
29137,Monroe,MO,6.43
29139,Montgomery,MO,6.33
29141,Morgan,MO,6.40
29143,New Madrid,MO,5.93
29145,Newton,MO,6.17
29147,Nodaway,MO,5.97
29149,Oregon,MO,6.13
29151,Osage,MO,6.27
29153,Ozark,MO,5.97
29155,Pemiscot,MO,6.13
29157,Perry,MO,6.17
29159,Pettis,MO,6.37
29161,Phelps,MO,6.27
29163,Pike,MO,6.30
29165,Platte,MO,6.17
29167,Polk,MO,6.13
29169,Pulaski,MO,6.33
29171,Putnam,MO,6.10
29173,Ralls,MO,6.27
29175,Randolph,MO,6.30
29177,Ray,MO,6.37
29179,Reynolds,MO,6.07
29181,Ripley,MO,5.87
29183,St. Charles,MO,6.30
29185,St. Clair,MO,6.20
29186,Ste. Genevieve,MO,6.23
29187,St. Francois,MO,6.30
29189,St. Louis,MO,6.17
29195,Saline,MO,6.50
29197,Schuyler,MO,5.90
29199,Scotland,MO,5.93
29201,Scott,MO,5.73
29203,Shannon,MO,6.20
29205,Shelby,MO,6.10
29207,Stoddard,MO,5.97
29209,Stone,MO,6.13
29211,Sullivan,MO,6.27
29213,Taney,MO,6.07
29215,Texas,MO,6.20
29217,Vernon,MO,5.67
29219,Warren,MO,6.17
29221,Washington,MO,6.23
29223,Wayne,MO,6.00
29225,Webster,MO,6.47
29227,Worth,MO,5.90
29229,Wright,MO,6.40
29510,St. Louis,MO,6.27
30001,Beaverhead,MT,0.00
30003,Big Horn,MT,5.77
30005,Blaine,MT,5.17
30007,Broadwater,MT,0.37
30009,Carbon,MT,4.93
30011,Carter,MT,5.60
30013,Cascade,MT,1.97
30015,Chouteau,MT,4.77
30017,Custer,MT,5.70
30019,Daniels,MT,2.33
30021,Dawson,MT,5.57
30023,Deer Lodge,MT,0.00
30025,Fallon,MT,5.63
30027,Fergus,MT,5.57
30029,Flathead,MT,0.10
30031,Gallatin,MT,0.17
30033,Garfield,MT,5.80
30035,Glacier,MT,0.20
30037,Golden Valley,MT,3.30
30039,Granite,MT,0.07
30041,Hill,MT,3.97
30043,Jefferson,MT,0.10
30045,Judith Basin,MT,0.57
30047,Lake,MT,0.17
30049,Lewis and Clark,MT,0.30
30051,Liberty,MT,2.37
30053,Lincoln,MT,0.07
30055,McCone,MT,5.70
30057,Madison,MT,0.07
30059,Meagher,MT,0.00
30061,Mineral,MT,0.07
30063,Missoula,MT,0.07
30065,Musselshell,MT,5.70
30067,Park,MT,0.00
30069,Petroleum,MT,5.90
30071,Phillips,MT,6.07
30073,Pondera,MT,1.07
30075,Powder River,MT,5.90
30077,Powell,MT,0.07
30079,Prairie,MT,5.63
30081,Ravalli,MT,0.07
30083,Richland,MT,5.67
30085,Roosevelt,MT,5.70
30087,Rosebud,MT,5.87
30089,Sanders,MT,0.07
30091,Sheridan,MT,3.73
30093,Silver Bow,MT,0.00
30095,Stillwater,MT,3.83
30097,Sweet Grass,MT,0.97
30099,Teton,MT,1.13
30101,Toole,MT,1.20
30103,Treasure,MT,5.90
30105,Valley,MT,5.80
30107,Wheatland,MT,1.77
30109,Wibaux,MT,5.47
30111,Yellowstone,MT,5.70
31001,Adams,NE,6.13
31003,Antelope,NE,5.87
31005,Arthur,NE,6.43
31007,Banner,NE,6.07
31009,Blaine,NE,6.37
31011,Boone,NE,5.97
31013,Box Butte,NE,4.60
31015,Boyd,NE,6.13
31017,Brown,NE,6.40
31019,Buffalo,NE,6.17
31021,Burt,NE,5.73
31023,Butler,NE,5.83
31025,Cass,NE,5.70
31027,Cedar,NE,6.00
31029,Chase,NE,6.50
31031,Cherry,NE,6.33
31033,Cheyenne,NE,6.23
31035,Clay,NE,6.20
31037,Colfax,NE,5.83
31039,Cuming,NE,5.93
31041,Custer,NE,6.43
31043,Dakota,NE,5.87
31045,Dawes,NE,5.73
31047,Dawson,NE,6.37
31049,Deuel,NE,6.30
31051,Dixon,NE,5.60
31053,Dodge,NE,5.77
31055,Douglas,NE,5.67
31057,Dundy,NE,6.47
31059,Fillmore,NE,6.03
31061,Franklin,NE,6.13
31063,Frontier,NE,6.40
31065,Furnas,NE,6.00
31067,Gage,NE,5.93
31069,Garden,NE,6.50
31071,Garfield,NE,6.20
31073,Gosper,NE,6.27
31075,Grant,NE,5.67
31077,Greeley,NE,6.13
31079,Hall,NE,6.20
31081,Hamilton,NE,6.13
31083,Harlan,NE,6.10
31085,Hayes,NE,6.50
31087,Hitchcock,NE,6.27
31089,Holt,NE,6.10
31091,Hooker,NE,6.33
31093,Howard,NE,6.03
31095,Jefferson,NE,5.93
31097,Johnson,NE,6.07
31099,Kearney,NE,5.90
31101,Keith,NE,6.17
31103,Keya Paha,NE,6.07
31105,Kimball,NE,2.47
31107,Knox,NE,6.13
31109,Lancaster,NE,5.97
31111,Lincoln,NE,6.37
31113,Logan,NE,6.33
31115,Loup,NE,6.27
31117,McPherson,NE,6.17
31119,Madison,NE,6.00
31121,Merrick,NE,5.90
31123,Morrill,NE,6.13
31125,Nance,NE,5.97
31127,Nemaha,NE,6.33
31129,Nuckolls,NE,6.33
31131,Otoe,NE,6.00
31133,Pawnee,NE,6.23
31135,Perkins,NE,6.37
31137,Phelps,NE,6.03
31139,Pierce,NE,5.90
31141,Platte,NE,5.70
31143,Polk,NE,5.90
31145,Red Willow,NE,6.27
31147,Richardson,NE,6.10
31149,Rock,NE,6.13
31151,Saline,NE,6.10
31153,Sarpy,NE,5.53
31155,Saunders,NE,5.77
31157,Scotts Bluff,NE,6.33
31159,Seward,NE,5.93
31161,Sheridan,NE,6.23
31163,Sherman,NE,6.00
31165,Sioux,NE,5.87
31167,Stanton,NE,5.93
31169,Thayer,NE,6.10
31171,Thomas,NE,6.33
31173,Thurston,NE,5.73
31175,Valley,NE,6.07
31177,Washington,NE,5.60
31179,Wayne,NE,6.00
31181,Webster,NE,6.17
31183,Wheeler,NE,6.20
31185,York,NE,5.80
32001,Churchill,NV,6.60
32003,Clark,NV,6.73
32005,Douglas,NV,0.07
32007,Elko,NV,6.60
32009,Esmeralda,NV,6.93
32011,Eureka,NV,2.50
32013,Humboldt,NV,5.53
32015,Lander,NV,3.10
32017,Lincoln,NV,6.73
32019,Lyon,NV,6.07
32021,Mineral,NV,6.63
32023,Nye,NV,6.90
32027,Pershing,NV,6.57
32029,Storey,NV,0.30
32031,Washoe,NV,5.83
32033,White Pine,NV,1.07
32510,Carson City,NV,0.20
33001,Belknap,NH,1.07
33003,Carroll,NH,0.77
33005,Cheshire,NH,1.63
33007,Coos,NH,0.17
33009,Grafton,NH,0.43
33011,Hillsborough,NH,3.07
33013,Merrimack,NH,2.27
33015,Rockingham,NH,2.43
33017,Strafford,NH,2.00
33019,Sullivan,NH,1.13
34001,Atlantic,NJ,5.70
34003,Bergen,NJ,5.70
34005,Burlington,NJ,5.83
34007,Camden,NJ,5.97
34009,Cape May,NJ,3.70
34011,Cumberland,NJ,5.63
34013,Essex,NJ,5.80
34015,Gloucester,NJ,5.90
34017,Hudson,NJ,5.67
34019,Hunterdon,NJ,5.87
34021,Mercer,NJ,5.97
34023,Middlesex,NJ,5.87
34025,Monmouth,NJ,5.77
34027,Morris,NJ,5.83
34029,Ocean,NJ,5.77
34031,Passaic,NJ,5.93
34033,Salem,NJ,5.90
34035,Somerset,NJ,5.93
34037,Sussex,NJ,4.03
34039,Union,NJ,5.93
34041,Warren,NJ,5.87
35001,Bernalillo,NM,6.67
35003,Catron,NM,1.17
35005,Chaves,NM,6.27
35006,Cibola,NM,3.27
35007,Colfax,NM,0.07
35009,Curry,NM,6.63
35011,De Baca,NM,6.30
35013,Doña Ana,NM,6.53
35015,Eddy,NM,6.10
35017,Grant,NM,6.70
35019,Guadalupe,NM,6.20
35021,Harding,NM,6.57
35023,Hidalgo,NM,6.77
35025,Lea,NM,6.20
35027,Lincoln,NM,6.63
35028,Los Alamos,NM,0.00
35029,Luna,NM,6.77
35031,McKinley,NM,0.60
35033,Mora,NM,0.70
35035,Otero,NM,6.37
35037,Quay,NM,6.40
35039,Rio Arriba,NM,0.27
35041,Roosevelt,NM,6.37
35043,Sandoval,NM,6.10
35045,San Juan,NM,6.77
35047,San Miguel,NM,6.43
35049,Santa Fe,NM,0.67
35051,Sierra,NM,6.63
35053,Socorro,NM,6.73
35055,Taos,NM,0.00
35057,Torrance,NM,0.30
35059,Union,NM,6.23
35061,Valencia,NM,6.53
36001,Albany,NY,5.23
36003,Allegany,NY,0.27
36005,Bronx,NY,5.70
36007,Broome,NY,0.77
36009,Cattaraugus,NY,0.87
36011,Cayuga,NY,3.17
36013,Chautauqua,NY,1.53
36015,Chemung,NY,0.87
36017,Chenango,NY,0.67
36019,Clinton,NY,3.20
36021,Columbia,NY,5.57
36023,Cortland,NY,0.40
36025,Delaware,NY,0.37
36027,Dutchess,NY,6.00
36029,Erie,NY,2.43
36031,Essex,NY,3.57
36033,Franklin,NY,1.57
36035,Fulton,NY,1.03
36037,Genesee,NY,1.80
36039,Greene,NY,5.93
36041,Hamilton,NY,0.13
36043,Herkimer,NY,1.37
36045,Jefferson,NY,1.80
36047,Kings,NY,5.63
36049,Lewis,NY,0.83
36051,Livingston,NY,2.17
36053,Madison,NY,2.07
36055,Monroe,NY,3.00
36057,Montgomery,NY,2.27
36059,Nassau,NY,5.87
36061,New York,NY,5.60
36063,Niagara,NY,2.47
36065,Oneida,NY,3.47
36067,Onondaga,NY,3.33
36069,Ontario,NY,2.37
36071,Orange,NY,4.73
36073,Orleans,NY,3.57
36075,Oswego,NY,3.53
36077,Otsego,NY,0.13
36079,Putnam,NY,3.13
36081,Queens,NY,5.67
36083,Rensselaer,NY,4.27
36085,Richmond,NY,5.37
36087,Rockland,NY,6.03
36089,St. Lawrence,NY,2.43
36091,Saratoga,NY,4.57
36093,Schenectady,NY,3.73
36095,Schoharie,NY,0.77
36097,Schuyler,NY,0.83
36099,Seneca,NY,3.10
36101,Steuben,NY,0.70
36103,Suffolk,NY,4.67
36105,Sullivan,NY,2.30
36107,Tioga,NY,0.87
36109,Tompkins,NY,2.20
36111,Ulster,NY,4.80
36113,Warren,NY,2.23
36115,Washington,NY,3.87
36117,Wayne,NY,3.00
36119,Westchester,NY,5.87
36121,Wyoming,NY,0.53
36123,Yates,NY,2.63
37001,Alamance,NC,6.13
37003,Alexander,NC,6.77
37005,Alleghany,NC,0.23
37007,Anson,NC,6.33
37009,Ashe,NC,0.00
37011,Avery,NC,0.00
37013,Beaufort,NC,5.87
37015,Bertie,NC,5.97
37017,Bladen,NC,6.00
37019,Brunswick,NC,6.07
37021,Buncombe,NC,1.50
37023,Burke,NC,6.60
37025,Cabarrus,NC,6.30
37027,Caldwell,NC,6.70
37029,Camden,NC,5.57
37031,Carteret,NC,6.13
37033,Caswell,NC,5.87
37035,Catawba,NC,6.70
37037,Chatham,NC,6.50
37039,Cherokee,NC,6.60
37041,Chowan,NC,5.80
37043,Clay,NC,1.57
37045,Cleveland,NC,6.73
37047,Columbus,NC,5.97
37049,Craven,NC,5.90
37051,Cumberland,NC,6.03
37053,Currituck,NC,6.17
37055,Dare,NC,5.77
37057,Davidson,NC,6.47
37059,Davie,NC,6.40
37061,Duplin,NC,6.27
37063,Durham,NC,6.23
37065,Edgecombe,NC,5.93
37067,Forsyth,NC,6.33
37069,Franklin,NC,6.07
37071,Gaston,NC,6.40
37073,Gates,NC,5.60
37075,Graham,NC,1.43
37077,Granville,NC,6.10
37079,Greene,NC,5.93
37081,Guilford,NC,6.23
37083,Halifax,NC,5.93
37085,Harnett,NC,6.27
37087,Haywood,NC,0.00
37089,Henderson,NC,3.30
37091,Hertford,NC,5.80
37093,Hoke,NC,6.17
37095,Hyde,NC,5.47
37097,Iredell,NC,6.53
37099,Jackson,NC,0.77
37101,Johnston,NC,6.13
37103,Jones,NC,5.93
37105,Lee,NC,6.27
37107,Lenoir,NC,5.90
37109,Lincoln,NC,6.70
37111,McDowell,NC,6.63
37113,Macon,NC,1.07
37115,Madison,NC,1.43
37117,Martin,NC,5.87
37119,Mecklenburg,NC,6.27
37121,Mitchell,NC,0.00
37123,Montgomery,NC,6.30
37125,Moore,NC,6.27
37127,Nash,NC,6.00
37129,New Hanover,NC,6.10
37131,Northampton,NC,5.97
37133,Onslow,NC,6.07
37135,Orange,NC,6.20
37137,Pamlico,NC,5.90
37139,Pasquotank,NC,5.67
37141,Pender,NC,6.30
37143,Perquimans,NC,5.63
37145,Person,NC,5.83
37147,Pitt,NC,5.90
37149,Polk,NC,6.60
37151,Randolph,NC,6.23
37153,Richmond,NC,6.30
37155,Robeson,NC,5.93
37157,Rockingham,NC,6.00
37159,Rowan,NC,6.50
37161,Rutherford,NC,6.57
37163,Sampson,NC,5.93
37165,Scotland,NC,6.03
37167,Stanly,NC,6.27
37169,Stokes,NC,6.37
37171,Surry,NC,6.30
37173,Swain,NC,1.17
37175,Transylvania,NC,2.20
37177,Tyrrell,NC,5.77
37179,Union,NC,6.13
37181,Vance,NC,6.00
37183,Wake,NC,6.30
37185,Warren,NC,5.93
37187,Washington,NC,5.87
37189,Watauga,NC,0.07
37191,Wayne,NC,5.93
37193,Wilkes,NC,6.60
37195,Wilson,NC,6.00
37197,Yadkin,NC,6.50
37199,Yancey,NC,0.00
38001,Adams,ND,4.80
38003,Barnes,ND,5.67
38005,Benson,ND,2.97
38007,Billings,ND,4.97
38009,Bottineau,ND,3.50
38011,Bowman,ND,4.87
38013,Burke,ND,2.60
38015,Burleigh,ND,5.63
38017,Cass,ND,5.87
38019,Cavalier,ND,2.17
38021,Dickey,ND,5.73
38023,Divide,ND,2.73
38025,Dunn,ND,5.27
38027,Eddy,ND,3.37
38029,Emmons,ND,5.53
38031,Foster,ND,3.87
38033,Golden Valley,ND,5.47
38035,Grand Forks,ND,5.70
38037,Grant,ND,5.70
38039,Griggs,ND,4.13
38041,Hettinger,ND,5.40
38043,Kidder,ND,5.33
38045,LaMoure,ND,5.63
38047,Logan,ND,5.30
38049,McHenry,ND,4.43
38051,McIntosh,ND,5.60
38053,McKenzie,ND,5.67
38055,McLean,ND,4.93
38057,Mercer,ND,4.83
38059,Morton,ND,5.70
38061,Mountrail,ND,3.87
38063,Nelson,ND,3.30
38065,Oliver,ND,4.80
38067,Pembina,ND,4.10
38069,Pierce,ND,3.80
38071,Ramsey,ND,2.93
38073,Ransom,ND,5.60
38075,Renville,ND,2.90
38077,Richland,ND,5.73
38079,Rolette,ND,2.37
38081,Sargent,ND,5.70
38083,Sheridan,ND,4.23
38085,Sioux,ND,5.47
38087,Slope,ND,5.13
38089,Stark,ND,4.60
38091,Steele,ND,5.37
38093,Stutsman,ND,5.53
38095,Towner,ND,2.13
38097,Traill,ND,5.90
38099,Walsh,ND,4.13
38101,Ward,ND,3.70
38103,Wells,ND,4.23
38105,Williams,ND,5.77
39001,Adams,OH,5.73
39003,Allen,OH,5.50
39005,Ashland,OH,5.23
39007,Ashtabula,OH,3.67
39009,Athens,OH,6.07
39011,Auglaize,OH,5.43
39013,Belmont,OH,6.03
39015,Brown,OH,5.73
39017,Butler,OH,6.00
39019,Carroll,OH,5.07
39021,Champaign,OH,5.87
39023,Clark,OH,6.03
39025,Clermont,OH,5.73
39027,Clinton,OH,5.77
39029,Columbiana,OH,4.37
39031,Coshocton,OH,6.27
39033,Crawford,OH,5.83
39035,Cuyahoga,OH,5.77
39037,Darke,OH,5.83
39039,Defiance,OH,5.83
39041,Delaware,OH,5.97
39043,Erie,OH,5.67
39045,Fairfield,OH,6.20
39047,Fayette,OH,6.17
39049,Franklin,OH,6.07
39051,Fulton,OH,5.67
39053,Gallia,OH,6.20
39055,Geauga,OH,2.53
39057,Greene,OH,5.83
39059,Guernsey,OH,6.30
39061,Hamilton,OH,5.83
39063,Hancock,OH,5.53
39065,Hardin,OH,5.60
39067,Harrison,OH,5.57
39069,Henry,OH,5.63
39071,Highland,OH,5.93
39073,Hocking,OH,6.03
39075,Holmes,OH,5.63
39077,Huron,OH,5.63
39079,Jackson,OH,5.93
39081,Jefferson,OH,6.03
39083,Knox,OH,6.27
39085,Lake,OH,3.03
39087,Lawrence,OH,6.10
39089,Licking,OH,6.13
39091,Logan,OH,5.70
39093,Lorain,OH,5.83
39095,Lucas,OH,5.67
39097,Madison,OH,6.03
39099,Mahoning,OH,3.97
39101,Marion,OH,5.87
39103,Medina,OH,5.83
39105,Meigs,OH,6.00
39107,Mercer,OH,5.47
39109,Miami,OH,5.90
39111,Monroe,OH,6.13
39113,Montgomery,OH,6.17
39115,Morgan,OH,6.20
39117,Morrow,OH,5.93
39119,Muskingum,OH,6.27
39121,Noble,OH,6.20
39123,Ottawa,OH,5.40
39125,Paulding,OH,5.90
39127,Perry,OH,6.10
39129,Pickaway,OH,6.20
39131,Pike,OH,5.83
39133,Portage,OH,4.13
39135,Preble,OH,5.97
39137,Putnam,OH,5.53
39139,Richland,OH,5.60
39141,Ross,OH,6.07
39143,Sandusky,OH,5.43
39145,Scioto,OH,5.97
39147,Seneca,OH,5.47
39149,Shelby,OH,5.60
39151,Stark,OH,4.77
39153,Summit,OH,5.37
39155,Trumbull,OH,4.57
39157,Tuscarawas,OH,6.13
39159,Union,OH,5.90
39161,Van Wert,OH,5.53
39163,Vinton,OH,5.87
39165,Warren,OH,6.00
39167,Washington,OH,6.03
39169,Wayne,OH,6.00
39171,Williams,OH,5.80
39173,Wood,OH,5.50
39175,Wyandot,OH,5.77
40001,Adair,OK,6.10
40003,Alfalfa,OK,5.60
40005,Atoka,OK,5.93
40007,Beaver,OK,6.13
40009,Beckham,OK,6.10
40011,Blaine,OK,6.30
40013,Bryan,OK,5.83
40015,Caddo,OK,6.40
40017,Canadian,OK,6.27
40019,Carter,OK,6.37
40021,Cherokee,OK,6.03
40023,Choctaw,OK,5.97
40025,Cimarron,OK,6.20
40027,Cleveland,OK,6.40
40029,Coal,OK,6.00
40031,Comanche,OK,6.27
40033,Cotton,OK,5.83
40035,Craig,OK,5.97
40037,Creek,OK,6.23
40039,Custer,OK,6.23
40041,Delaware,OK,6.17
40043,Dewey,OK,6.27
40045,Ellis,OK,6.13
40047,Garfield,OK,5.93
40049,Garvin,OK,6.27
40051,Grady,OK,6.30
40053,Grant,OK,5.73
40055,Greer,OK,6.20
40057,Harmon,OK,6.20
40059,Harper,OK,6.37
40061,Haskell,OK,6.10
40063,Hughes,OK,6.13
40065,Jackson,OK,6.23
40067,Jefferson,OK,5.97
40069,Johnston,OK,6.17
40071,Kay,OK,5.83
40073,Kingfisher,OK,6.20
40075,Kiowa,OK,6.30
40077,Latimer,OK,6.17
40079,Le Flore,OK,6.33
40081,Lincoln,OK,5.97
40083,Logan,OK,6.00
40085,Love,OK,5.90
40087,McClain,OK,6.43
40089,McCurtain,OK,6.20
40091,McIntosh,OK,6.07
40093,Major,OK,5.77
40095,Marshall,OK,6.17
40097,Mayes,OK,6.00
40099,Murray,OK,6.43
40101,Muskogee,OK,5.90
40103,Noble,OK,6.07
40105,Nowata,OK,5.97
40107,Okfuskee,OK,6.20
40109,Oklahoma,OK,6.23
40111,Okmulgee,OK,6.07
40113,Osage,OK,5.90
40115,Ottawa,OK,6.07
40117,Pawnee,OK,6.23
40119,Payne,OK,5.97
40121,Pittsburg,OK,6.03
40123,Pontotoc,OK,6.27
40125,Pottawatomie,OK,6.23
40127,Pushmataha,OK,6.10
40129,Roger Mills,OK,6.23
40131,Rogers,OK,5.87
40133,Seminole,OK,6.20
40135,Sequoyah,OK,6.17
40137,Stephens,OK,6.13
40139,Texas,OK,5.83
40141,Tillman,OK,5.93
40143,Tulsa,OK,5.90
40145,Wagoner,OK,6.00
40147,Washington,OK,5.80
40149,Washita,OK,6.20
40151,Woods,OK,5.67
40153,Woodward,OK,6.03
41001,Baker,OR,6.07
41003,Benton,OR,0.30
41005,Clackamas,OR,0.50
41007,Clatsop,OR,0.00
41009,Columbia,OR,0.40
41011,Coos,OR,0.00
41013,Crook,OR,0.27
41015,Curry,OR,0.07
41017,Deschutes,OR,0.27
41019,Douglas,OR,0.67
41021,Gilliam,OR,6.20
41023,Grant,OR,0.60
41025,Harney,OR,1.10
41027,Hood River,OR,1.33
41029,Jackson,OR,1.07
41031,Jefferson,OR,1.93
41033,Josephine,OR,0.67
41035,Klamath,OR,0.07
41037,Lake,OR,0.27
41039,Lane,OR,0.30
41041,Lincoln,OR,0.00
41043,Linn,OR,0.40
41045,Malheur,OR,5.97
41047,Marion,OR,0.40
41049,Morrow,OR,6.20
41051,Multnomah,OR,0.40
41053,Polk,OR,0.27
41055,Sherman,OR,6.17
41057,Tillamook,OR,0.00
41059,Umatilla,OR,6.13
41061,Union,OR,0.67
41063,Wallowa,OR,0.40
41065,Wasco,OR,3.10
41067,Washington,OR,0.40
41069,Wheeler,OR,1.37
41071,Yamhill,OR,0.40
42001,Adams,PA,6.00
42003,Allegheny,PA,5.30
42005,Armstrong,PA,3.37
42007,Beaver,PA,4.83
42009,Bedford,PA,3.10
42011,Berks,PA,5.70
42013,Blair,PA,2.27
42015,Bradford,PA,1.37
42017,Bucks,PA,5.87
42019,Butler,PA,3.27
42021,Cambria,PA,1.03
42023,Cameron,PA,0.50
42025,Carbon,PA,3.57
42027,Centre,PA,1.93
42029,Chester,PA,6.13
42031,Clarion,PA,1.37
42033,Clearfield,PA,1.13
42035,Clinton,PA,2.67
42037,Columbia,PA,4.67
42039,Crawford,PA,2.07
42041,Cumberland,PA,5.93
42043,Dauphin,PA,6.00
42045,Delaware,PA,6.03
42047,Elk,PA,0.70
42049,Erie,PA,0.80
42051,Fayette,PA,4.50
42053,Forest,PA,0.73
42055,Franklin,PA,5.93
42057,Fulton,PA,6.13
42059,Greene,PA,5.13
42061,Huntingdon,PA,4.07
42063,Indiana,PA,2.50
42065,Jefferson,PA,1.10
42067,Juniata,PA,5.90
42069,Lackawanna,PA,1.47
42071,Lancaster,PA,6.03
42073,Lawrence,PA,4.10
42075,Lebanon,PA,5.90
42077,Lehigh,PA,5.97
42079,Luzerne,PA,3.30
42081,Lycoming,PA,4.47
42083,McKean,PA,0.20
42085,Mercer,PA,3.13
42087,Mifflin,PA,4.57
42089,Monroe,PA,3.13
42091,Montgomery,PA,5.90
42093,Montour,PA,5.33
42095,Northampton,PA,6.00
42097,Northumberland,PA,6.03
42099,Perry,PA,5.83
42101,Philadelphia,PA,5.90
42103,Pike,PA,1.97
42105,Potter,PA,0.27
42107,Schuylkill,PA,4.37
42109,Snyder,PA,5.87
42111,Somerset,PA,0.80
42113,Sullivan,PA,0.57
42115,Susquehanna,PA,0.80
42117,Tioga,PA,0.70
42119,Union,PA,5.83
42121,Venango,PA,1.37
42123,Warren,PA,0.60
42125,Washington,PA,4.77
42127,Wayne,PA,1.20
42129,Westmoreland,PA,4.70
42131,Wyoming,PA,1.57
42133,York,PA,5.97
44001,Bristol,RI,2.07
44003,Kent,RI,2.27
44005,Newport,RI,0.87
44007,Providence,RI,2.87
44009,Washington,RI,2.23
45001,Abbeville,SC,6.40
45003,Aiken,SC,6.27
45005,Allendale,SC,6.17
45007,Anderson,SC,6.17
45009,Bamberg,SC,6.33
45011,Barnwell,SC,6.33
45013,Beaufort,SC,6.43
45015,Berkeley,SC,6.40
45017,Calhoun,SC,6.37
45019,Charleston,SC,6.33
45021,Cherokee,SC,6.47
45023,Chester,SC,6.40
45025,Chesterfield,SC,6.17
45027,Clarendon,SC,6.17
45029,Colleton,SC,6.47
45031,Darlington,SC,6.27
45033,Dillon,SC,6.20
45035,Dorchester,SC,6.40
45037,Edgefield,SC,6.37
45039,Fairfield,SC,6.13
45041,Florence,SC,6.07
45043,Georgetown,SC,6.30
45045,Greenville,SC,6.30
45047,Greenwood,SC,6.30
45049,Hampton,SC,6.17
45051,Horry,SC,6.23
45053,Jasper,SC,6.40
45055,Kershaw,SC,6.10
45057,Lancaster,SC,6.27
45059,Laurens,SC,6.43
45061,Lee,SC,6.13
45063,Lexington,SC,6.23
45065,McCormick,SC,6.33
45067,Marion,SC,6.07
45069,Marlboro,SC,6.17
45071,Newberry,SC,6.20
45073,Oconee,SC,6.27
45075,Orangeburg,SC,6.53
45077,Pickens,SC,6.27
45079,Richland,SC,6.20
45081,Saluda,SC,6.30
45083,Spartanburg,SC,6.53
45085,Sumter,SC,6.33
45087,Union,SC,6.40
45089,Williamsburg,SC,6.23
45091,York,SC,6.20
46003,Aurora,SD,5.70
46005,Beadle,SD,5.40
46007,Bennett,SD,6.13
46009,Bon Homme,SD,5.97
46011,Brookings,SD,5.77
46013,Brown,SD,5.63
46015,Brule,SD,5.67
46017,Buffalo,SD,5.53
46019,Butte,SD,5.47
46021,Campbell,SD,5.53
46023,Charles Mix,SD,5.83
46025,Clark,SD,5.73
46027,Clay,SD,5.87
46029,Codington,SD,5.73
46031,Corson,SD,5.33
46033,Custer,SD,5.70
46035,Davison,SD,5.70
46037,Day,SD,5.90
46039,Deuel,SD,5.93
46041,Dewey,SD,5.70
46043,Douglas,SD,5.70
46045,Edmunds,SD,5.40
46047,Fall River,SD,5.73
46049,Faulk,SD,5.50
46051,Grant,SD,5.90
46053,Gregory,SD,5.83
46055,Haakon,SD,5.77
46057,Hamlin,SD,5.33
46059,Hand,SD,5.43
46061,Hanson,SD,5.63
46063,Harding,SD,5.70
46065,Hughes,SD,5.60
46067,Hutchinson,SD,5.73
46069,Hyde,SD,5.63
46071,Jackson,SD,5.80
46073,Jerauld,SD,5.53
46075,Jones,SD,5.60
46077,Kingsbury,SD,5.43
46079,Lake,SD,5.60
46081,Lawrence,SD,4.63
46083,Lincoln,SD,5.83
46085,Lyman,SD,5.80
46087,McCook,SD,5.60
46089,McPherson,SD,5.70
46091,Marshall,SD,5.67
46093,Meade,SD,5.60
46095,Mellette,SD,5.83
46097,Miner,SD,5.47
46099,Minnehaha,SD,5.77
46101,Moody,SD,5.83
46102,Oglala Lakota,SD,5.70
46103,Pennington,SD,5.73
46105,Perkins,SD,5.53
46107,Potter,SD,5.43
46109,Roberts,SD,5.63
46111,Sanborn,SD,5.40
46115,Spink,SD,5.70
46117,Stanley,SD,5.47
46119,Sully,SD,5.50
46121,Todd,SD,6.03
46123,Tripp,SD,6.07
46125,Turner,SD,5.83
46127,Union,SD,5.83
46129,Walworth,SD,5.40
46135,Yankton,SD,5.73
46137,Ziebach,SD,5.37
47001,Anderson,TN,6.33
47003,Bedford,TN,6.37
47005,Benton,TN,6.13
47007,Bledsoe,TN,6.53
47009,Blount,TN,6.30
47011,Bradley,TN,6.60
47013,Campbell,TN,6.47
47015,Cannon,TN,6.47
47017,Carroll,TN,6.43
47019,Carter,TN,5.00
47021,Cheatham,TN,6.37
47023,Chester,TN,6.53
47025,Claiborne,TN,6.50
47027,Clay,TN,6.10
47029,Cocke,TN,6.40
47031,Coffee,TN,6.33
47033,Crockett,TN,6.30
47035,Cumberland,TN,6.50
47037,Davidson,TN,6.17
47039,Decatur,TN,6.37
47041,DeKalb,TN,6.20
47043,Dickson,TN,6.23
47045,Dyer,TN,6.27
47047,Fayette,TN,6.27
47049,Fentress,TN,6.33
47051,Franklin,TN,6.47
47053,Gibson,TN,6.47
47055,Giles,TN,6.53
47057,Grainger,TN,6.37
47059,Greene,TN,6.47
47061,Grundy,TN,6.50
47063,Hamblen,TN,6.37
47065,Hamilton,TN,6.53
47067,Hancock,TN,6.57
47069,Hardeman,TN,6.47
47071,Hardin,TN,6.33
47073,Hawkins,TN,6.53
47075,Haywood,TN,6.27
47077,Henderson,TN,6.53
47079,Henry,TN,6.23
47081,Hickman,TN,6.30
47083,Houston,TN,5.90
47085,Humphreys,TN,6.03
47087,Jackson,TN,6.13
47089,Jefferson,TN,6.33
47091,Johnson,TN,0.13
47093,Knox,TN,6.40
47095,Lake,TN,6.17
47097,Lauderdale,TN,6.23
47099,Lawrence,TN,6.30
47101,Lewis,TN,6.30
47103,Lincoln,TN,6.67
47105,Loudon,TN,6.30
47107,McMinn,TN,6.23
47109,McNairy,TN,6.47
47111,Macon,TN,6.23
47113,Madison,TN,6.60
47115,Marion,TN,6.60
47117,Marshall,TN,6.33
47119,Maury,TN,6.40
47121,Meigs,TN,6.47
47123,Monroe,TN,6.30
47125,Montgomery,TN,6.30
47127,Moore,TN,6.53
47129,Morgan,TN,6.30
47131,Obion,TN,6.40
47133,Overton,TN,6.20
47135,Perry,TN,6.20
47137,Pickett,TN,6.23
47139,Polk,TN,6.63
47141,Putnam,TN,6.20
47143,Rhea,TN,6.23
47145,Roane,TN,6.27
47147,Robertson,TN,6.23
47149,Rutherford,TN,6.20
47151,Scott,TN,6.53
47153,Sequatchie,TN,6.77
47155,Sevier,TN,6.33
47157,Shelby,TN,6.17
47159,Smith,TN,6.23
47161,Stewart,TN,6.07
47163,Sullivan,TN,6.67
47165,Sumner,TN,6.20
47167,Tipton,TN,6.17
47169,Trousdale,TN,6.33
47171,Unicoi,TN,0.13
47173,Union,TN,6.13
47175,Van Buren,TN,6.50
47177,Warren,TN,6.40
47179,Washington,TN,6.53
47181,Wayne,TN,6.43
47183,Weakley,TN,6.43
47185,White,TN,6.17
47187,Williamson,TN,6.17
47189,Wilson,TN,6.33
48001,Anderson,TX,5.70
48003,Andrews,TX,6.03
48005,Angelina,TX,5.73
48007,Aransas,TX,6.30
48009,Archer,TX,5.90
48011,Armstrong,TX,6.23
48013,Atascosa,TX,5.50
48015,Austin,TX,5.57
48017,Bailey,TX,6.13
48019,Bandera,TX,5.93
48021,Bastrop,TX,5.43
48023,Baylor,TX,5.93
48025,Bee,TX,5.43
48027,Bell,TX,5.70
48029,Bexar,TX,5.20
48031,Blanco,TX,6.03
48033,Borden,TX,6.30
48035,Bosque,TX,5.73
48037,Bowie,TX,6.07
48039,Brazoria,TX,5.43
48041,Brazos,TX,5.53
48043,Brewster,TX,5.70
48045,Briscoe,TX,6.30
48047,Brooks,TX,5.50
48049,Brown,TX,5.87
48051,Burleson,TX,5.73
48053,Burnet,TX,5.80
48055,Caldwell,TX,5.53
48057,Calhoun,TX,5.43
48059,Callahan,TX,5.90
48061,Cameron,TX,6.27
48063,Camp,TX,5.80
48065,Carson,TX,6.27
48067,Cass,TX,5.77
48069,Castro,TX,6.10
48071,Chambers,TX,5.90
48073,Cherokee,TX,5.83
48075,Childress,TX,6.03
48077,Clay,TX,6.20
48079,Cochran,TX,6.23
48081,Coke,TX,6.17
48083,Coleman,TX,6.20
48085,Collin,TX,5.90
48087,Collingsworth,TX,6.17
48089,Colorado,TX,5.40
48091,Comal,TX,5.63
48093,Comanche,TX,5.93
48095,Concho,TX,6.03
48097,Cooke,TX,5.70
48099,Coryell,TX,5.77
48101,Cottle,TX,6.10
48103,Crane,TX,5.57
48105,Crockett,TX,6.20
48107,Crosby,TX,6.23
48109,Culberson,TX,5.63
48111,Dallam,TX,6.27
48113,Dallas,TX,6.00
48115,Dawson,TX,6.10
48117,Deaf Smith,TX,6.17
48119,Delta,TX,5.83
48121,Denton,TX,5.73
48123,DeWitt,TX,5.53
48125,Dickens,TX,6.07
48127,Dimmit,TX,5.97
48129,Donley,TX,6.20
48131,Duval,TX,5.87
48133,Eastland,TX,6.10
48135,Ector,TX,5.93
48137,Edwards,TX,5.67
48139,Ellis,TX,5.87
48141,El Paso,TX,6.23
48143,Erath,TX,5.77
48145,Falls,TX,5.50
48147,Fannin,TX,5.93
48149,Fayette,TX,5.87
48151,Fisher,TX,6.13
48153,Floyd,TX,6.13
48155,Foard,TX,6.13
48157,Fort Bend,TX,5.00
48159,Franklin,TX,5.90
48161,Freestone,TX,5.83
48163,Frio,TX,5.27
48165,Gaines,TX,6.07
48167,Galveston,TX,5.80
48169,Garza,TX,6.43
48171,Gillespie,TX,6.10
48173,Glasscock,TX,6.23
48175,Goliad,TX,5.27
48177,Gonzales,TX,5.57
48179,Gray,TX,6.20
48181,Grayson,TX,5.60
48183,Gregg,TX,5.80
48185,Grimes,TX,5.47
48187,Guadalupe,TX,5.63
48189,Hale,TX,6.27
48191,Hall,TX,6.13
48193,Hamilton,TX,5.73
48195,Hansford,TX,6.17
48197,Hardeman,TX,6.07
48199,Hardin,TX,5.37
48201,Harris,TX,5.13
48203,Harrison,TX,5.77
48205,Hartley,TX,6.27
48207,Haskell,TX,5.77
48209,Hays,TX,5.60
48211,Hemphill,TX,6.27
48213,Henderson,TX,5.77
48215,Hidalgo,TX,5.90
48217,Hill,TX,5.47
48219,Hockley,TX,6.07
48221,Hood,TX,5.70
48223,Hopkins,TX,6.03
48225,Houston,TX,5.47
48227,Howard,TX,6.30
48229,Hudspeth,TX,6.43
48231,Hunt,TX,6.00
48233,Hutchinson,TX,6.07
48235,Irion,TX,6.17
48237,Jack,TX,5.70
48239,Jackson,TX,4.93
48241,Jasper,TX,5.50
48243,Jeff Davis,TX,5.83
48245,Jefferson,TX,5.47
48247,Jim Hogg,TX,5.90
48249,Jim Wells,TX,5.37
48251,Johnson,TX,5.60
48253,Jones,TX,5.97
48255,Karnes,TX,5.33
48257,Kaufman,TX,5.87
48259,Kendall,TX,5.87
48261,Kenedy,TX,5.93
48263,Kent,TX,5.90
48265,Kerr,TX,6.00
48267,Kimble,TX,6.00
48269,King,TX,5.90
48271,Kinney,TX,5.90
48273,Kleberg,TX,5.60
48275,Knox,TX,5.87
48277,Lamar,TX,6.17
48279,Lamb,TX,6.53
48281,Lampasas,TX,5.67
48283,La Salle,TX,5.70
48285,Lavaca,TX,5.60
48287,Lee,TX,5.87
48289,Leon,TX,5.63
48291,Liberty,TX,5.13
48293,Limestone,TX,5.50
48295,Lipscomb,TX,6.27
48297,Live Oak,TX,5.60
48299,Llano,TX,6.13
48301,Loving,TX,5.53
48303,Lubbock,TX,6.33
48305,Lynn,TX,6.37
48307,McCulloch,TX,6.10
48309,McLennan,TX,5.67
48311,McMullen,TX,5.50
48313,Madison,TX,5.50
48315,Marion,TX,5.80
48317,Martin,TX,6.07
48319,Mason,TX,5.97
48321,Matagorda,TX,5.40
48323,Maverick,TX,5.97
48325,Medina,TX,5.57
48327,Menard,TX,6.17
48329,Midland,TX,6.00
48331,Milam,TX,5.67
48333,Mills,TX,5.83
48335,Mitchell,TX,6.43
48337,Montague,TX,6.03
48339,Montgomery,TX,5.07
48341,Moore,TX,6.33
48343,Morris,TX,5.70
48345,Motley,TX,5.80
48347,Nacogdoches,TX,5.90
48349,Navarro,TX,5.60
48351,Newton,TX,5.53
48353,Nolan,TX,6.27
48355,Nueces,TX,5.63
48357,Ochiltree,TX,6.00
48359,Oldham,TX,6.33
48361,Orange,TX,5.17
48363,Palo Pinto,TX,5.90
48365,Panola,TX,5.93
48367,Parker,TX,5.93
48369,Parmer,TX,6.07
48371,Pecos,TX,5.77
48373,Polk,TX,5.17
48375,Potter,TX,6.20
48377,Presidio,TX,6.03
48379,Rains,TX,6.13
48381,Randall,TX,6.50
48383,Reagan,TX,6.07
48385,Real,TX,5.80
48387,Red River,TX,6.03
48389,Reeves,TX,5.43
48391,Refugio,TX,5.53
48393,Roberts,TX,6.17
48395,Robertson,TX,5.70
48397,Rockwall,TX,6.03
48399,Runnels,TX,6.17
48401,Rusk,TX,5.80
48403,Sabine,TX,6.00
48405,San Augustine,TX,6.17
48407,San Jacinto,TX,5.10
48409,San Patricio,TX,5.73
48411,San Saba,TX,5.90
48413,Schleicher,TX,6.23
48415,Scurry,TX,6.37
48417,Shackelford,TX,5.70
48419,Shelby,TX,5.83
48421,Sherman,TX,6.27
48423,Smith,TX,6.03
48425,Somervell,TX,5.57
48427,Starr,TX,5.80
48429,Stephens,TX,5.87
48431,Sterling,TX,6.27
48433,Stonewall,TX,6.00
48435,Sutton,TX,6.07
48437,Swisher,TX,6.40
48439,Tarrant,TX,5.87
48441,Taylor,TX,6.03
48443,Terrell,TX,5.73
48445,Terry,TX,6.17
48447,Throckmorton,TX,5.63
48449,Titus,TX,5.77
48451,Tom Green,TX,6.10
48453,Travis,TX,5.73
48455,Trinity,TX,5.27
48457,Tyler,TX,5.50
48459,Upshur,TX,5.73
48461,Upton,TX,5.87
48463,Uvalde,TX,5.67
48465,Val Verde,TX,5.67
48467,Van Zandt,TX,5.97
48469,Victoria,TX,5.17
48471,Walker,TX,5.20
48473,Waller,TX,5.60
48475,Ward,TX,5.60
48477,Washington,TX,5.70
48479,Webb,TX,6.10
48481,Wharton,TX,5.00
48483,Wheeler,TX,6.37
48485,Wichita,TX,5.80
48487,Wilbarger,TX,5.80
48489,Willacy,TX,5.97
48491,Williamson,TX,5.70
48493,Wilson,TX,5.30
48495,Winkler,TX,5.40
48497,Wise,TX,5.80
48499,Wood,TX,5.87
48501,Yoakum,TX,6.17
48503,Young,TX,5.87
48505,Zapata,TX,6.20
48507,Zavala,TX,5.60
49001,Beaver,UT,3.97
49003,Box Elder,UT,6.13
49005,Cache,UT,3.00
49007,Carbon,UT,0.80
49009,Daggett,UT,0.00
49011,Davis,UT,6.60
49013,Duchesne,UT,6.17
49015,Emery,UT,6.67
49017,Garfield,UT,6.73
49019,Grand,UT,6.80
49021,Iron,UT,2.83
49023,Juab,UT,6.50
49025,Kane,UT,6.93
49027,Millard,UT,6.83
49029,Morgan,UT,0.00
49031,Piute,UT,0.00
49033,Rich,UT,0.00
49035,Salt Lake,UT,6.77
49037,San Juan,UT,6.87
49039,Sanpete,UT,0.93
49041,Sevier,UT,0.27
49043,Summit,UT,0.00
49045,Tooele,UT,6.10
49047,Uintah,UT,6.70
49049,Utah,UT,5.73
49051,Wasatch,UT,0.00
49053,Washington,UT,6.63
49055,Wayne,UT,6.77
49057,Weber,UT,6.60
50001,Addison,VT,3.43
50003,Bennington,VT,0.30
50005,Caledonia,VT,0.37
50007,Chittenden,VT,3.47
50009,Essex,VT,0.13
50011,Franklin,VT,2.43
50013,Grand Isle,VT,3.40
50015,Lamoille,VT,0.43
50017,Orange,VT,0.57
50019,Orleans,VT,0.37
50021,Rutland,VT,1.80
50023,Washington,VT,0.30
50025,Windham,VT,1.90
50027,Windsor,VT,1.03
51001,Accomack,VA,5.93
51003,Albemarle,VA,5.80
51005,Alleghany,VA,4.17
51007,Amelia,VA,5.50
51009,Amherst,VA,6.00
51011,Appomattox,VA,5.90
51013,Arlington,VA,5.77
51015,Augusta,VA,6.03
51017,Bath,VA,1.67
51019,Bedford,VA,5.90
51021,Bland,VA,0.13
51023,Botetourt,VA,6.07
51025,Brunswick,VA,5.67
51027,Buchanan,VA,5.80
51029,Buckingham,VA,5.80
51031,Campbell,VA,5.90
51033,Caroline,VA,5.17
51035,Carroll,VA,6.23
51036,Charles City,VA,5.83
51037,Charlotte,VA,5.87
51041,Chesterfield,VA,5.50
51043,Clarke,VA,6.03
51045,Craig,VA,1.63
51047,Culpeper,VA,5.47
51049,Cumberland,VA,5.63
51051,Dickenson,VA,4.17
51053,Dinwiddie,VA,5.60
51057,Essex,VA,5.23
51059,Fairfax,VA,5.83
51061,Fauquier,VA,5.70
51063,Floyd,VA,0.53
51065,Fluvanna,VA,5.47
51067,Franklin,VA,5.83
51069,Frederick,VA,6.10
51071,Giles,VA,1.17
51073,Gloucester,VA,5.57
51075,Goochland,VA,5.40
51077,Grayson,VA,0.20
51079,Greene,VA,5.77
51081,Greensville,VA,5.63
51083,Halifax,VA,5.87
51085,Hanover,VA,5.33
51087,Henrico,VA,5.47
51089,Henry,VA,6.03
51091,Highland,VA,0.00
51093,Isle of Wight,VA,5.53
51095,James City,VA,5.57
51097,King and Queen,VA,5.10
51099,King George,VA,5.60
51101,King William,VA,5.33
51103,Lancaster,VA,5.80
51105,Lee,VA,6.47
51107,Loudoun,VA,5.77
51109,Louisa,VA,5.27
51111,Lunenburg,VA,5.60
51113,Madison,VA,5.47
51115,Mathews,VA,5.57
51117,Mecklenburg,VA,5.80
51119,Middlesex,VA,5.57
51121,Montgomery,VA,2.23
51125,Nelson,VA,6.17
51127,New Kent,VA,5.63
51131,Northampton,VA,3.37
51133,Northumberland,VA,6.07
51135,Nottoway,VA,5.47
51137,Orange,VA,5.40
51139,Page,VA,6.07
51141,Patrick,VA,6.13
51143,Pittsylvania,VA,5.93
51145,Powhatan,VA,5.47
51147,Prince Edward,VA,5.40
51149,Prince George,VA,5.77
51153,Prince William,VA,5.67
51155,Pulaski,VA,1.30
51157,Rappahannock,VA,5.90
51159,Richmond,VA,5.33
51161,Roanoke,VA,5.93
51163,Rockbridge,VA,5.90
51165,Rockingham,VA,6.07
51167,Russell,VA,1.83
51169,Scott,VA,6.57
51171,Shenandoah,VA,6.10
51173,Smyth,VA,0.60
51175,Southampton,VA,5.77
51177,Spotsylvania,VA,5.23
51179,Stafford,VA,5.43
51181,Surry,VA,5.77
51183,Sussex,VA,5.73
51185,Tazewell,VA,0.83
51187,Warren,VA,6.13
51191,Washington,VA,3.60
51193,Westmoreland,VA,5.70
51195,Wise,VA,2.53
51197,Wythe,VA,0.97
51199,York,VA,5.47
51510,Alexandria,VA,5.87
51520,Bristol,VA,4.83
51530,Buena Vista,VA,3.37
51540,Charlottesville,VA,5.70
51550,Chesapeake,VA,5.57
51570,Colonial Heights,VA,5.87
51580,Covington,VA,0.77
51590,Danville,VA,5.97
51595,Emporia,VA,5.67
51600,Fairfax,VA,5.83
51610,Falls Church,VA,5.87
51620,Franklin,VA,5.53
51630,Fredericksburg,VA,5.43
51640,Galax,VA,0.23
51650,Hampton,VA,5.40
51660,Harrisonburg,VA,4.33
51670,Hopewell,VA,5.77
51678,Lexington,VA,5.90
51680,Lynchburg,VA,5.83
51683,Manassas,VA,5.60
51685,Manassas Park,VA,5.80
51690,Martinsville,VA,6.03
51700,Newport News,VA,5.57
51710,Norfolk,VA,5.27
51720,Norton,VA,0.23
51730,Petersburg,VA,5.87
51735,Poquoson,VA,5.57
51740,Portsmouth,VA,5.37
51750,Radford,VA,1.30
51760,Richmond,VA,5.43
51770,Roanoke,VA,6.07
51775,Salem,VA,5.93
51790,Staunton,VA,3.33
51800,Suffolk,VA,5.37
51810,Virginia Beach,VA,5.50
51820,Waynesboro,VA,3.90
51830,Williamsburg,VA,5.50
51840,Winchester,VA,6.07
53001,Adams,WA,6.10
53003,Asotin,WA,6.30
53005,Benton,WA,6.13
53007,Chelan,WA,2.50
53009,Clallam,WA,0.00
53011,Clark,WA,0.40
53013,Columbia,WA,6.07
53015,Cowlitz,WA,0.13
53017,Douglas,WA,5.00
53019,Ferry,WA,2.27
53021,Franklin,WA,6.17
53023,Garfield,WA,6.20
53025,Grant,WA,6.33
53027,Grays Harbor,WA,0.13
53029,Island,WA,0.23
53031,Jefferson,WA,0.30
53033,King,WA,0.57
53035,Kitsap,WA,0.43
53037,Kittitas,WA,6.23
53039,Klickitat,WA,6.30
53041,Lewis,WA,0.27
53043,Lincoln,WA,5.80
53045,Mason,WA,0.43
53047,Okanogan,WA,3.83
53049,Pacific,WA,0.07
53051,Pend Oreille,WA,0.43
53053,Pierce,WA,0.53
53055,San Juan,WA,0.00
53057,Skagit,WA,0.00
53059,Skamania,WA,0.37
53061,Snohomish,WA,0.43
53063,Spokane,WA,2.90
53065,Stevens,WA,2.47
53067,Thurston,WA,0.33
53069,Wahkiakum,WA,0.00
53071,Walla Walla,WA,6.07
53073,Whatcom,WA,0.40
53075,Whitman,WA,6.00
53077,Yakima,WA,6.27
54001,Barbour,WV,4.27
54003,Berkeley,WV,6.00
54005,Boone,WV,6.23
54007,Braxton,WV,6.13
54009,Brooke,WV,5.13
54011,Cabell,WV,6.03
54013,Calhoun,WV,5.87
54015,Clay,WV,6.13
54017,Doddridge,WV,6.27
54019,Fayette,WV,6.07
54021,Gilmer,WV,5.97
54023,Grant,WV,2.53
54025,Greenbrier,WV,0.43
54027,Hampshire,WV,6.23
54029,Hancock,WV,5.00
54031,Hardy,WV,4.00
54033,Harrison,WV,6.07
54035,Jackson,WV,5.83
54037,Jefferson,WV,5.97
54039,Kanawha,WV,6.00
54041,Lewis,WV,6.13
54043,Lincoln,WV,6.03
54045,Logan,WV,6.37
54047,McDowell,WV,4.73
54049,Marion,WV,5.23
54051,Marshall,WV,5.93
54053,Mason,WV,5.90
54055,Mercer,WV,0.37
54057,Mineral,WV,5.93
54059,Mingo,WV,6.23
54061,Monongalia,WV,5.40
54063,Monroe,WV,1.17
54065,Morgan,WV,6.17
54067,Nicholas,WV,4.00
54069,Ohio,WV,5.90
54071,Pendleton,WV,0.53
54073,Pleasants,WV,6.03
54075,Pocahontas,WV,0.00
54077,Preston,WV,1.13
54079,Putnam,WV,5.90
54081,Raleigh,WV,3.10
54083,Randolph,WV,0.53
54085,Ritchie,WV,6.00
54087,Roane,WV,5.97
54089,Summers,WV,1.17
54091,Taylor,WV,4.40
54093,Tucker,WV,0.47
54095,Tyler,WV,6.27
54097,Upshur,WV,3.10
54099,Wayne,WV,6.07
54101,Webster,WV,2.27
54103,Wetzel,WV,6.23
54105,Wirt,WV,5.87
54107,Wood,WV,5.90
54109,Wyoming,WV,5.73
55001,Adams,WI,5.57
55003,Ashland,WI,2.37
55005,Barron,WI,3.10
55007,Bayfield,WI,2.47
55009,Brown,WI,4.67
55011,Buffalo,WI,5.60
55013,Burnett,WI,4.23
55015,Calumet,WI,4.67
55017,Chippewa,WI,3.83
55019,Clark,WI,4.73
55021,Columbia,WI,5.83
55023,Crawford,WI,5.87
55025,Dane,WI,5.80
55027,Dodge,WI,5.73
55029,Door,WI,1.43
55031,Douglas,WI,3.33
55033,Dunn,WI,5.80
55035,Eau Claire,WI,4.97
55037,Florence,WI,1.00
55039,Fond du Lac,WI,5.30
55041,Forest,WI,0.90
55043,Grant,WI,5.87
55045,Green,WI,5.83
55047,Green Lake,WI,5.60
55049,Iowa,WI,5.93
55051,Iron,WI,0.53
55053,Jackson,WI,5.60
55055,Jefferson,WI,5.97
55057,Juneau,WI,5.60
55059,Kenosha,WI,5.70
55061,Kewaunee,WI,0.70
55063,La Crosse,WI,5.60
55065,Lafayette,WI,5.83
55067,Langlade,WI,1.27
55069,Lincoln,WI,1.70
55071,Manitowoc,WI,2.57
55073,Marathon,WI,2.93
55075,Marinette,WI,2.87
55077,Marquette,WI,5.63
55078,Menominee,WI,2.73
55079,Milwaukee,WI,5.90
55081,Monroe,WI,5.53
55083,Oconto,WI,4.67
55085,Oneida,WI,0.87
55087,Outagamie,WI,5.57
55089,Ozaukee,WI,3.77
55091,Pepin,WI,5.83
55093,Pierce,WI,5.67
55095,Polk,WI,4.97
55097,Portage,WI,4.00
55099,Price,WI,1.40
55101,Racine,WI,6.13
55103,Richland,WI,5.73
55105,Rock,WI,5.73
55107,Rusk,WI,2.80
55109,St. Croix,WI,5.67
55111,Sauk,WI,5.73
55113,Sawyer,WI,1.63
55115,Shawano,WI,4.00
55117,Sheboygan,WI,4.07
55119,Taylor,WI,2.17
55121,Trempealeau,WI,5.63
55123,Vernon,WI,5.90
55125,Vilas,WI,0.57
55127,Walworth,WI,5.83
55129,Washburn,WI,2.63
55131,Washington,WI,4.37
55133,Waukesha,WI,6.00
55135,Waupaca,WI,5.17
55137,Waushara,WI,5.27
55139,Winnebago,WI,5.83
55141,Wood,WI,4.57
56001,Albany,WY,0.00
56003,Big Horn,WY,6.27
56005,Campbell,WY,5.70
56007,Carbon,WY,0.00
56009,Converse,WY,3.93
56011,Crook,WY,5.87
56013,Fremont,WY,5.80
56015,Goshen,WY,6.07
56017,Hot Springs,WY,6.60
56019,Johnson,WY,4.93
56021,Laramie,WY,2.23
56023,Lincoln,WY,0.07
56025,Natrona,WY,1.30
56027,Niobrara,WY,5.93
56029,Park,WY,3.77
56031,Platte,WY,4.10
56033,Sheridan,WY,5.80
56035,Sublette,WY,0.00
56037,Sweetwater,WY,0.07
56039,Teton,WY,0.00
56041,Uinta,WY,0.07
56043,Washakie,WY,6.23
56045,Weston,WY,6.03
