geoid,county,state,food_env_index
01001,Autauga,AL,6.8
01003,Baldwin,AL,7.4
01005,Barbour,AL,6.2
01007,Bibb,AL,7.3
01009,Blount,AL,7.4
01011,Bullock,AL,4.4
01013,Butler,AL,7.0
01015,Calhoun,AL,5.9
01017,Chambers,AL,6.9
01019,Cherokee,AL,7.0
01021,Chilton,AL,7.2
01023,Choctaw,AL,6.2
01025,Clarke,AL,5.4
01027,Clay,AL,7.2
01029,Cleburne,AL,7.4
01031,Coffee,AL,6.7
01033,Colbert,AL,6.7
01035,Conecuh,AL,6.4
01037,Coosa,AL,7.2
01039,Covington,AL,6.7
01041,Crenshaw,AL,6.5
01043,Cullman,AL,7.4
01045,Dale,AL,6.4
01047,Dallas,AL,6.4
01049,DeKalb,AL,
01051,Elmore,AL,7.9
01053,Escambia,AL,6.7
01055,Etowah,AL,6.3
01057,Fayette,AL,6.9
01059,Franklin,AL,6.9
01061,Geneva,AL,6.6
01063,Greene,AL,4.5
01065,Hale,AL,6.6
01067,Henry,AL,7.0
01069,Houston,AL,7.2
01071,Jackson,AL,6.5
01073,Jefferson,AL,6.9
01075,Lamar,AL,7.3
01077,Lauderdale,AL,7.2
01079,Lawrence,AL,7.0
01081,Lee,AL,6.9
01083,Limestone,AL,7.6
01085,Lowndes,AL,5.4
01087,Macon,AL,5.6
01089,Madison,AL,7.5
01091,Marengo,AL,6.2
01093,Marion,AL,7.0
01095,Marshall,AL,6.6
01097,Mobile,AL,6.9
01099,Monroe,AL,6.2
01101,Montgomery,AL,6.9
01103,Morgan,AL,7.0
01105,Perry,AL,3.9
01107,Pickens,AL,7.1
01109,Pike,AL,6.7
01111,Randolph,AL,6.1
01113,Russell,AL,6.7
01115,St. Clair,AL,7.9
01117,Shelby,AL,8.2
01119,Sumter,AL,6.3
01121,Talladega,AL,6.7
01123,Tallapoosa,AL,7.3
01125,Tuscaloosa,AL,7.5
01127,Walker,AL,6.8
01129,Washington,AL,7.5
01131,Wilcox,AL,4.7
01133,Winston,AL,6.9
02013,Aleutians East,AK,7.3
02016,Aleutians West,AK,7.9
02020,Anchorage,AK,8.6
02050,Bethel,AK,2.9
02060,Bristol Bay,AK,7.3
02068,Denali,AK,5.7
02070,Dillingham,AK,4.9
02090,Fairbanks North Star,AK,8.3
02100,Haines,AK,7.7
02105,Hoonah-Angoon,AK,5.0
02110,Juneau,AK,9.0
02122,Kenai Peninsula,AK,7.7
02130,Ketchikan Gateway,AK,8.7
02150,Kodiak Island,AK,7.8
02158,Kusilvak,AK,
02164,Lake and Peninsula,AK,3.8
02170,Matanuska-Susitna,AK,8.0
02180,Nome,AK,6.1
02185,North Slope,AK,7.9
02188,Northwest Arctic,AK,4.6
02195,Petersburg,AK,8.7
02198,Prince of Wales-Hyder,AK,6.9
02220,Sitka,AK,8.4
02230,Skagway,AK,8.7
02240,Southeast Fairbanks,AK,7.2
02261,Valdez-Cordova,AK,
02275,Wrangell,AK,7.7
02282,Yakutat,AK,8.5
02290,Yukon-Koyukuk,AK,2.7
04001,Apache,AZ,3.1
04003,Cochise,AZ,6.6
04005,Coconino,AZ,7.0
04007,Gila,AZ,6.7
04009,Graham,AZ,6.7
04011,Greenlee,AZ,7.1
04012,La Paz,AZ,4.7
04013,Maricopa,AZ,8.3
04015,Mohave,AZ,6.0
04017,Navajo,AZ,4.6
04019,Pima,AZ,7.5
04021,Pinal,AZ,7.3
04023,Santa Cruz,AZ,5.7
04025,Yavapai,AZ,7.2
04027,Yuma,AZ,6.3
05001,Arkansas,AR,5.1
05003,Ashley,AR,5.8
05005,Baxter,AR,6.6
05007,Benton,AR,7.7
05009,Boone,AR,6.6
05011,Bradley,AR,6.4
05013,Calhoun,AR,5.3
05015,Carroll,AR,7.0
05017,Chicot,AR,5.2
05019,Clark,AR,6.2
05021,Clay,AR,6.2
05023,Cleburne,AR,6.7
05025,Cleveland,AR,6.9
05027,Columbia,AR,6.4
05029,Conway,AR,5.8
05031,Craighead,AR,6.4
05033,Crawford,AR,5.9
05035,Crittenden,AR,6.7
05037,Cross,AR,5.7
05039,Dallas,AR,5.1
05041,Desha,AR,5.2
05043,Drew,AR,6.5
05045,Faulkner,AR,6.6
05047,Franklin,AR,6.6
05049,Fulton,AR,6.7
05051,Garland,AR,6.1
05053,Grant,AR,6.4
05055,Greene,AR,6.4
05057,Hempstead,AR,5.6
05059,Hot Spring,AR,5.8
05061,Howard,AR,5.9
05063,Independence,AR,6.4
05065,Izard,AR,6.6
05067,Jackson,AR,5.3
05069,Jefferson,AR,6.7
05071,Johnson,AR,5.5
05073,Lafayette,AR,6.1
05075,Lawrence,AR,5.2
05077,Lee,AR,4.8
05079,Lincoln,AR,5.9
05081,Little River,AR,7.9
05083,Logan,AR,6.4
05085,Lonoke,AR,7.4
05087,Madison,AR,6.3
05089,Marion,AR,6.6
05091,Miller,AR,6.0
05093,Mississippi,AR,6.1
05095,Monroe,AR,5.5
05097,Montgomery,AR,5.7
05099,Nevada,AR,3.9
05101,Newton,AR,6.6
05103,Ouachita,AR,5.5
05105,Perry,AR,6.7
05107,Phillips,AR,4.6
05109,Pike,AR,6.1
05111,Poinsett,AR,5.7
05113,Polk,AR,5.4
05115,Pope,AR,6.3
05117,Prairie,AR,7.6
05119,Pulaski,AR,6.6
05121,Randolph,AR,6.0
05123,St. Francis,AR,4.9
05125,Saline,AR,7.4
05127,Scott,AR,5.1
05129,Searcy,AR,4.6
05131,Sebastian,AR,6.6
05133,Sevier,AR,5.7
05135,Sharp,AR,5.3
05137,Stone,AR,5.3
05139,Union,AR,6.4
05141,Van Buren,AR,6.1
05143,Washington,AR,7.3
05145,White,AR,6.4
05147,Woodruff,AR,7.3
05149,Yell,AR,6.7
06001,Alameda,CA,9.3
06003,Alpine,CA,7.1
06005,Amador,CA,9.1
06007,Butte,CA,7.6
06009,Calaveras,CA,8.0
06011,Colusa,CA,6.8
06013,Contra Costa,CA,9.2
06015,Del Norte,CA,6.8
06017,El Dorado,CA,8.9
06019,Fresno,CA,7.4
06021,Glenn,CA,7.5
06023,Humboldt,CA,7.6
06025,Imperial,CA,6.1
06027,Inyo,CA,7.9
06029,Kern,CA,7.2
06031,Kings,CA,7.5
06033,Lake,CA,7.9
06035,Lassen,CA,7.5
06037,Los Angeles,CA,8.5
06039,Madera,CA,7.5
06041,Marin,CA,9.5
06043,Mariposa,CA,8.1
06045,Mendocino,CA,7.6
06047,Merced,CA,7.1
06049,Modoc,CA,6.4
06051,Mono,CA,7.5
06053,Monterey,CA,8.1
06055,Napa,CA,9.0
06057,Nevada,CA,8.2
06059,Orange,CA,9.1
06061,Placer,CA,9.0
06063,Plumas,CA,8.5
06065,Riverside,CA,8.3
06067,Sacramento,CA,8.5
06069,San Benito,CA,8.9
06071,San Bernardino,CA,7.9
06073,San Diego,CA,8.8
06075,San Francisco,CA,9.0
06077,San Joaquin,CA,8.2
06079,San Luis Obispo,CA,8.7
06081,San Mateo,CA,9.6
06083,Santa Barbara,CA,8.6
06085,Santa Clara,CA,9.5
06087,Santa Cruz,CA,8.4
06089,Shasta,CA,7.7
06091,Sierra,CA,6.2
06093,Siskiyou,CA,6.9
06095,Solano,CA,8.9
06097,Sonoma,CA,8.9
06099,Stanislaus,CA,8.2
06101,Sutter,CA,7.5
06103,Tehama,CA,7.1
06105,Trinity,CA,7.2
06107,Tulare,CA,7.3
06109,Tuolumne,CA,7.9
06111,Ventura,CA,9.0
06113,Yolo,CA,8.5
06115,Yuba,CA,7.2
08001,Adams,CO,8.5
08003,Alamosa,CO,6.9
08005,Arapahoe,CO,9.0
08007,Archuleta,CO,7.8
08009,Baca,CO,6.7
08011,Bent,CO,6.7
08013,Boulder,CO,8.9
08014,Broomfield,CO,8.9
08015,Chaffee,CO,8.4
08017,Cheyenne,CO,8.1
08019,Clear Creek,CO,9.0
08021,Conejos,CO,7.9
08023,Costilla,CO,1.2
08025,Crowley,CO,7.3
08027,Custer,CO,8.5
08029,Delta,CO,7.8
08031,Denver,CO,8.3
08033,Dolores,CO,4.8
08035,Douglas,CO,9.6
08037,Eagle,CO,8.8
08039,Elbert,CO,9.2
08041,El Paso,CO,8.3
08043,Fremont,CO,6.8
08045,Garfield,CO,8.8
08047,Gilpin,CO,
08049,Grand,CO,9.3
08051,Gunnison,CO,8.9
08053,Hinsdale,CO,8.6
08055,Huerfano,CO,6.2
08057,Jackson,CO,7.2
08059,Jefferson,CO,8.9
08061,Kiowa,CO,5.1
08063,Kit Carson,CO,7.8
08065,Lake,CO,6.8
08067,La Plata,CO,8.5
08069,Larimer,CO,8.6
08071,Las Animas,CO,6.3
08073,Lincoln,CO,7.9
08075,Logan,CO,7.8
08077,Mesa,CO,7.8
08079,Mineral,CO,8.4
08081,Moffat,CO,6.9
08083,Montezuma,CO,7.8
08085,Montrose,CO,7.9
08087,Morgan,CO,8.2
08089,Otero,CO,6.8
08091,Ouray,CO,9.1
08093,Park,CO,8.3
08095,Phillips,CO,8.4
08097,Pitkin,CO,8.9
08099,Prowers,CO,6.8
08101,Pueblo,CO,6.2
08103,Rio Blanco,CO,8.3
08105,Rio Grande,CO,8.1
08107,Routt,CO,9.1
08109,Saguache,CO,6.6
08111,San Juan,CO,5.2
08113,San Miguel,CO,8.9
08115,Sedgwick,CO,7.5
08117,Summit,CO,9.4
08119,Teller,CO,8.8
08121,Washington,CO,7.6
08123,Weld,CO,8.4
08125,Yuma,CO,8.2
09001,Fairfield,CT,
09003,Hartford,CT,
09005,Litchfield,CT,
09007,Middlesex,CT,
09009,New Haven,CT,
09011,New London,CT,
09013,Tolland,CT,
09015,Windham,CT,
10001,Kent,DE,7.8
10003,New Castle,DE,8.2
10005,Sussex,DE,7.9
11001,District of Columbia,DC,8.9
12001,Alachua,FL,7.8
12003,Baker,FL,6.9
12005,Bay,FL,7.4
12007,Bradford,FL,8.1
12009,Brevard,FL,7.6
12011,Broward,FL,8.8
12013,Calhoun,FL,5.6
12015,Charlotte,FL,7.0
12017,Citrus,FL,6.4
12019,Clay,FL,8.2
12021,Collier,FL,8.2
12023,Columbia,FL,7.8
12027,DeSoto,FL,6.7
12029,Dixie,FL,7.6
12031,Duval,FL,7.7
12033,Escambia,FL,7.2
12035,Flagler,FL,7.0
12037,Franklin,FL,7.7
12039,Gadsden,FL,7.8
12041,Gilchrist,FL,8.4
12043,Glades,FL,5.4
12045,Gulf,FL,8.3
12047,Hamilton,FL,6.7
12049,Hardee,FL,5.8
12051,Hendry,FL,7.0
12053,Hernando,FL,7.1
12055,Highlands,FL,6.2
12057,Hillsborough,FL,7.9
12059,Holmes,FL,6.2
12061,Indian River,FL,7.3
12063,Jackson,FL,7.6
12065,Jefferson,FL,7.8
12067,Lafayette,FL,7.6
12069,Lake,FL,7.6
12071,Lee,FL,7.5
12073,Leon,FL,7.7
12075,Levy,FL,7.8
12077,Liberty,FL,6.6
12079,Madison,FL,7.0
12081,Manatee,FL,8.2
12083,Marion,FL,7.2
12085,Martin,FL,7.8
12086,Miami-Dade,FL,8.3
12087,Monroe,FL,7.9
12089,Nassau,FL,7.7
12091,Okaloosa,FL,7.7
12093,Okeechobee,FL,5.2
12095,Orange,FL,8.0
12097,Osceola,FL,7.0
12099,Palm Beach,FL,8.5
12101,Pasco,FL,7.3
12103,Pinellas,FL,8.2
12105,Polk,FL,7.1
12107,Putnam,FL,7.0
12109,St. Johns,FL,8.8
12111,St. Lucie,FL,7.2
12113,Santa Rosa,FL,8.0
12115,Sarasota,FL,8.2
12117,Seminole,FL,8.4
12119,Sumter,FL,8.1
12121,Suwannee,FL,7.7
12123,Taylor,FL,6.9
12125,Union,FL,6.3
12127,Volusia,FL,7.4
12129,Wakulla,FL,9.1
12131,Walton,FL,7.7
12133,Washington,FL,5.5
13001,Appling,GA,5.1
13003,Atkinson,GA,5.8
13005,Bacon,GA,7.3
13007,Baker,GA,5.1
13009,Baldwin,GA,6.8
13011,Banks,GA,8.0
13013,Barrow,GA,7.7
13015,Bartow,GA,7.4
13017,Ben Hill,GA,6.2
13019,Berrien,GA,6.3
13021,Bibb,GA,6.5
13023,Bleckley,GA,6.0
13025,Brantley,GA,7.6
13027,Brooks,GA,7.1
13029,Bryan,GA,8.0
13031,Bulloch,GA,7.2
13033,Burke,GA,7.6
13035,Butts,GA,7.6
13037,Calhoun,GA,7.3
13039,Camden,GA,6.3
13043,Candler,GA,7.8
13045,Carroll,GA,6.2
13047,Catoosa,GA,7.4
13049,Charlton,GA,7.7
13051,Chatham,GA,7.5
13053,Chattahoochee,GA,3.7
13055,Chattooga,GA,5.3
13057,Cherokee,GA,8.4
13059,Clarke,GA,5.5
13061,Clay,GA,7.6
13063,Clayton,GA,7.2
13065,Clinch,GA,6.6
13067,Cobb,GA,8.5
13069,Coffee,GA,7.6
13071,Colquitt,GA,6.2
13073,Columbia,GA,8.5
13075,Cook,GA,7.7
13077,Coweta,GA,7.8
13079,Crawford,GA,6.2
13081,Crisp,GA,7.1
13083,Dade,GA,
13085,Dawson,GA,8.7
13087,Decatur,GA,7.1
13089,DeKalb,GA,8.1
13091,Dodge,GA,7.5
13093,Dooly,GA,5.6
13095,Dougherty,GA,5.3
13097,Douglas,GA,7.6
13099,Early,GA,8.0
13101,Echols,GA,6.6
13103,Effingham,GA,8.5
13105,Elbert,GA,6.9
13107,Emanuel,GA,6.0
13109,Evans,GA,7.9
13111,Fannin,GA,8.0
13113,Fayette,GA,8.9
13115,Floyd,GA,6.4
13117,Forsyth,GA,8.6
13119,Franklin,GA,
13121,Fulton,GA,8.0
13123,Gilmer,GA,7.2
13125,Glascock,GA,5.2
13127,Glynn,GA,7.1
13129,Gordon,GA,7.1
13131,Grady,GA,7.8
13133,Greene,GA,7.8
13135,Gwinnett,GA,8.2
13137,Habersham,GA,7.3
13139,Hall,GA,7.7
13141,Hancock,GA,4.7
13143,Haralson,GA,7.5
13145,Harris,GA,9.0
13147,Hart,GA,
13149,Heard,GA,7.4
13151,Henry,GA,8.3
13153,Houston,GA,7.9
13155,Irwin,GA,7.8
13157,Jackson,GA,7.9
13159,Jasper,GA,8.4
13161,Jeff Davis,GA,5.5
13163,Jefferson,GA,8.3
13165,Jenkins,GA,7.3
13167,Johnson,GA,6.7
13169,Jones,GA,7.4
13171,Lamar,GA,7.7
13173,Lanier,GA,6.9
13175,Laurens,GA,6.7
13177,Lee,GA,8.4
13179,Liberty,GA,6.6
13181,Lincoln,GA,7.9
13183,Long,GA,7.9
13185,Lowndes,GA,7.3
13187,Lumpkin,GA,8.6
13189,McDuffie,GA,8.5
13191,McIntosh,GA,7.3
13193,Macon,GA,7.7
13195,Madison,GA,7.5
13197,Marion,GA,8.4
13199,Meriwether,GA,7.5
13201,Miller,GA,7.6
13205,Mitchell,GA,6.5
13207,Monroe,GA,8.4
13209,Montgomery,GA,7.8
13211,Morgan,GA,7.8
13213,Murray,GA,7.4
13215,Muscogee,GA,7.0
13217,Newton,GA,7.4
13219,Oconee,GA,9.0
13221,Oglethorpe,GA,8.5
13223,Paulding,GA,7.9
13225,Peach,GA,7.1
13227,Pickens,GA,7.5
13229,Pierce,GA,7.9
13231,Pike,GA,9.0
13233,Polk,GA,6.6
13235,Pulaski,GA,8.0
13237,Putnam,GA,7.2
13239,Quitman,GA,8.1
13241,Rabun,GA,7.9
13243,Randolph,GA,5.6
13245,Richmond,GA,5.9
13247,Rockdale,GA,7.9
13249,Schley,GA,8.0
13251,Screven,GA,7.3
13253,Seminole,GA,7.1
13255,Spalding,GA,6.9
13257,Stephens,GA,7.6
13259,Stewart,GA,6.6
13261,Sumter,GA,7.4
13263,Talbot,GA,6.7
13265,Taliaferro,GA,3.2
13267,Tattnall,GA,7.2
13269,Taylor,GA,6.9
13271,Telfair,GA,4.4
13273,Terrell,GA,7.2
13275,Thomas,GA,6.7
13277,Tift,GA,7.5
13279,Toombs,GA,7.0
13281,Towns,GA,7.8
13283,Treutlen,GA,4.9
13285,Troup,GA,7.7
13287,Turner,GA,6.8
13289,Twiggs,GA,8.4
13291,Union,GA,8.1
13293,Upson,GA,6.9
13295,Walker,GA,6.6
13297,Walton,GA,7.5
13299,Ware,GA,6.4
13301,Warren,GA,8.0
13303,Washington,GA,7.1
13305,Wayne,GA,7.0
13307,Webster,GA,7.6
13309,Wheeler,GA,7.4
13311,White,GA,
13313,Whitfield,GA,6.8
13315,Wilcox,GA,7.5
13317,Wilkes,GA,7.6
13319,Wilkinson,GA,7.0
13321,Worth,GA,7.9
15001,Hawaii,HI,7.5
15003,Honolulu,HI,8.3
15005,Kalawao,HI,
15007,Kauai,HI,8.1
15009,Maui,HI,8.3
16001,Ada,ID,8.7
16003,Adams,ID,7.4
16005,Bannock,ID,7.6
16007,Bear Lake,ID,8.4
16009,Benewah,ID,7.2
16011,Bingham,ID,7.8
16013,Blaine,ID,9.2
16015,Boise,ID,7.7
16017,Bonner,ID,8.4
16019,Bonneville,ID,7.9
16021,Boundary,ID,7.8
16023,Butte,ID,7.1
16025,Camas,ID,4.6
16027,Canyon,ID,8.2
16029,Caribou,ID,9.3
16031,Cassia,ID,8.1
16033,Clark,ID,3.7
16035,Clearwater,ID,8.0
16037,Custer,ID,7.5
16039,Elmore,ID,7.2
16041,Franklin,ID,9.0
16043,Fremont,ID,7.4
16045,Gem,ID,7.7
16047,Gooding,ID,8.6
16049,Idaho,ID,7.9
16051,Jefferson,ID,8.4
16053,Jerome,ID,7.6
16055,Kootenai,ID,8.3
16057,Latah,ID,8.5
16059,Lemhi,ID,7.5
16061,Lewis,ID,6.2
16063,Lincoln,ID,4.6
16065,Madison,ID,7.4
16067,Minidoka,ID,6.9
16069,Nez Perce,ID,7.9
16071,Oneida,ID,8.4
16073,Owyhee,ID,7.5
16075,Payette,ID,8.1
16077,Power,ID,8.4
16079,Shoshone,ID,7.4
16081,Teton,ID,9.3
16083,Twin Falls,ID,8.4
16085,Valley,ID,8.0
16087,Washington,ID,7.4
17001,Adams,IL,8.4
17003,Alexander,IL,4.9
17005,Bond,IL,7.4
17007,Boone,IL,8.1
17009,Brown,IL,7.9
17011,Bureau,IL,7.6
17013,Calhoun,IL,8.3
17015,Carroll,IL,8.3
17017,Cass,IL,8.3
17019,Champaign,IL,8.2
17021,Christian,IL,8.4
17023,Clark,IL,8.0
17025,Clay,IL,7.6
17027,Clinton,IL,8.9
17029,Coles,IL,6.9
17031,Cook,IL,8.7
17033,Crawford,IL,8.7
17035,Cumberland,IL,9.0
17037,DeKalb,IL,7.2
17039,De Witt,IL,8.7
17041,Douglas,IL,8.7
17043,DuPage,IL,9.2
17045,Edgar,IL,7.1
17047,Edwards,IL,7.5
17049,Effingham,IL,8.5
17051,Fayette,IL,6.5
17053,Ford,IL,7.8
17055,Franklin,IL,7.0
17057,Fulton,IL,8.1
17059,Gallatin,IL,4.7
17061,Greene,IL,8.4
17063,Grundy,IL,8.8
17065,Hamilton,IL,8.1
17067,Hancock,IL,7.1
17069,Hardin,IL,7.4
17071,Henderson,IL,8.9
17073,Henry,IL,8.1
17075,Iroquois,IL,7.5
17077,Jackson,IL,6.4
17079,Jasper,IL,8.5
17081,Jefferson,IL,7.4
17083,Jersey,IL,8.7
17085,Jo Daviess,IL,8.7
17087,Johnson,IL,8.2
17089,Kane,IL,8.9
17091,Kankakee,IL,7.9
17093,Kendall,IL,9.2
17095,Knox,IL,7.4
17097,Lake,IL,8.7
17099,LaSalle,IL,7.8
17101,Lawrence,IL,7.5
17103,Lee,IL,8.0
17105,Livingston,IL,8.2
17107,Logan,IL,8.0
17109,McDonough,IL,7.3
17111,McHenry,IL,8.8
17113,McLean,IL,8.2
17115,Macon,IL,7.6
17117,Macoupin,IL,8.1
17119,Madison,IL,7.5
17121,Marion,IL,7.1
17123,Marshall,IL,8.2
17125,Mason,IL,7.0
17127,Massac,IL,8.0
17129,Menard,IL,8.8
17131,Mercer,IL,8.3
17133,Monroe,IL,9.2
17135,Montgomery,IL,7.7
17137,Morgan,IL,7.2
17139,Moultrie,IL,9.1
17141,Ogle,IL,8.5
17143,Peoria,IL,7.3
17145,Perry,IL,7.1
17147,Piatt,IL,9.2
17149,Pike,IL,7.4
17151,Pope,IL,7.0
17153,Pulaski,IL,5.8
17155,Putnam,IL,8.9
17157,Randolph,IL,8.1
17159,Richland,IL,8.2
17161,Rock Island,IL,8.0
17163,St. Clair,IL,7.6
17165,Saline,IL,7.1
17167,Sangamon,IL,8.3
17169,Schuyler,IL,7.3
17171,Scott,IL,6.7
17173,Shelby,IL,8.2
17175,Stark,IL,6.6
17177,Stephenson,IL,8.4
17179,Tazewell,IL,8.1
17181,Union,IL,7.5
17183,Vermilion,IL,7.5
17185,Wabash,IL,8.1
17187,Warren,IL,8.3
17189,Washington,IL,8.9
17191,Wayne,IL,7.6
17193,White,IL,7.9
17195,Whiteside,IL,8.1
17197,Will,IL,8.8
17199,Williamson,IL,7.2
17201,Winnebago,IL,7.6
17203,Woodford,IL,8.9
18001,Adams,IN,8.3
18003,Allen,IN,7.4
18005,Bartholomew,IN,7.4
18007,Benton,IN,8.1
18009,Blackford,IN,6.9
18011,Boone,IN,9.1
18013,Brown,IN,8.6
18015,Carroll,IN,8.7
18017,Cass,IN,7.9
18019,Clark,IN,8.3
18021,Clay,IN,7.8
18023,Clinton,IN,8.6
18025,Crawford,IN,6.9
18027,Daviess,IN,8.3
18029,Dearborn,IN,8.0
18031,Decatur,IN,8.2
18033,DeKalb,IN,7.8
18035,Delaware,IN,6.5
18037,Dubois,IN,8.4
18039,Elkhart,IN,7.7
18041,Fayette,IN,6.7
18043,Floyd,IN,8.2
18045,Fountain,IN,7.9
18047,Franklin,IN,8.6
18049,Fulton,IN,7.7
18051,Gibson,IN,8.4
18053,Grant,IN,6.9
18055,Greene,IN,7.3
18057,Hamilton,IN,8.9
18059,Hancock,IN,8.3
18061,Harrison,IN,8.8
18063,Hendricks,IN,8.7
18065,Henry,IN,7.4
18067,Howard,IN,7.1
18069,Huntington,IN,7.5
18071,Jackson,IN,7.4
18073,Jasper,IN,8.4
18075,Jay,IN,7.0
18077,Jefferson,IN,7.8
18079,Jennings,IN,7.0
18081,Johnson,IN,8.4
18083,Knox,IN,7.9
18085,Kosciusko,IN,8.2
18087,LaGrange,IN,9.0
18089,Lake,IN,7.3
18091,LaPorte,IN,7.5
18093,Lawrence,IN,8.0
18095,Madison,IN,6.5
18097,Marion,IN,7.2
18099,Marshall,IN,8.1
18101,Martin,IN,7.9
18103,Miami,IN,7.0
18105,Monroe,IN,7.7
18107,Montgomery,IN,7.9
18109,Morgan,IN,8.1
18111,Newton,IN,7.6
18113,Noble,IN,8.4
18115,Ohio,IN,
18117,Orange,IN,7.9
18119,Owen,IN,8.1
18121,Parke,IN,7.5
18123,Perry,IN,7.7
18125,Pike,IN,8.4
18127,Porter,IN,8.0
18129,Posey,IN,7.9
18131,Pulaski,IN,7.9
18133,Putnam,IN,8.3
18135,Randolph,IN,7.3
18137,Ripley,IN,8.5
18139,Rush,IN,7.8
18141,St. Joseph,IN,7.5
18143,Scott,IN,6.6
18145,Shelby,IN,7.9
18147,Spencer,IN,8.8
18149,Starke,IN,7.9
18151,Steuben,IN,7.6
18153,Sullivan,IN,7.7
18155,Switzerland,IN,7.5
18157,Tippecanoe,IN,6.5
18159,Tipton,IN,7.8
18161,Union,IN,
18163,Vanderburgh,IN,7.0
18165,Vermillion,IN,7.8
18167,Vigo,IN,5.7
18169,Wabash,IN,7.8
18171,Warren,IN,8.1
18173,Warrick,IN,8.4
18175,Washington,IN,8.0
18177,Wayne,IN,6.2
18179,Wells,IN,7.7
18181,White,IN,8.7
18183,Whitley,IN,8.7
19001,Adair,IA,8.8
19003,Adams,IA,9.0
19005,Allamakee,IA,8.7
19007,Appanoose,IA,7.7
19009,Audubon,IA,8.8
19011,Benton,IA,9.0
19013,Black Hawk,IA,7.9
19015,Boone,IA,9.3
19017,Bremer,IA,9.6
19019,Buchanan,IA,9.0
19021,Buena Vista,IA,9.0
19023,Butler,IA,8.9
19025,Calhoun,IA,8.3
19027,Carroll,IA,9.2
19029,Cass,IA,7.7
19031,Cedar,IA,9.0
19033,Cerro Gordo,IA,8.6
19035,Cherokee,IA,8.4
19037,Chickasaw,IA,9.1
19039,Clarke,IA,8.2
19041,Clay,IA,8.5
19043,Clayton,IA,8.5
19045,Clinton,IA,8.0
19047,Crawford,IA,7.2
19049,Dallas,IA,9.5
19051,Davis,IA,9.1
19053,Decatur,IA,8.3
19055,Delaware,IA,9.3
19057,Des Moines,IA,7.7
19059,Dickinson,IA,9.2
19061,Dubuque,IA,8.7
19063,Emmet,IA,7.6
19065,Fayette,IA,8.7
19067,Floyd,IA,8.4
19069,Franklin,IA,8.5
19071,Fremont,IA,6.7
19073,Greene,IA,8.4
19075,Grundy,IA,
19077,Guthrie,IA,9.0
19079,Hamilton,IA,8.9
19081,Hancock,IA,8.8
19083,Hardin,IA,8.9
19085,Harrison,IA,8.8
19087,Henry,IA,8.0
19089,Howard,IA,8.3
19091,Humboldt,IA,8.0
19093,Ida,IA,9.1
19095,Iowa,IA,9.2
19097,Jackson,IA,8.5
19099,Jasper,IA,8.8
19101,Jefferson,IA,8.1
19103,Johnson,IA,9.0
19105,Jones,IA,8.6
19107,Keokuk,IA,8.0
19109,Kossuth,IA,8.6
19111,Lee,IA,7.4
19113,Linn,IA,8.7
19115,Louisa,IA,9.0
19117,Lucas,IA,7.5
19119,Lyon,IA,9.5
19121,Madison,IA,9.3
19123,Mahaska,IA,8.1
19125,Marion,IA,9.0
19127,Marshall,IA,7.9
19129,Mills,IA,9.1
19131,Mitchell,IA,8.7
19133,Monona,IA,8.4
19135,Monroe,IA,8.8
19137,Montgomery,IA,7.9
19139,Muscatine,IA,8.4
19141,O'Brien,IA,8.5
19143,Osceola,IA,8.3
19145,Page,IA,8.4
19147,Palo Alto,IA,8.3
19149,Plymouth,IA,9.3
19151,Pocahontas,IA,8.4
19153,Polk,IA,8.8
19155,Pottawattamie,IA,8.0
19157,Poweshiek,IA,8.9
19159,Ringgold,IA,8.9
19161,Sac,IA,9.0
19163,Scott,IA,8.7
19165,Shelby,IA,8.8
19167,Sioux,IA,9.7
19169,Story,IA,8.2
19171,Tama,IA,8.1
19173,Taylor,IA,9.2
19175,Union,IA,8.3
19177,Van Buren,IA,8.0
19179,Wapello,IA,6.0
19181,Warren,IA,9.3
19183,Washington,IA,9.0
19185,Wayne,IA,7.2
19187,Webster,IA,7.7
19189,Winnebago,IA,9.1
19191,Winneshiek,IA,9.1
19193,Woodbury,IA,8.3
19195,Worth,IA,9.1
19197,Wright,IA,8.5
20001,Allen,KS,7.8
20003,Anderson,KS,7.9
20005,Atchison,KS,7.4
20007,Barber,KS,7.6
20009,Barton,KS,7.0
20011,Bourbon,KS,7.2
20013,Brown,KS,7.0
20015,Butler,KS,8.4
20017,Chase,KS,5.6
20019,Chautauqua,KS,6.1
20021,Cherokee,KS,6.3
20023,Cheyenne,KS,7.6
20025,Clark,KS,5.1
20027,Clay,KS,7.6
20029,Cloud,KS,7.2
20031,Coffey,KS,6.9
20033,Comanche,KS,8.4
20035,Cowley,KS,7.3
20037,Crawford,KS,6.5
20039,Decatur,KS,7.4
20041,Dickinson,KS,8.3
20043,Doniphan,KS,8.0
20045,Douglas,KS,8.1
20047,Edwards,KS,8.0
20049,Elk,KS,6.2
20051,Ellis,KS,7.9
20053,Ellsworth,KS,7.8
20055,Finney,KS,7.6
20057,Ford,KS,7.9
20059,Franklin,KS,7.0
20061,Geary,KS,6.4
20063,Gove,KS,5.7
20065,Graham,KS,8.3
20067,Grant,KS,8.8
20069,Gray,KS,8.4
20071,Greeley,KS,8.7
20073,Greenwood,KS,6.4
20075,Hamilton,KS,8.4
20077,Harper,KS,7.2
20079,Harvey,KS,8.7
20081,Haskell,KS,8.3
20083,Hodgeman,KS,8.0
20085,Jackson,KS,8.4
20087,Jefferson,KS,9.2
20089,Jewell,KS,6.8
20091,Johnson,KS,9.3
20093,Kearny,KS,8.2
20095,Kingman,KS,7.7
20097,Kiowa,KS,7.8
20099,Labette,KS,7.4
20101,Lane,KS,8.0
20103,Leavenworth,KS,7.8
20105,Lincoln,KS,7.6
20107,Linn,KS,8.0
20109,Logan,KS,8.0
20111,Lyon,KS,7.8
20113,McPherson,KS,8.1
20115,Marion,KS,7.9
20117,Marshall,KS,7.6
20119,Meade,KS,7.6
20121,Miami,KS,8.5
20123,Mitchell,KS,7.7
20125,Montgomery,KS,7.0
20127,Morris,KS,7.6
20129,Morton,KS,7.4
20131,Nemaha,KS,8.1
20133,Neosho,KS,7.6
20135,Ness,KS,7.8
20137,Norton,KS,8.1
20139,Osage,KS,8.1
20141,Osborne,KS,7.8
20143,Ottawa,KS,7.9
20145,Pawnee,KS,7.2
20147,Phillips,KS,7.0
20149,Pottawatomie,KS,9.0
20151,Pratt,KS,7.8
20153,Rawlins,KS,7.0
20155,Reno,KS,7.6
20157,Republic,KS,8.1
20159,Rice,KS,7.9
20161,Riley,KS,5.7
20163,Rooks,KS,8.6
20165,Rush,KS,7.5
20167,Russell,KS,7.4
20169,Saline,KS,8.0
20171,Scott,KS,8.6
20173,Sedgwick,KS,7.5
20175,Seward,KS,8.0
20177,Shawnee,KS,7.6
20179,Sheridan,KS,7.7
20181,Sherman,KS,6.0
20183,Smith,KS,7.8
20185,Stafford,KS,7.9
20187,Stanton,KS,8.5
20189,Stevens,KS,7.4
20191,Sumner,KS,8.0
20193,Thomas,KS,7.3
20195,Trego,KS,8.9
20197,Wabaunsee,KS,7.7
20199,Wallace,KS,7.4
20201,Washington,KS,7.3
20203,Wichita,KS,8.2
20205,Wilson,KS,7.2
20207,Woodson,KS,7.2
20209,Wyandotte,KS,7.0
21001,Adair,KY,7.2
21003,Allen,KY,7.1
21005,Anderson,KY,8.1
21007,Ballard,KY,8.2
21009,Barren,KY,6.7
21011,Bath,KY,7.1
21013,Bell,KY,5.6
21015,Boone,KY,8.3
21017,Bourbon,KY,6.8
21019,Boyd,KY,6.3
21021,Boyle,KY,7.5
21023,Bracken,KY,8.0
21025,Breathitt,KY,4.9
21027,Breckinridge,KY,7.1
21029,Bullitt,KY,7.7
21031,Butler,KY,7.1
21033,Caldwell,KY,7.6
21035,Calloway,KY,7.2
21037,Campbell,KY,7.7
21039,Carlisle,KY,7.6
21041,Carroll,KY,
21043,Carter,KY,6.6
21045,Casey,KY,6.7
21047,Christian,KY,6.4
21049,Clark,KY,7.6
21051,Clay,KY,4.9
21053,Clinton,KY,7.2
21055,Crittenden,KY,7.0
21057,Cumberland,KY,7.0
21059,Daviess,KY,7.7
21061,Edmonson,KY,7.4
21063,Elliott,KY,
21065,Estill,KY,6.8
21067,Fayette,KY,7.9
21069,Fleming,KY,7.2
21071,Floyd,KY,6.2
21073,Franklin,KY,7.4
21075,Fulton,KY,7.2
21077,Gallatin,KY,
21079,Garrard,KY,
21081,Grant,KY,8.1
21083,Graves,KY,6.9
21085,Grayson,KY,6.6
21087,Green,KY,6.9
21089,Greenup,KY,7.1
21091,Hancock,KY,7.6
21093,Hardin,KY,7.5
21095,Harlan,KY,5.9
21097,Harrison,KY,7.6
21099,Hart,KY,7.0
21101,Henderson,KY,7.4
21103,Henry,KY,8.0
21105,Hickman,KY,7.9
21107,Hopkins,KY,6.7
21109,Jackson,KY,6.7
21111,Jefferson,KY,8.0
21113,Jessamine,KY,7.7
21115,Johnson,KY,6.8
21117,Kenton,KY,7.9
21119,Knott,KY,6.5
21121,Knox,KY,4.4
21123,Larue,KY,7.1
21125,Laurel,KY,6.4
21127,Lawrence,KY,6.2
21129,Lee,KY,6.2
21131,Leslie,KY,5.7
21133,Letcher,KY,
21135,Lewis,KY,6.8
21137,Lincoln,KY,7.0
21139,Livingston,KY,6.8
21141,Logan,KY,7.9
21143,Lyon,KY,7.7
21145,McCracken,KY,6.7
21147,McCreary,KY,6.3
21149,McLean,KY,8.6
21151,Madison,KY,7.0
21153,Magoffin,KY,5.6
21155,Marion,KY,6.8
21157,Marshall,KY,8.1
21159,Martin,KY,6.5
21161,Mason,KY,7.1
21163,Meade,KY,7.6
21165,Menifee,KY,6.7
21167,Mercer,KY,8.0
21169,Metcalfe,KY,7.3
21171,Monroe,KY,7.2
21173,Montgomery,KY,7.1
21175,Morgan,KY,6.8
21177,Muhlenberg,KY,7.2
21179,Nelson,KY,8.7
21181,Nicholas,KY,7.7
21183,Ohio,KY,7.8
21185,Oldham,KY,9.1
21187,Owen,KY,7.9
21189,Owsley,KY,5.8
21191,Pendleton,KY,7.9
21193,Perry,KY,6.7
21195,Pike,KY,6.8
21197,Powell,KY,7.3
21199,Pulaski,KY,6.6
21201,Robertson,KY,4.4
21203,Rockcastle,KY,7.2
21205,Rowan,KY,7.3
21207,Russell,KY,7.0
21209,Scott,KY,8.2
21211,Shelby,KY,9.0
21213,Simpson,KY,7.7
21215,Spencer,KY,
21217,Taylor,KY,7.7
21219,Todd,KY,7.6
21221,Trigg,KY,7.5
21223,Trimble,KY,
21225,Union,KY,5.3
21227,Warren,KY,7.7
21229,Washington,KY,7.7
21231,Wayne,KY,5.9
21233,Webster,KY,6.4
21235,Whitley,KY,6.9
21237,Wolfe,KY,5.2
21239,Woodford,KY,7.7
22001,Acadia,LA,6.9
22003,Allen,LA,6.4
22005,Ascension,LA,8.0
22007,Assumption,LA,8.1
22009,Avoyelles,LA,5.6
22011,Beauregard,LA,6.0
22013,Bienville,LA,5.0
22015,Bossier,LA,7.0
22017,Caddo,LA,6.2
22019,Calcasieu,LA,6.8
22021,Caldwell,LA,6.8
22023,Cameron,LA,7.7
22025,Catahoula,LA,6.2
22027,Claiborne,LA,6.1
22029,Concordia,LA,4.5
22031,De Soto,LA,6.8
22033,East Baton Rouge,LA,7.2
22035,East Carroll,LA,4.2
22037,East Feliciana,LA,8.6
22039,Evangeline,LA,6.0
22041,Franklin,LA,6.0
22043,Grant,LA,7.0
22045,Iberia,LA,7.0
22047,Iberville,LA,8.2
22049,Jackson,LA,6.0
22051,Jefferson,LA,7.6
22053,Jefferson Davis,LA,7.2
22055,Lafayette,LA,7.3
22057,Lafourche,LA,7.1
22059,LaSalle,LA,7.0
22061,Lincoln,LA,5.5
22063,Livingston,LA,7.7
22065,Madison,LA,6.3
22067,Morehouse,LA,5.8
22069,Natchitoches,LA,6.1
22071,Orleans,LA,7.0
22073,Ouachita,LA,6.1
22075,Plaquemines,LA,6.1
22077,Pointe Coupee,LA,6.5
22079,Rapides,LA,6.0
22081,Red River,LA,7.4
22083,Richland,LA,6.9
22085,Sabine,LA,5.9
22087,St. Bernard,LA,5.8
22089,St. Charles,LA,7.6
22091,St. Helena,LA,6.7
22093,St. James,LA,8.1
22095,St. John the Baptist,LA,7.4
22097,St. Landry,LA,6.4
22099,St. Martin,LA,7.5
22101,St. Mary,LA,6.5
22103,St. Tammany,LA,7.6
22105,Tangipahoa,LA,6.0
22107,Tensas,LA,2.8
22109,Terrebonne,LA,6.9
22111,Union,LA,5.7
22113,Vermilion,LA,7.3
22115,Vernon,LA,5.0
22117,Washington,LA,6.8
22119,Webster,LA,5.4
22121,West Baton Rouge,LA,7.9
22123,West Carroll,LA,7.3
22125,West Feliciana,LA,7.3
22127,Winn,LA,7.1
23001,Androscoggin,ME,8.2
23003,Aroostook,ME,7.4
23005,Cumberland,ME,8.8
23007,Franklin,ME,7.9
23009,Hancock,ME,8.5
23011,Kennebec,ME,8.3
23013,Knox,ME,8.7
23015,Lincoln,ME,8.8
23017,Oxford,ME,7.7
23019,Penobscot,ME,7.8
23021,Piscataquis,ME,7.8
23023,Sagadahoc,ME,8.6
23025,Somerset,ME,7.5
23027,Waldo,ME,8.1
23029,Washington,ME,7.2
23031,York,ME,8.6
24001,Allegany,MD,6.7
24003,Anne Arundel,MD,8.8
24005,Baltimore,MD,8.4
24009,Calvert,MD,8.9
24011,Caroline,MD,7.9
24013,Carroll,MD,8.7
24015,Cecil,MD,7.8
24017,Charles,MD,9.2
24019,Dorchester,MD,7.6
24021,Frederick,MD,8.7
24023,Garrett,MD,7.7
24025,Harford,MD,8.6
24027,Howard,MD,9.2
24029,Kent,MD,8.4
24031,Montgomery,MD,8.9
24033,Prince George's,MD,9.1
24035,Queen Anne's,MD,8.6
24037,St. Mary's,MD,8.5
24039,Somerset,MD,7.4
24041,Talbot,MD,8.1
24043,Washington,MD,7.6
24045,Wicomico,MD,7.5
24047,Worcester,MD,7.8
24510,Baltimore,MD,7.9
25001,Barnstable,MA,8.6
25003,Berkshire,MA,8.4
25005,Bristol,MA,8.6
25007,Dukes,MA,8.7
25009,Essex,MA,8.9
25011,Franklin,MA,8.4
25013,Hampden,MA,8.1
25015,Hampshire,MA,8.2
25017,Middlesex,MA,9.4
25019,Nantucket,MA,9.5
25021,Norfolk,MA,9.5
25023,Plymouth,MA,9.3
25025,Suffolk,MA,8.8
25027,Worcester,MA,8.8
26001,Alcona,MI,6.9
26003,Alger,MI,7.6
26005,Allegan,MI,8.4
26007,Alpena,MI,7.0
26009,Antrim,MI,8.4
26011,Arenac,MI,7.7
26013,Baraga,MI,7.4
26015,Barry,MI,8.8
26017,Bay,MI,7.4
26019,Benzie,MI,
26021,Berrien,MI,7.2
26023,Branch,MI,7.5
26025,Calhoun,MI,7.0
26027,Cass,MI,8.0
26029,Charlevoix,MI,8.5
26031,Cheboygan,MI,7.4
26033,Chippewa,MI,6.8
26035,Clare,MI,6.8
26037,Clinton,MI,7.8
26039,Crawford,MI,7.4
26041,Delta,MI,7.4
26043,Dickinson,MI,7.6
26045,Eaton,MI,7.8
26047,Emmet,MI,7.8
26049,Genesee,MI,6.8
26051,Gladwin,MI,7.2
26053,Gogebic,MI,7.5
26055,Grand Traverse,MI,8.0
26057,Gratiot,MI,6.4
26059,Hillsdale,MI,7.8
26061,Houghton,MI,7.7
26063,Huron,MI,7.4
26065,Ingham,MI,6.7
26067,Ionia,MI,7.9
26069,Iosco,MI,7.0
26071,Iron,MI,7.1
26073,Isabella,MI,7.1
26075,Jackson,MI,7.2
26077,Kalamazoo,MI,7.7
26079,Kalkaska,MI,7.7
26081,Kent,MI,8.4
26083,Keweenaw,MI,7.9
26085,Lake,MI,7.1
26087,Lapeer,MI,8.3
26089,Leelanau,MI,8.8
26091,Lenawee,MI,7.4
26093,Livingston,MI,8.9
26095,Luce,MI,6.3
26097,Mackinac,MI,5.9
26099,Macomb,MI,8.1
26101,Manistee,MI,7.9
26103,Marquette,MI,7.7
26105,Mason,MI,7.1
26107,Mecosta,MI,6.3
26109,Menominee,MI,7.8
26111,Midland,MI,8.0
26113,Missaukee,MI,8.0
26115,Monroe,MI,8.1
26117,Montcalm,MI,8.2
26119,Montmorency,MI,6.9
26121,Muskegon,MI,6.6
26123,Newaygo,MI,7.8
26125,Oakland,MI,8.6
26127,Oceana,MI,7.4
26129,Ogemaw,MI,7.4
26131,Ontonagon,MI,6.3
26133,Osceola,MI,7.8
26135,Oscoda,MI,7.4
26137,Otsego,MI,7.1
26139,Ottawa,MI,8.3
26141,Presque Isle,MI,7.2
26143,Roscommon,MI,6.6
26145,Saginaw,MI,6.7
26147,St. Clair,MI,7.1
26149,St. Joseph,MI,7.6
26151,Sanilac,MI,7.3
26153,Schoolcraft,MI,5.5
26155,Shiawassee,MI,7.3
26157,Tuscola,MI,7.3
26159,Van Buren,MI,8.0
26161,Washtenaw,MI,8.1
26163,Wayne,MI,7.6
26165,Wexford,MI,7.2
27001,Aitkin,MN,7.5
27003,Anoka,MN,9.3
27005,Becker,MN,7.8
27007,Beltrami,MN,7.0
27009,Benton,MN,8.5
27011,Big Stone,MN,8.1
27013,Blue Earth,MN,7.4
27015,Brown,MN,9.1
27017,Carlton,MN,8.5
27019,Carver,MN,9.8
27021,Cass,MN,8.4
27023,Chippewa,MN,8.5
27025,Chisago,MN,9.3
27027,Clay,MN,8.7
27029,Clearwater,MN,7.1
27031,Cook,MN,8.4
27033,Cottonwood,MN,8.8
27035,Crow Wing,MN,8.7
27037,Dakota,MN,9.5
27039,Dodge,MN,9.6
27041,Douglas,MN,8.8
27043,Faribault,MN,8.7
27045,Fillmore,MN,9.5
27047,Freeborn,MN,8.5
27049,Goodhue,MN,9.2
27051,Grant,MN,7.7
27053,Hennepin,MN,9.2
27055,Houston,MN,9.4
27057,Hubbard,MN,8.4
27059,Isanti,MN,8.6
27061,Itasca,MN,7.9
27063,Jackson,MN,8.9
27065,Kanabec,MN,8.6
27067,Kandiyohi,MN,7.9
27069,Kittson,MN,8.5
27071,Koochiching,MN,7.4
27073,Lac qui Parle,MN,9.0
27075,Lake,MN,8.7
27077,Lake of the Woods,MN,8.3
27079,Le Sueur,MN,9.4
27081,Lincoln,MN,9.1
27083,Lyon,MN,7.7
27085,McLeod,MN,8.2
27087,Mahnomen,MN,6.3
27089,Marshall,MN,7.8
27091,Martin,MN,8.1
27093,Meeker,MN,8.7
27095,Mille Lacs,MN,8.6
27097,Morrison,MN,8.1
27099,Mower,MN,8.7
27101,Murray,MN,9.1
27103,Nicollet,MN,8.4
27105,Nobles,MN,8.2
27107,Norman,MN,8.3
27109,Olmsted,MN,9.5
27111,Otter Tail,MN,8.7
27113,Pennington,MN,8.7
27115,Pine,MN,8.5
27117,Pipestone,MN,8.2
27119,Polk,MN,8.2
27121,Pope,MN,9.0
27123,Ramsey,MN,8.7
27125,Red Lake,MN,6.6
27127,Redwood,MN,8.2
27129,Renville,MN,8.3
27131,Rice,MN,9.0
27133,Rock,MN,9.1
27135,Roseau,MN,8.5
27137,St. Louis,MN,8.0
27139,Scott,MN,9.7
27141,Sherburne,MN,9.5
27143,Sibley,MN,9.3
27145,Stearns,MN,8.5
27147,Steele,MN,9.0
27149,Stevens,MN,9.0
27151,Swift,MN,8.3
27153,Todd,MN,7.9
27155,Traverse,MN,9.0
27157,Wabasha,MN,9.3
27159,Wadena,MN,8.6
27161,Waseca,MN,8.3
27163,Washington,MN,9.5
27165,Watonwan,MN,9.0
27167,Wilkin,MN,8.5
27169,Winona,MN,9.0
27171,Wright,MN,9.7
27173,Yellow Medicine,MN,8.4
28001,Adams,MS,5.6
28003,Alcorn,MS,6.1
28005,Amite,MS,5.9
28007,Attala,MS,5.7
28009,Benton,MS,5.7
28011,Bolivar,MS,3.9
28013,Calhoun,MS,7.0
28015,Carroll,MS,5.0
28017,Chickasaw,MS,6.4
28019,Choctaw,MS,6.5
28021,Claiborne,MS,6.4
28023,Clarke,MS,6.4
28025,Clay,MS,6.8
28027,Coahoma,MS,4.9
28029,Copiah,MS,6.2
28031,Covington,MS,
28033,DeSoto,MS,7.4
28035,Forrest,MS,6.1
28037,Franklin,MS,5.1
28039,George,MS,6.2
28041,Greene,MS,6.7
28043,Grenada,MS,6.7
28045,Hancock,MS,5.9
28047,Harrison,MS,5.7
28049,Hinds,MS,6.4
28051,Holmes,MS,4.2
28053,Humphreys,MS,5.1
28055,Issaquena,MS,4.8
28057,Itawamba,MS,7.2
28059,Jackson,MS,6.2
28061,Jasper,MS,7.3
28063,Jefferson,MS,6.0
28065,Jefferson Davis,MS,6.5
28067,Jones,MS,6.4
28069,Kemper,MS,4.9
28071,Lafayette,MS,6.3
28073,Lamar,MS,6.6
28075,Lauderdale,MS,5.3
28077,Lawrence,MS,6.0
28079,Leake,MS,6.0
28081,Lee,MS,7.3
28083,Leflore,MS,4.8
28085,Lincoln,MS,6.6
28087,Lowndes,MS,6.3
28089,Madison,MS,8.2
28091,Marion,MS,6.4
28093,Marshall,MS,6.6
28095,Monroe,MS,7.4
28097,Montgomery,MS,6.1
28099,Neshoba,MS,6.4
28101,Newton,MS,6.1
28103,Noxubee,MS,6.7
28105,Oktibbeha,MS,5.4
28107,Panola,MS,6.4
28109,Pearl River,MS,6.7
28111,Perry,MS,5.5
28113,Pike,MS,6.1
28115,Pontotoc,MS,6.7
28117,Prentiss,MS,7.1
28119,Quitman,MS,0.4
28121,Rankin,MS,7.5
28123,Scott,MS,5.6
28125,Sharkey,MS,6.5
28127,Simpson,MS,7.0
28129,Smith,MS,6.9
28131,Stone,MS,5.6
28133,Sunflower,MS,4.6
28135,Tallahatchie,MS,4.1
28137,Tate,MS,6.3
28139,Tippah,MS,6.9
28141,Tishomingo,MS,
28143,Tunica,MS,6.4
28145,Union,MS,7.1
28147,Walthall,MS,6.0
28149,Warren,MS,6.8
28151,Washington,MS,4.8
28153,Wayne,MS,6.5
28155,Webster,MS,7.0
28157,Wilkinson,MS,6.5
28159,Winston,MS,5.8
28161,Yalobusha,MS,6.5
28163,Yazoo,MS,4.6
29001,Adair,MO,6.9
29003,Andrew,MO,8.3
29005,Atchison,MO,8.0
29007,Audrain,MO,6.7
29009,Barry,MO,6.8
29011,Barton,MO,4.4
29013,Bates,MO,6.7
29015,Benton,MO,7.0
29017,Bollinger,MO,6.7
29019,Boone,MO,7.4
29021,Buchanan,MO,6.7
29023,Butler,MO,6.3
29025,Caldwell,MO,7.2
29027,Callaway,MO,7.9
29029,Camden,MO,7.4
29031,Cape Girardeau,MO,7.4
29033,Carroll,MO,7.6
29035,Carter,MO,4.1
29037,Cass,MO,8.0
29039,Cedar,MO,6.3
29041,Chariton,MO,8.1
29043,Christian,MO,8.0
29045,Clark,MO,7.9
29047,Clay,MO,8.2
29049,Clinton,MO,8.0
29051,Cole,MO,7.9
29053,Cooper,MO,7.3
29055,Crawford,MO,7.4
29057,Dade,MO,7.6
29059,Dallas,MO,6.0
29061,Daviess,MO,7.7
29063,DeKalb,MO,7.8
29065,Dent,MO,6.8
29067,Douglas,MO,5.4
29069,Dunklin,MO,6.5
29071,Franklin,MO,8.4
29073,Gasconade,MO,8.0
29075,Gentry,MO,7.0
29077,Greene,MO,7.3
29079,Grundy,MO,6.4
29081,Harrison,MO,6.1
29083,Henry,MO,6.1
29085,Hickory,MO,7.2
29087,Holt,MO,7.2
29089,Howard,MO,7.9
29091,Howell,MO,6.1
29093,Iron,MO,5.9
29095,Jackson,MO,7.6
29097,Jasper,MO,6.8
29099,Jefferson,MO,7.8
29101,Johnson,MO,7.3
29103,Knox,MO,7.4
29105,Laclede,MO,6.0
29107,Lafayette,MO,7.8
29109,Lawrence,MO,7.4
29111,Lewis,MO,6.7
29113,Lincoln,MO,8.2
29115,Linn,MO,7.2
29117,Livingston,MO,8.0
29119,McDonald,MO,7.7
29121,Macon,MO,7.1
29123,Madison,MO,6.9
29125,Maries,MO,7.4
29127,Marion,MO,7.4
29129,Mercer,MO,4.1
29131,Miller,MO,7.7
29133,Mississippi,MO,6.9
29135,Moniteau,MO,8.1
29137,Monroe,MO,7.4
29139,Montgomery,MO,7.3
29141,Morgan,MO,7.3
29143,New Madrid,MO,7.4
29145,Newton,MO,7.5
29147,Nodaway,MO,5.0
29149,Oregon,MO,6.1
29151,Osage,MO,8.6
29153,Ozark,MO,5.0
29155,Pemiscot,MO,6.1
29157,Perry,MO,8.0
29159,Pettis,MO,7.4
29161,Phelps,MO,6.9
29163,Pike,MO,7.0
29165,Platte,MO,8.2
29167,Polk,MO,7.7
29169,Pulaski,MO,5.7
29171,Putnam,MO,7.3
29173,Ralls,MO,8.2
29175,Randolph,MO,7.1
29177,Ray,MO,8.1
29179,Reynolds,MO,5.3
29181,Ripley,MO,6.7
29183,St. Charles,MO,8.8
29185,St. Clair,MO,7.2
29186,Ste. Genevieve,MO,7.2
29187,St. Francois,MO,6.6
29189,St. Louis,MO,8.5
29195,Saline,MO,6.8
29197,Schuyler,MO,4.2
29199,Scotland,MO,8.4
29201,Scott,MO,7.2
29203,Shannon,MO,7.2
29205,Shelby,MO,6.5
29207,Stoddard,MO,7.3
29209,Stone,MO,7.5
29211,Sullivan,MO,7.1
29213,Taney,MO,5.8
29215,Texas,MO,6.7
29217,Vernon,MO,5.9
29219,Warren,MO,8.2
29221,Washington,MO,6.7
29223,Wayne,MO,4.7
29225,Webster,MO,7.8
29227,Worth,MO,7.3
29229,Wright,MO,6.4
29510,St. Louis,MO,7.6
30001,Beaverhead,MT,8.3
30003,Big Horn,MT,5.4
30005,Blaine,MT,6.0
30007,Broadwater,MT,8.8
30009,Carbon,MT,8.7
30011,Carter,MT,4.9
30013,Cascade,MT,7.8
30015,Chouteau,MT,6.5
30017,Custer,MT,8.3
30019,Daniels,MT,8.4
30021,Dawson,MT,8.0
30023,Deer Lodge,MT,7.4
30025,Fallon,MT,8.6
30027,Fergus,MT,7.4
30029,Flathead,MT,8.9
30031,Gallatin,MT,9.1
30033,Garfield,MT,7.5
30035,Glacier,MT,5.7
30037,Golden Valley,MT,4.4
30039,Granite,MT,5.2
30041,Hill,MT,6.5
30043,Jefferson,MT,8.4
30045,Judith Basin,MT,6.4
30047,Lake,MT,8.3
30049,Lewis and Clark,MT,8.8
30051,Liberty,MT,5.7
30053,Lincoln,MT,7.8
30055,McCone,MT,8.7
30057,Madison,MT,8.4
30059,Meagher,MT,4.8
30061,Mineral,MT,7.6
30063,Missoula,MT,8.5
30065,Musselshell,MT,7.6
30067,Park,MT,7.9
30069,Petroleum,MT,6.7
30071,Phillips,MT,7.9
30073,Pondera,MT,6.8
30075,Powder River,MT,6.8
30077,Powell,MT,8.5
30079,Prairie,MT,4.4
30081,Ravalli,MT,9.0
30083,Richland,MT,8.0
30085,Roosevelt,MT,6.5
30087,Rosebud,MT,6.9
30089,Sanders,MT,6.9
30091,Sheridan,MT,7.9
30093,Silver Bow,MT,8.3
30095,Stillwater,MT,9.0
30097,Sweet Grass,MT,9.1
30099,Teton,MT,7.1
30101,Toole,MT,8.1
30103,Treasure,MT,4.5
30105,Valley,MT,7.4
30107,Wheatland,MT,6.6
30109,Wibaux,MT,4.1
30111,Yellowstone,MT,8.5
31001,Adams,NE,7.1
31003,Antelope,NE,8.0
31005,Arthur,NE,5.0
31007,Banner,NE,5.6
31009,Blaine,NE,5.2
31011,Boone,NE,8.4
31013,Box Butte,NE,7.5
31015,Boyd,NE,7.1
31017,Brown,NE,8.1
31019,Buffalo,NE,7.5
31021,Burt,NE,8.1
31023,Butler,NE,8.5
31025,Cass,NE,8.6
31027,Cedar,NE,8.6
31029,Chase,NE,7.8
31031,Cherry,NE,7.4
31033,Cheyenne,NE,7.6
31035,Clay,NE,7.9
31037,Colfax,NE,7.9
31039,Cuming,NE,8.3
31041,Custer,NE,6.9
31043,Dakota,NE,8.0
31045,Dawes,NE,7.5
31047,Dawson,NE,6.7
31049,Deuel,NE,7.7
31051,Dixon,NE,7.6
31053,Dodge,NE,7.6
31055,Douglas,NE,8.4
31057,Dundy,NE,6.6
31059,Fillmore,NE,8.1
31061,Franklin,NE,6.7
31063,Frontier,NE,7.3
31065,Furnas,NE,8.2
31067,Gage,NE,7.2
31069,Garden,NE,7.4
31071,Garfield,NE,8.3
31073,Gosper,NE,7.8
31075,Grant,NE,6.5
31077,Greeley,NE,6.3
31079,Hall,NE,7.5
31081,Hamilton,NE,8.8
31083,Harlan,NE,8.4
31085,Hayes,NE,3.5
31087,Hitchcock,NE,4.2
31089,Holt,NE,7.7
31091,Hooker,NE,5.0
31093,Howard,NE,8.4
31095,Jefferson,NE,7.1
31097,Johnson,NE,8.0
31099,Kearney,NE,8.8
31101,Keith,NE,7.6
31103,Keya Paha,NE,6.0
31105,Kimball,NE,7.9
31107,Knox,NE,7.1
31109,Lancaster,NE,8.1
31111,Lincoln,NE,7.9
31113,Logan,NE,8.3
31115,Loup,NE,7.2
31117,McPherson,NE,5.5
31119,Madison,NE,7.7
31121,Merrick,NE,7.3
31123,Morrill,NE,6.7
31125,Nance,NE,8.1
31127,Nemaha,NE,7.9
31129,Nuckolls,NE,7.5
31131,Otoe,NE,6.4
31133,Pawnee,NE,7.6
31135,Perkins,NE,8.0
31137,Phelps,NE,7.7
31139,Pierce,NE,7.8
31141,Platte,NE,8.4
31143,Polk,NE,8.7
31145,Red Willow,NE,6.3
31147,Richardson,NE,7.4
31149,Rock,NE,7.8
31151,Saline,NE,7.4
31153,Sarpy,NE,8.4
31155,Saunders,NE,8.3
31157,Scotts Bluff,NE,8.0
31159,Seward,NE,8.2
31161,Sheridan,NE,7.2
31163,Sherman,NE,7.9
31165,Sioux,NE,5.6
31167,Stanton,NE,8.8
31169,Thayer,NE,8.2
31171,Thomas,NE,5.1
31173,Thurston,NE,7.5
31175,Valley,NE,8.1
31177,Washington,NE,8.4
31179,Wayne,NE,7.9
31181,Webster,NE,7.3
31183,Wheeler,NE,5.2
31185,York,NE,8.1
32001,Churchill,NV,7.8
32003,Clark,NV,7.8
32005,Douglas,NV,7.6
32007,Elko,NV,8.3
32009,Esmeralda,NV,2.9
32011,Eureka,NV,7.4
32013,Humboldt,NV,7.9
32015,Lander,NV,8.3
32017,Lincoln,NV,7.1
32019,Lyon,NV,7.5
32021,Mineral,NV,4.6
32023,Nye,NV,4.1
32027,Pershing,NV,8.2
32029,Storey,NV,8.8
32031,Washoe,NV,8.0
32033,White Pine,NV,7.6
32510,Carson City,NV,8.1
33001,Belknap,NH,8.9
33003,Carroll,NH,9.2
33005,Cheshire,NH,8.7
33007,Coos,NH,8.0
33009,Grafton,NH,8.9
33011,Hillsborough,NH,9.0
33013,Merrimack,NH,9.0
33015,Rockingham,NH,9.2
33017,Strafford,NH,8.7
33019,Sullivan,NH,8.1
34001,Atlantic,NJ,8.0
34003,Bergen,NJ,9.5
34005,Burlington,NJ,9.3
34007,Camden,NJ,8.6
34009,Cape May,NJ,8.0
34011,Cumberland,NJ,7.4
34013,Essex,NJ,8.9
34015,Gloucester,NJ,8.9
34017,Hudson,NJ,8.6
34019,Hunterdon,NJ,9.7
34021,Mercer,NJ,9.0
34023,Middlesex,NJ,9.1
34025,Monmouth,NJ,9.2
34027,Morris,NJ,9.4
34029,Ocean,NJ,8.3
34031,Passaic,NJ,8.6
34033,Salem,NJ,8.0
34035,Somerset,NJ,9.6
34037,Sussex,NJ,9.1
34039,Union,NJ,9.3
34041,Warren,NJ,8.6
35001,Bernalillo,NM,7.8
35003,Catron,NM,2.3
35005,Chaves,NM,6.1
35006,Cibola,NM,4.9
35007,Colfax,NM,6.4
35009,Curry,NM,6.8
35011,De Baca,NM,7.5
35013,Doña Ana,NM,6.2
35015,Eddy,NM,7.7
35017,Grant,NM,6.7
35019,Guadalupe,NM,6.3
35021,Harding,NM,3.3
35023,Hidalgo,NM,6.2
35025,Lea,NM,7.7
35027,Lincoln,NM,6.7
35028,Los Alamos,NM,9.3
35029,Luna,NM,4.4
35031,McKinley,NM,3.4
35033,Mora,NM,1.0
35035,Otero,NM,7.1
35037,Quay,NM,5.3
35039,Rio Arriba,NM,8.0
35041,Roosevelt,NM,6.3
35043,Sandoval,NM,7.2
35045,San Juan,NM,5.7
35047,San Miguel,NM,5.1
35049,Santa Fe,NM,7.9
35051,Sierra,NM,5.3
35053,Socorro,NM,4.1
35055,Taos,NM,6.9
35057,Torrance,NM,5.5
35059,Union,NM,6.8
35061,Valencia,NM,5.3
36001,Albany,NY,8.4
36003,Allegany,NY,8.2
36005,Bronx,NY,7.1
36007,Broome,NY,7.9
36009,Cattaraugus,NY,8.0
36011,Cayuga,NY,8.5
36013,Chautauqua,NY,7.6
36015,Chemung,NY,7.9
36017,Chenango,NY,8.4
36019,Clinton,NY,8.3
36021,Columbia,NY,8.4
36023,Cortland,NY,8.3
36025,Delaware,NY,8.1
36027,Dutchess,NY,8.7
36029,Erie,NY,8.2
36031,Essex,NY,8.8
36033,Franklin,NY,7.5
36035,Fulton,NY,8.0
36037,Genesee,NY,8.7
36039,Greene,NY,8.8
36041,Hamilton,NY,7.5
36043,Herkimer,NY,8.3
36045,Jefferson,NY,7.9
36047,Kings,NY,8.2
36049,Lewis,NY,8.3
36051,Livingston,NY,8.7
36053,Madison,NY,8.5
36055,Monroe,NY,8.1
36057,Montgomery,NY,6.4
36059,Nassau,NY,9.9
36061,New York,NY,8.2
36063,Niagara,NY,8.2
36065,Oneida,NY,8.0
36067,Onondaga,NY,8.2
36069,Ontario,NY,8.8
36071,Orange,NY,8.4
36073,Orleans,NY,8.3
36075,Oswego,NY,8.1
36077,Otsego,NY,7.7
36079,Putnam,NY,9.0
36081,Queens,NY,8.8
36083,Rensselaer,NY,8.5
36085,Richmond,NY,9.0
36087,Rockland,NY,8.6
36089,St. Lawrence,NY,7.5
36091,Saratoga,NY,9.1
36093,Schenectady,NY,8.7
36095,Schoharie,NY,8.7
36097,Schuyler,NY,8.4
36099,Seneca,NY,8.4
36101,Steuben,NY,8.1
36103,Suffolk,NY,9.3
36105,Sullivan,NY,8.3
36107,Tioga,NY,8.9
36109,Tompkins,NY,8.3
36111,Ulster,NY,8.1
36113,Warren,NY,8.4
36115,Washington,NY,8.6
36117,Wayne,NY,8.8
36119,Westchester,NY,9.3
36121,Wyoming,NY,8.5
36123,Yates,NY,8.8
37001,Alamance,NC,7.2
37003,Alexander,NC,7.4
37005,Alleghany,NC,7.3
37007,Anson,NC,7.5
37009,Ashe,NC,6.8
37011,Avery,NC,8.1
37013,Beaufort,NC,7.1
37015,Bertie,NC,5.4
37017,Bladen,NC,6.9
37019,Brunswick,NC,7.6
37021,Buncombe,NC,7.3
37023,Burke,NC,6.7
37025,Cabarrus,NC,8.1
37027,Caldwell,NC,6.4
37029,Camden,NC,8.8
37031,Carteret,NC,7.5
37033,Caswell,NC,7.9
37035,Catawba,NC,7.2
37037,Chatham,NC,8.3
37039,Cherokee,NC,7.4
37041,Chowan,NC,6.1
37043,Clay,NC,7.8
37045,Cleveland,NC,7.3
37047,Columbus,NC,7.4
37049,Craven,NC,7.4
37051,Cumberland,NC,6.5
37053,Currituck,NC,8.8
37055,Dare,NC,7.9
37057,Davidson,NC,7.1
37059,Davie,NC,7.4
37061,Duplin,NC,7.2
37063,Durham,NC,8.0
37065,Edgecombe,NC,6.9
37067,Forsyth,NC,6.8
37069,Franklin,NC,8.5
37071,Gaston,NC,7.1
37073,Gates,NC,7.5
37075,Graham,NC,7.7
37077,Granville,NC,7.7
37079,Greene,NC,7.8
37081,Guilford,NC,7.7
37083,Halifax,NC,7.0
37085,Harnett,NC,7.5
37087,Haywood,NC,7.8
37089,Henderson,NC,7.5
37091,Hertford,NC,6.9
37093,Hoke,NC,7.2
37095,Hyde,NC,3.6
37097,Iredell,NC,8.1
37099,Jackson,NC,7.6
37101,Johnston,NC,8.4
37103,Jones,NC,8.0
37105,Lee,NC,7.1
37107,Lenoir,NC,6.1
37109,Lincoln,NC,7.8
37111,McDowell,NC,7.7
37113,Macon,NC,7.5
37115,Madison,NC,7.4
37117,Martin,NC,7.3
37119,Mecklenburg,NC,8.3
37121,Mitchell,NC,7.6
37123,Montgomery,NC,7.3
37125,Moore,NC,7.9
37127,Nash,NC,7.8
37129,New Hanover,NC,7.5
37131,Northampton,NC,8.2
37133,Onslow,NC,6.5
37135,Orange,NC,8.6
37137,Pamlico,NC,7.8
37139,Pasquotank,NC,7.5
37141,Pender,NC,7.9
37143,Perquimans,NC,7.9
37145,Person,NC,7.5
37147,Pitt,NC,7.2
37149,Polk,NC,7.9
37151,Randolph,NC,6.9
37153,Richmond,NC,6.3
37155,Robeson,NC,6.4
37157,Rockingham,NC,6.7
37159,Rowan,NC,7.2
37161,Rutherford,NC,6.9
37163,Sampson,NC,7.6
37165,Scotland,NC,6.2
37167,Stanly,NC,7.9
37169,Stokes,NC,7.6
37171,Surry,NC,7.3
37173,Swain,NC,7.3
37175,Transylvania,NC,7.9
37177,Tyrrell,NC,7.6
37179,Union,NC,8.4
37181,Vance,NC,7.6
37183,Wake,NC,8.5
37185,Warren,NC,7.6
37187,Washington,NC,7.6
37189,Watauga,NC,7.9
37191,Wayne,NC,6.9
37193,Wilkes,NC,7.3
37195,Wilson,NC,7.6
37197,Yadkin,NC,7.5
37199,Yancey,NC,7.8
38001,Adams,ND,8.8
38003,Barnes,ND,8.9
38005,Benson,ND,6.7
38007,Billings,ND,7.9
38009,Bottineau,ND,8.7
38011,Bowman,ND,9.7
38013,Burke,ND,8.4
38015,Burleigh,ND,9.5
38017,Cass,ND,9.5
38019,Cavalier,ND,8.9
38021,Dickey,ND,9.6
38023,Divide,ND,9.3
38025,Dunn,ND,8.6
38027,Eddy,ND,8.1
38029,Emmons,ND,8.4
38031,Foster,ND,9.3
38033,Golden Valley,ND,5.9
38035,Grand Forks,ND,8.6
38037,Grant,ND,7.8
38039,Griggs,ND,9.4
38041,Hettinger,ND,6.5
38043,Kidder,ND,5.4
38045,LaMoure,ND,7.8
38047,Logan,ND,7.2
38049,McHenry,ND,7.9
38051,McIntosh,ND,8.9
38053,McKenzie,ND,7.8
38055,McLean,ND,8.6
38057,Mercer,ND,9.4
38059,Morton,ND,9.5
38061,Mountrail,ND,9.2
38063,Nelson,ND,6.6
38065,Oliver,ND,7.7
38067,Pembina,ND,8.7
38069,Pierce,ND,9.1
38071,Ramsey,ND,8.4
38073,Ransom,ND,9.6
38075,Renville,ND,8.8
38077,Richland,ND,9.2
38079,Rolette,ND,7.4
38081,Sargent,ND,9.9
38083,Sheridan,ND,7.1
38085,Sioux,ND,4.3
38087,Slope,ND,7.9
38089,Stark,ND,9.2
38091,Steele,ND,8.4
38093,Stutsman,ND,8.5
38095,Towner,ND,8.5
38097,Traill,ND,9.9
38099,Walsh,ND,9.1
38101,Ward,ND,9.0
38103,Wells,ND,8.5
38105,Williams,ND,9.3
39001,Adams,OH,6.0
39003,Allen,OH,7.9
39005,Ashland,OH,8.3
39007,Ashtabula,OH,6.8
39009,Athens,OH,6.3
39011,Auglaize,OH,8.7
39013,Belmont,OH,7.3
39015,Brown,OH,7.6
39017,Butler,OH,7.7
39019,Carroll,OH,8.0
39021,Champaign,OH,8.5
39023,Clark,OH,7.2
39025,Clermont,OH,7.6
39027,Clinton,OH,6.8
39029,Columbiana,OH,7.4
39031,Coshocton,OH,7.3
39033,Crawford,OH,6.5
39035,Cuyahoga,OH,7.8
39037,Darke,OH,8.1
39039,Defiance,OH,8.0
39041,Delaware,OH,9.0
39043,Erie,OH,7.6
39045,Fairfield,OH,8.2
39047,Fayette,OH,7.3
39049,Franklin,OH,7.9
39051,Fulton,OH,8.1
39053,Gallia,OH,7.0
39055,Geauga,OH,8.8
39057,Greene,OH,8.0
39059,Guernsey,OH,6.4
39061,Hamilton,OH,7.8
39063,Hancock,OH,8.2
39065,Hardin,OH,7.6
39067,Harrison,OH,7.4
39069,Henry,OH,8.4
39071,Highland,OH,7.6
39073,Hocking,OH,7.3
39075,Holmes,OH,8.8
39077,Huron,OH,7.7
39079,Jackson,OH,7.2
39081,Jefferson,OH,6.6
39083,Knox,OH,7.7
39085,Lake,OH,7.9
39087,Lawrence,OH,7.0
39089,Licking,OH,7.8
39091,Logan,OH,8.3
39093,Lorain,OH,7.6
39095,Lucas,OH,7.3
39097,Madison,OH,7.8
39099,Mahoning,OH,6.4
39101,Marion,OH,6.4
39103,Medina,OH,8.6
39105,Meigs,OH,5.7
39107,Mercer,OH,8.8
39109,Miami,OH,8.4
39111,Monroe,OH,7.5
39113,Montgomery,OH,7.2
39115,Morgan,OH,6.8
39117,Morrow,OH,8.4
39119,Muskingum,OH,6.9
39121,Noble,OH,6.1
39123,Ottawa,OH,7.6
39125,Paulding,OH,7.9
39127,Perry,OH,7.7
39129,Pickaway,OH,8.0
39131,Pike,OH,6.9
39133,Portage,OH,7.6
39135,Preble,OH,8.3
39137,Putnam,OH,8.7
39139,Richland,OH,6.7
39141,Ross,OH,7.3
39143,Sandusky,OH,7.8
39145,Scioto,OH,6.6
39147,Seneca,OH,7.5
39149,Shelby,OH,8.1
39151,Stark,OH,7.4
39153,Summit,OH,7.7
39155,Trumbull,OH,6.7
39157,Tuscarawas,OH,7.9
39159,Union,OH,8.4
39161,Van Wert,OH,8.1
39163,Vinton,OH,7.0
39165,Warren,OH,8.6
39167,Washington,OH,7.6
39169,Wayne,OH,8.2
39171,Williams,OH,7.3
39173,Wood,OH,7.7
39175,Wyandot,OH,8.6
40001,Adair,OK,6.6
40003,Alfalfa,OK,7.0
40005,Atoka,OK,5.9
40007,Beaver,OK,7.5
40009,Beckham,OK,6.9
40011,Blaine,OK,5.7
40013,Bryan,OK,6.6
40015,Caddo,OK,6.6
40017,Canadian,OK,8.0
40019,Carter,OK,6.9
40021,Cherokee,OK,5.8
40023,Choctaw,OK,4.8
40025,Cimarron,OK,6.5
40027,Cleveland,OK,7.9
40029,Coal,OK,5.9
40031,Comanche,OK,6.5
40033,Cotton,OK,6.5
40035,Craig,OK,6.0
40037,Creek,OK,7.6
40039,Custer,OK,6.7
40041,Delaware,OK,6.5
40043,Dewey,OK,5.5
40045,Ellis,OK,6.6
40047,Garfield,OK,7.4
40049,Garvin,OK,7.5
40051,Grady,OK,7.6
40053,Grant,OK,6.3
40055,Greer,OK,7.0
40057,Harmon,OK,7.7
40059,Harper,OK,6.0
40061,Haskell,OK,5.3
40063,Hughes,OK,6.5
40065,Jackson,OK,7.0
40067,Jefferson,OK,5.6
40069,Johnston,OK,5.5
40071,Kay,OK,6.1
40073,Kingfisher,OK,8.0
40075,Kiowa,OK,5.2
40077,Latimer,OK,6.5
40079,Le Flore,OK,6.3
40081,Lincoln,OK,6.9
40083,Logan,OK,6.9
40085,Love,OK,7.3
40087,McClain,OK,8.5
40089,McCurtain,OK,5.9
40091,McIntosh,OK,6.3
40093,Major,OK,8.0
40095,Marshall,OK,6.0
40097,Mayes,OK,6.9
40099,Murray,OK,7.2
40101,Muskogee,OK,7.0
40103,Noble,OK,7.2
40105,Nowata,OK,6.7
40107,Okfuskee,OK,6.1
40109,Oklahoma,OK,7.4
40111,Okmulgee,OK,5.8
40113,Osage,OK,6.5
40115,Ottawa,OK,6.4
40117,Pawnee,OK,7.8
40119,Payne,OK,6.7
40121,Pittsburg,OK,5.8
40123,Pontotoc,OK,7.2
40125,Pottawatomie,OK,6.9
40127,Pushmataha,OK,5.8
40129,Roger Mills,OK,6.0
40131,Rogers,OK,8.0
40133,Seminole,OK,5.7
40135,Sequoyah,OK,6.3
40137,Stephens,OK,6.8
40139,Texas,OK,6.6
40141,Tillman,OK,5.8
40143,Tulsa,OK,7.3
40145,Wagoner,OK,7.4
40147,Washington,OK,6.7
40149,Washita,OK,6.4
40151,Woods,OK,7.3
40153,Woodward,OK,7.3
41001,Baker,OR,6.7
41003,Benton,OR,7.9
41005,Clackamas,OR,8.9
41007,Clatsop,OR,8.1
41009,Columbia,OR,8.7
41011,Coos,OR,7.5
41013,Crook,OR,8.2
41015,Curry,OR,8.1
41017,Deschutes,OR,8.5
41019,Douglas,OR,7.1
41021,Gilliam,OR,6.4
41023,Grant,OR,6.4
41025,Harney,OR,6.9
41027,Hood River,OR,9.1
41029,Jackson,OR,7.9
41031,Jefferson,OR,7.9
41033,Josephine,OR,7.0
41035,Klamath,OR,6.6
41037,Lake,OR,5.8
41039,Lane,OR,7.7
41041,Lincoln,OR,7.6
41043,Linn,OR,7.3
41045,Malheur,OR,7.5
41047,Marion,OR,8.0
41049,Morrow,OR,8.1
41051,Multnomah,OR,8.6
41053,Polk,OR,7.9
41055,Sherman,OR,6.3
41057,Tillamook,OR,8.3
41059,Umatilla,OR,7.3
41061,Union,OR,8.0
41063,Wallowa,OR,7.6
41065,Wasco,OR,7.2
41067,Washington,OR,9.0
41069,Wheeler,OR,3.2
41071,Yamhill,OR,8.4
42001,Adams,PA,8.8
42003,Allegheny,PA,8.4
42005,Armstrong,PA,8.5
42007,Beaver,PA,7.8
42009,Bedford,PA,8.1
42011,Berks,PA,8.5
42013,Blair,PA,8.1
42015,Bradford,PA,8.2
42017,Bucks,PA,9.1
42019,Butler,PA,8.9
42021,Cambria,PA,7.7
42023,Cameron,PA,7.6
42025,Carbon,PA,8.4
42027,Centre,PA,8.8
42029,Chester,PA,9.1
42031,Clarion,PA,7.9
42033,Clearfield,PA,7.7
42035,Clinton,PA,8.1
42037,Columbia,PA,8.3
42039,Crawford,PA,8.1
42041,Cumberland,PA,8.8
42043,Dauphin,PA,8.1
42045,Delaware,PA,9.1
42047,Elk,PA,8.4
42049,Erie,PA,7.0
42051,Fayette,PA,7.4
42053,Forest,PA,6.3
42055,Franklin,PA,8.4
42057,Fulton,PA,8.6
42059,Greene,PA,7.8
42061,Huntingdon,PA,8.6
42063,Indiana,PA,8.3
42065,Jefferson,PA,8.2
42067,Juniata,PA,8.7
42069,Lackawanna,PA,8.1
42071,Lancaster,PA,8.8
42073,Lawrence,PA,7.8
42075,Lebanon,PA,8.5
42077,Lehigh,PA,8.4
42079,Luzerne,PA,7.9
42081,Lycoming,PA,7.8
42083,McKean,PA,8.2
42085,Mercer,PA,7.6
42087,Mifflin,PA,7.6
42089,Monroe,PA,8.4
42091,Montgomery,PA,9.2
42093,Montour,PA,8.6
42095,Northampton,PA,8.7
42097,Northumberland,PA,8.3
42099,Perry,PA,9.0
42101,Philadelphia,PA,8.1
42103,Pike,PA,8.6
42105,Potter,PA,8.3
42107,Schuylkill,PA,8.3
42109,Snyder,PA,8.7
42111,Somerset,PA,8.1
42113,Sullivan,PA,7.6
42115,Susquehanna,PA,8.1
42117,Tioga,PA,7.5
42119,Union,PA,7.9
42121,Venango,PA,8.2
42123,Warren,PA,8.2
42125,Washington,PA,8.0
42127,Wayne,PA,8.6
42129,Westmoreland,PA,8.1
42131,Wyoming,PA,8.8
42133,York,PA,8.7
44001,Bristol,RI,8.5
44003,Kent,RI,8.9
44005,Newport,RI,9.1
44007,Providence,RI,8.6
44009,Washington,RI,9.0
45001,Abbeville,SC,7.8
45003,Aiken,SC,7.8
45005,Allendale,SC,7.7
45007,Anderson,SC,7.3
45009,Bamberg,SC,6.6
45011,Barnwell,SC,7.8
45013,Beaufort,SC,7.7
45015,Berkeley,SC,8.2
45017,Calhoun,SC,8.6
45019,Charleston,SC,8.4
45021,Cherokee,SC,7.7
45023,Chester,SC,7.5
45025,Chesterfield,SC,7.7
45027,Clarendon,SC,7.7
45029,Colleton,SC,6.7
45031,Darlington,SC,7.6
45033,Dillon,SC,7.3
45035,Dorchester,SC,8.3
45037,Edgefield,SC,7.4
45039,Fairfield,SC,7.6
45041,Florence,SC,8.0
45043,Georgetown,SC,7.7
45045,Greenville,SC,7.9
45047,Greenwood,SC,8.2
45049,Hampton,SC,7.9
45051,Horry,SC,7.6
45053,Jasper,SC,8.2
45055,Kershaw,SC,7.5
45057,Lancaster,SC,8.2
45059,Laurens,SC,7.5
45061,Lee,SC,7.7
45063,Lexington,SC,8.1
45065,McCormick,SC,8.7
45067,Marion,SC,7.9
45069,Marlboro,SC,6.5
45071,Newberry,SC,7.1
45073,Oconee,SC,7.1
45075,Orangeburg,SC,6.9
45077,Pickens,SC,6.8
45079,Richland,SC,7.2
45081,Saluda,SC,8.3
45083,Spartanburg,SC,7.2
45085,Sumter,SC,8.1
45087,Union,SC,7.4
45089,Williamsburg,SC,7.8
45091,York,SC,8.5
46003,Aurora,SD,7.8
46005,Beadle,SD,8.6
46007,Bennett,SD,5.1
46009,Bon Homme,SD,6.4
46011,Brookings,SD,7.6
46013,Brown,SD,8.2
46015,Brule,SD,7.4
46017,Buffalo,SD,5.2
46019,Butte,SD,7.6
46021,Campbell,SD,8.6
46023,Charles Mix,SD,7.8
46025,Clark,SD,7.6
46027,Clay,SD,7.5
46029,Codington,SD,8.5
46031,Corson,SD,4.2
46033,Custer,SD,8.4
46035,Davison,SD,7.6
46037,Day,SD,6.8
46039,Deuel,SD,8.4
46041,Dewey,SD,4.7
46043,Douglas,SD,8.7
46045,Edmunds,SD,8.5
46047,Fall River,SD,6.8
46049,Faulk,SD,6.2
46051,Grant,SD,8.8
46053,Gregory,SD,7.8
46055,Haakon,SD,6.9
46057,Hamlin,SD,7.2
46059,Hand,SD,8.3
46061,Hanson,SD,8.3
46063,Harding,SD,6.9
46065,Hughes,SD,8.5
46067,Hutchinson,SD,8.9
46069,Hyde,SD,9.1
46071,Jackson,SD,2.0
46073,Jerauld,SD,6.8
46075,Jones,SD,5.1
46077,Kingsbury,SD,9.0
46079,Lake,SD,9.0
46081,Lawrence,SD,8.2
46083,Lincoln,SD,9.5
46085,Lyman,SD,5.9
46087,McCook,SD,8.3
46089,McPherson,SD,6.5
46091,Marshall,SD,7.9
46093,Meade,SD,8.9
46095,Mellette,SD,3.1
46097,Miner,SD,8.3
46099,Minnehaha,SD,8.9
46101,Moody,SD,8.8
46102,Oglala Lakota,SD,
46103,Pennington,SD,8.0
46105,Perkins,SD,8.2
46107,Potter,SD,8.4
46109,Roberts,SD,7.3
46111,Sanborn,SD,6.4
46115,Spink,SD,8.0
46117,Stanley,SD,9.3
46119,Sully,SD,7.4
46121,Todd,SD,4.3
46123,Tripp,SD,7.2
46125,Turner,SD,9.3
46127,Union,SD,9.3
46129,Walworth,SD,7.8
46135,Yankton,SD,8.4
46137,Ziebach,SD,3.9
47001,Anderson,TN,7.6
47003,Bedford,TN,7.4
47005,Benton,TN,6.8
47007,Bledsoe,TN,6.6
47009,Blount,TN,7.9
47011,Bradley,TN,6.8
47013,Campbell,TN,6.4
47015,Cannon,TN,7.9
47017,Carroll,TN,7.5
47019,Carter,TN,5.2
47021,Cheatham,TN,8.6
47023,Chester,TN,8.0
47025,Claiborne,TN,6.8
47027,Clay,TN,7.1
47029,Cocke,TN,6.0
47031,Coffee,TN,7.3
47033,Crockett,TN,7.5
47035,Cumberland,TN,6.8
47037,Davidson,TN,7.8
47039,Decatur,TN,7.4
47041,DeKalb,TN,6.6
47043,Dickson,TN,8.1
47045,Dyer,TN,6.4
47047,Fayette,TN,8.5
47049,Fentress,TN,7.3
47051,Franklin,TN,7.4
47053,Gibson,TN,7.0
47055,Giles,TN,7.9
47057,Grainger,TN,
47059,Greene,TN,6.6
47061,Grundy,TN,7.0
47063,Hamblen,TN,6.2
47065,Hamilton,TN,7.2
47067,Hancock,TN,6.2
47069,Hardeman,TN,7.5
47071,Hardin,TN,6.8
47073,Hawkins,TN,6.9
47075,Haywood,TN,6.6
47077,Henderson,TN,7.6
47079,Henry,TN,6.6
47081,Hickman,TN,7.7
47083,Houston,TN,7.9
47085,Humphreys,TN,7.4
47087,Jackson,TN,7.3
47089,Jefferson,TN,7.7
47091,Johnson,TN,7.1
47093,Knox,TN,7.4
47095,Lake,TN,6.5
47097,Lauderdale,TN,7.4
47099,Lawrence,TN,7.8
47101,Lewis,TN,5.8
47103,Lincoln,TN,8.0
47105,Loudon,TN,8.0
47107,McMinn,TN,7.4
47109,McNairy,TN,6.7
47111,Macon,TN,7.1
47113,Madison,TN,6.9
47115,Marion,TN,7.2
47117,Marshall,TN,7.4
47119,Maury,TN,8.1
47121,Meigs,TN,7.7
47123,Monroe,TN,7.1
47125,Montgomery,TN,6.9
47127,Moore,TN,8.8
47129,Morgan,TN,6.7
47131,Obion,TN,7.4
47133,Overton,TN,7.8
47135,Perry,TN,6.4
47137,Pickett,TN,7.1
47139,Polk,TN,7.8
47141,Putnam,TN,6.5
47143,Rhea,TN,6.5
47145,Roane,TN,7.5
47147,Robertson,TN,8.6
47149,Rutherford,TN,8.3
47151,Scott,TN,5.7
47153,Sequatchie,TN,5.0
47155,Sevier,TN,7.4
47157,Shelby,TN,7.4
47159,Smith,TN,7.9
47161,Stewart,TN,7.6
47163,Sullivan,TN,6.8
47165,Sumner,TN,8.1
47167,Tipton,TN,8.5
47169,Trousdale,TN,
47171,Unicoi,TN,7.4
47173,Union,TN,7.8
47175,Van Buren,TN,7.3
47177,Warren,TN,7.2
47179,Washington,TN,7.1
47181,Wayne,TN,6.6
47183,Weakley,TN,6.9
47185,White,TN,6.2
47187,Williamson,TN,9.1
47189,Wilson,TN,8.4
48001,Anderson,TX,6.2
48003,Andrews,TX,7.2
48005,Angelina,TX,6.4
48007,Aransas,TX,5.6
48009,Archer,TX,7.5
48011,Armstrong,TX,6.6
48013,Atascosa,TX,7.3
48015,Austin,TX,8.0
48017,Bailey,TX,7.7
48019,Bandera,TX,6.7
48021,Bastrop,TX,7.7
48023,Baylor,TX,7.5
48025,Bee,TX,6.1
48027,Bell,TX,6.7
48029,Bexar,TX,6.7
48031,Blanco,TX,8.2
48033,Borden,TX,7.5
48035,Bosque,TX,6.8
48037,Bowie,TX,6.8
48039,Brazoria,TX,8.0
48041,Brazos,TX,6.5
48043,Brewster,TX,5.9
48045,Briscoe,TX,1.7
48047,Brooks,TX,4.7
48049,Brown,TX,6.1
48051,Burleson,TX,7.6
48053,Burnet,TX,7.7
48055,Caldwell,TX,7.1
48057,Calhoun,TX,5.1
48059,Callahan,TX,7.1
48061,Cameron,TX,4.8
48063,Camp,TX,6.9
48065,Carson,TX,8.1
48067,Cass,TX,6.6
48069,Castro,TX,7.7
48071,Chambers,TX,7.6
48073,Cherokee,TX,6.5
48075,Childress,TX,5.9
48077,Clay,TX,5.8
48079,Cochran,TX,5.6
48081,Coke,TX,3.6
48083,Coleman,TX,6.2
48085,Collin,TX,8.6
48087,Collingsworth,TX,7.0
48089,Colorado,TX,7.8
48091,Comal,TX,8.0
48093,Comanche,TX,6.9
48095,Concho,TX,6.4
48097,Cooke,TX,7.6
48099,Coryell,TX,5.2
48101,Cottle,TX,0.7
48103,Crane,TX,8.6
48105,Crockett,TX,7.9
48107,Crosby,TX,6.5
48109,Culberson,TX,6.5
48111,Dallam,TX,6.6
48113,Dallas,TX,7.3
48115,Dawson,TX,5.0
48117,Deaf Smith,TX,7.1
48119,Delta,TX,7.8
48121,Denton,TX,8.3
48123,DeWitt,TX,7.4
48125,Dickens,TX,7.0
48127,Dimmit,TX,2.4
48129,Donley,TX,7.7
48131,Duval,TX,5.4
48133,Eastland,TX,6.2
48135,Ector,TX,7.0
48137,Edwards,TX,6.2
48139,Ellis,TX,7.9
48141,El Paso,TX,6.3
48143,Erath,TX,6.0
48145,Falls,TX,7.2
48147,Fannin,TX,6.6
48149,Fayette,TX,7.6
48151,Fisher,TX,7.5
48153,Floyd,TX,6.9
48155,Foard,TX,2.8
48157,Fort Bend,TX,8.5
48159,Franklin,TX,6.1
48161,Freestone,TX,6.8
48163,Frio,TX,6.0
48165,Gaines,TX,8.0
48167,Galveston,TX,7.3
48169,Garza,TX,7.0
48171,Gillespie,TX,7.8
48173,Glasscock,TX,4.9
48175,Goliad,TX,7.1
48177,Gonzales,TX,6.1
48179,Gray,TX,6.7
48181,Grayson,TX,7.4
48183,Gregg,TX,6.8
48185,Grimes,TX,6.7
48187,Guadalupe,TX,7.2
48189,Hale,TX,6.5
48191,Hall,TX,5.9
48193,Hamilton,TX,6.2
48195,Hansford,TX,8.1
48197,Hardeman,TX,6.9
48199,Hardin,TX,6.7
48201,Harris,TX,7.3
48203,Harrison,TX,7.3
48205,Hartley,TX,7.6
48207,Haskell,TX,6.2
48209,Hays,TX,8.0
48211,Hemphill,TX,7.9
48213,Henderson,TX,6.8
48215,Hidalgo,TX,4.4
48217,Hill,TX,7.6
48219,Hockley,TX,6.1
48221,Hood,TX,7.8
48223,Hopkins,TX,7.0
48225,Houston,TX,6.1
48227,Howard,TX,6.3
48229,Hudspeth,TX,0.0
48231,Hunt,TX,7.1
48233,Hutchinson,TX,7.1
48235,Irion,TX,5.8
48237,Jack,TX,6.2
48239,Jackson,TX,7.5
48241,Jasper,TX,6.6
48243,Jeff Davis,TX,6.2
48245,Jefferson,TX,6.8
48247,Jim Hogg,TX,4.5
48249,Jim Wells,TX,5.8
48251,Johnson,TX,7.7
48253,Jones,TX,6.6
48255,Karnes,TX,6.9
48257,Kaufman,TX,8.2
48259,Kendall,TX,8.6
48261,Kenedy,TX,3.2
48263,Kent,TX,5.1
48265,Kerr,TX,7.3
48267,Kimble,TX,7.0
48269,King,TX,4.2
48271,Kinney,TX,4.0
48273,Kleberg,TX,4.6
48275,Knox,TX,7.2
48277,Lamar,TX,6.0
48279,Lamb,TX,6.2
48281,Lampasas,TX,7.3
48283,La Salle,TX,5.8
48285,Lavaca,TX,7.8
48287,Lee,TX,7.4
48289,Leon,TX,6.6
48291,Liberty,TX,7.0
48293,Limestone,TX,6.4
48295,Lipscomb,TX,4.6
48297,Live Oak,TX,6.9
48299,Llano,TX,6.3
48301,Loving,TX,5.9
48303,Lubbock,TX,6.9
48305,Lynn,TX,5.8
48307,McCulloch,TX,5.4
48309,McLennan,TX,6.0
48311,McMullen,TX,5.5
48313,Madison,TX,6.6
48315,Marion,TX,7.3
48317,Martin,TX,7.0
48319,Mason,TX,8.0
48321,Matagorda,TX,5.5
48323,Maverick,TX,4.7
48325,Medina,TX,7.6
48327,Menard,TX,5.9
48329,Midland,TX,7.8
48331,Milam,TX,6.6
48333,Mills,TX,7.4
48335,Mitchell,TX,7.1
48337,Montague,TX,7.2
48339,Montgomery,TX,7.6
48341,Moore,TX,7.2
48343,Morris,TX,7.4
48345,Motley,TX,7.4
48347,Nacogdoches,TX,6.4
48349,Navarro,TX,6.7
48351,Newton,TX,5.5
48353,Nolan,TX,6.7
48355,Nueces,TX,6.4
48357,Ochiltree,TX,7.6
48359,Oldham,TX,4.5
48361,Orange,TX,6.8
48363,Palo Pinto,TX,5.0
48365,Panola,TX,6.9
48367,Parker,TX,7.9
48369,Parmer,TX,7.6
48371,Pecos,TX,5.3
48373,Polk,TX,6.7
48375,Potter,TX,6.1
48377,Presidio,TX,3.6
48379,Rains,TX,
48381,Randall,TX,8.2
48383,Reagan,TX,8.5
48385,Real,TX,1.3
48387,Red River,TX,4.6
48389,Reeves,TX,6.8
48391,Refugio,TX,6.4
48393,Roberts,TX,5.7
48395,Robertson,TX,6.9
48397,Rockwall,TX,8.8
48399,Runnels,TX,6.2
48401,Rusk,TX,6.9
48403,Sabine,TX,6.3
48405,San Augustine,TX,5.1
48407,San Jacinto,TX,7.0
48409,San Patricio,TX,6.0
48411,San Saba,TX,6.3
48413,Schleicher,TX,7.6
48415,Scurry,TX,7.7
48417,Shackelford,TX,7.6
48419,Shelby,TX,6.5
48421,Sherman,TX,7.1
48423,Smith,TX,7.4
48425,Somervell,TX,8.5
48427,Starr,TX,3.0
48429,Stephens,TX,6.1
48431,Sterling,TX,5.3
48433,Stonewall,TX,7.9
48435,Sutton,TX,6.9
48437,Swisher,TX,5.1
48439,Tarrant,TX,7.5
48441,Taylor,TX,6.7
48443,Terrell,TX,3.7
48445,Terry,TX,4.9
48447,Throckmorton,TX,4.4
48449,Titus,TX,6.1
48451,Tom Green,TX,7.0
48453,Travis,TX,7.7
48455,Trinity,TX,6.6
48457,Tyler,TX,5.3
48459,Upshur,TX,7.2
48461,Upton,TX,6.9
48463,Uvalde,TX,4.0
48465,Val Verde,TX,5.2
48467,Van Zandt,TX,6.9
48469,Victoria,TX,6.6
48471,Walker,TX,7.3
48473,Waller,TX,7.3
48475,Ward,TX,7.8
48477,Washington,TX,7.5
48479,Webb,TX,6.1
48481,Wharton,TX,7.3
48483,Wheeler,TX,7.1
48485,Wichita,TX,6.5
48487,Wilbarger,TX,5.1
48489,Willacy,TX,3.6
48491,Williamson,TX,7.8
48493,Wilson,TX,8.2
48495,Winkler,TX,8.2
48497,Wise,TX,7.9
48499,Wood,TX,6.8
48501,Yoakum,TX,7.5
48503,Young,TX,6.3
48505,Zapata,TX,4.8
48507,Zavala,TX,3.5
49001,Beaver,UT,8.3
49003,Box Elder,UT,8.2
49005,Cache,UT,7.7
49007,Carbon,UT,6.7
49009,Daggett,UT,6.9
49011,Davis,UT,8.6
49013,Duchesne,UT,7.5
49015,Emery,UT,7.0
49017,Garfield,UT,5.4
49019,Grand,UT,7.7
49021,Iron,UT,6.6
49023,Juab,UT,7.4
49025,Kane,UT,6.6
49027,Millard,UT,8.0
49029,Morgan,UT,9.7
49031,Piute,UT,2.3
49033,Rich,UT,5.0
49035,Salt Lake,UT,8.6
49037,San Juan,UT,4.0
49039,Sanpete,UT,7.6
49041,Sevier,UT,8.3
49043,Summit,UT,8.8
49045,Tooele,UT,8.5
49047,Uintah,UT,7.4
49049,Utah,UT,8.1
49051,Wasatch,UT,8.5
49053,Washington,UT,7.5
49055,Wayne,UT,6.9
49057,Weber,UT,8.2
50001,Addison,VT,9.1
50003,Bennington,VT,8.4
50005,Caledonia,VT,8.5
50007,Chittenden,VT,8.9
50009,Essex,VT,7.3
50011,Franklin,VT,8.8
50013,Grand Isle,VT,9.4
50015,Lamoille,VT,9.1
50017,Orange,VT,8.7
50019,Orleans,VT,8.3
50021,Rutland,VT,8.2
50023,Washington,VT,8.4
50025,Windham,VT,8.3
50027,Windsor,VT,9.0
51001,Accomack,VA,8.6
51003,Albemarle,VA,9.0
51005,Alleghany,VA,7.7
51007,Amelia,VA,8.5
51009,Amherst,VA,8.5
51011,Appomattox,VA,8.6
51013,Arlington,VA,9.3
51015,Augusta,VA,8.4
51017,Bath,VA,6.6
51019,Bedford,VA,9.0
51021,Bland,VA,8.2
51023,Botetourt,VA,8.2
51025,Brunswick,VA,7.9
51027,Buchanan,VA,6.6
51029,Buckingham,VA,8.3
51031,Campbell,VA,8.8
51033,Caroline,VA,9.2
51035,Carroll,VA,8.1
51036,Charles City,VA,9.2
51037,Charlotte,VA,6.5
51041,Chesterfield,VA,8.8
51043,Clarke,VA,9.4
51045,Craig,VA,8.5
51047,Culpeper,VA,9.1
51049,Cumberland,VA,7.4
51051,Dickenson,VA,
51053,Dinwiddie,VA,8.3
51057,Essex,VA,6.9
51059,Fairfax,VA,9.5
51061,Fauquier,VA,9.5
51063,Floyd,VA,8.1
51065,Fluvanna,VA,9.4
51067,Franklin,VA,7.9
51069,Frederick,VA,8.8
51071,Giles,VA,8.9
51073,Gloucester,VA,9.0
51075,Goochland,VA,9.5
51077,Grayson,VA,7.2
51079,Greene,VA,8.4
51081,Greensville,VA,9.2
51083,Halifax,VA,7.6
51085,Hanover,VA,9.3
51087,Henrico,VA,9.0
51089,Henry,VA,6.8
51091,Highland,VA,5.1
51093,Isle of Wight,VA,8.8
51095,James City,VA,8.5
51097,King and Queen,VA,8.1
51099,King George,VA,9.4
51101,King William,VA,9.2
51103,Lancaster,VA,8.5
51105,Lee,VA,6.8
51107,Loudoun,VA,9.9
51109,Louisa,VA,9.0
51111,Lunenburg,VA,8.7
51113,Madison,VA,9.2
51115,Mathews,VA,9.0
51117,Mecklenburg,VA,7.4
51119,Middlesex,VA,9.1
51121,Montgomery,VA,8.1
51125,Nelson,VA,8.6
51127,New Kent,VA,10.0
51131,Northampton,VA,8.4
51133,Northumberland,VA,8.7
51135,Nottoway,VA,6.3
51137,Orange,VA,7.8
51139,Page,VA,
51141,Patrick,VA,8.1
51143,Pittsylvania,VA,7.8
51145,Powhatan,VA,9.7
51147,Prince Edward,VA,7.9
51149,Prince George,VA,8.7
51153,Prince William,VA,9.4
51155,Pulaski,VA,7.9
51157,Rappahannock,VA,8.6
51159,Richmond,VA,9.0
51161,Roanoke,VA,8.9
51163,Rockbridge,VA,8.1
51165,Rockingham,VA,8.8
51167,Russell,VA,7.2
51169,Scott,VA,7.0
51171,Shenandoah,VA,8.2
51173,Smyth,VA,7.5
51175,Southampton,VA,8.9
51177,Spotsylvania,VA,9.1
51179,Stafford,VA,9.5
51181,Surry,VA,8.4
51183,Sussex,VA,7.8
51185,Tazewell,VA,7.0
51187,Warren,VA,8.2
51191,Washington,VA,8.2
51193,Westmoreland,VA,
51195,Wise,VA,6.5
51197,Wythe,VA,7.5
51199,York,VA,9.3
51510,Alexandria,VA,
51520,Bristol,VA,6.4
51530,Buena Vista,VA,2.4
51540,Charlottesville,VA,8.0
51550,Chesapeake,VA,9.1
51570,Colonial Heights,VA,8.3
51580,Covington,VA,7.4
51590,Danville,VA,7.1
51595,Emporia,VA,8.2
51600,Fairfax,VA,9.2
51610,Falls Church,VA,
51620,Franklin,VA,5.6
51630,Fredericksburg,VA,7.9
51640,Galax,VA,7.5
51650,Hampton,VA,8.3
51660,Harrisonburg,VA,7.9
51670,Hopewell,VA,6.7
51678,Lexington,VA,8.1
51680,Lynchburg,VA,7.7
51683,Manassas,VA,9.6
51685,Manassas Park,VA,8.4
51690,Martinsville,VA,6.3
51700,Newport News,VA,8.0
51710,Norfolk,VA,7.7
51720,Norton,VA,4.8
51730,Petersburg,VA,5.4
51735,Poquoson,VA,8.6
51740,Portsmouth,VA,8.2
51750,Radford,VA,6.1
51760,Richmond,VA,7.9
51770,Roanoke,VA,7.7
51775,Salem,VA,8.4
51790,Staunton,VA,8.6
51800,Suffolk,VA,9.2
51810,Virginia Beach,VA,9.1
51820,Waynesboro,VA,7.4
51830,Williamsburg,VA,8.4
51840,Winchester,VA,7.6
53001,Adams,WA,5.6
53003,Asotin,WA,7.8
53005,Benton,WA,8.2
53007,Chelan,WA,8.2
53009,Clallam,WA,7.1
53011,Clark,WA,8.7
53013,Columbia,WA,7.0
53015,Cowlitz,WA,7.4
53017,Douglas,WA,7.2
53019,Ferry,WA,4.9
53021,Franklin,WA,7.6
53023,Garfield,WA,7.8
53025,Grant,WA,7.2
53027,Grays Harbor,WA,7.4
53029,Island,WA,8.6
53031,Jefferson,WA,7.7
53033,King,WA,9.1
53035,Kitsap,WA,8.2
53037,Kittitas,WA,7.7
53039,Klickitat,WA,7.9
53041,Lewis,WA,7.7
53043,Lincoln,WA,7.2
53045,Mason,WA,7.8
53047,Okanogan,WA,7.3
53049,Pacific,WA,7.7
53051,Pend Oreille,WA,7.1
53053,Pierce,WA,8.3
53055,San Juan,WA,
53057,Skagit,WA,8.0
53059,Skamania,WA,9.0
53061,Snohomish,WA,9.0
53063,Spokane,WA,8.2
53065,Stevens,WA,7.0
53067,Thurston,WA,8.2
53069,Wahkiakum,WA,7.7
53071,Walla Walla,WA,8.2
53073,Whatcom,WA,8.0
53075,Whitman,WA,7.4
53077,Yakima,WA,7.6
54001,Barbour,WV,7.5
54003,Berkeley,WV,8.2
54005,Boone,WV,7.8
54007,Braxton,WV,7.0
54009,Brooke,WV,8.2
54011,Cabell,WV,7.8
54013,Calhoun,WV,4.9
54015,Clay,WV,6.3
54017,Doddridge,WV,8.7
54019,Fayette,WV,7.1
54021,Gilmer,WV,5.7
54023,Grant,WV,8.4
54025,Greenbrier,WV,7.2
54027,Hampshire,WV,7.2
54029,Hancock,WV,6.7
54031,Hardy,WV,7.8
54033,Harrison,WV,8.3
54035,Jackson,WV,7.4
54037,Jefferson,WV,8.9
54039,Kanawha,WV,7.5
54041,Lewis,WV,7.8
54043,Lincoln,WV,7.6
54045,Logan,WV,7.0
54047,McDowell,WV,6.5
54049,Marion,WV,8.0
54051,Marshall,WV,8.0
54053,Mason,WV,7.7
54055,Mercer,WV,6.7
54057,Mineral,WV,8.2
54059,Mingo,WV,6.2
54061,Monongalia,WV,8.1
54063,Monroe,WV,6.6
54065,Morgan,WV,8.7
54067,Nicholas,WV,7.8
54069,Ohio,WV,7.9
54071,Pendleton,WV,6.5
54073,Pleasants,WV,9.0
54075,Pocahontas,WV,5.9
54077,Preston,WV,7.7
54079,Putnam,WV,8.9
54081,Raleigh,WV,6.1
54083,Randolph,WV,8.1
54085,Ritchie,WV,7.2
54087,Roane,WV,6.2
54089,Summers,WV,6.8
54091,Taylor,WV,
54093,Tucker,WV,8.7
54095,Tyler,WV,8.3
54097,Upshur,WV,8.0
54099,Wayne,WV,7.0
54101,Webster,WV,7.7
54103,Wetzel,WV,6.4
54105,Wirt,WV,7.7
54107,Wood,WV,7.6
54109,Wyoming,WV,7.1
55001,Adams,WI,8.0
55003,Ashland,WI,7.3
55005,Barron,WI,8.4
55007,Bayfield,WI,7.8
55009,Brown,WI,8.6
55011,Buffalo,WI,8.6
55013,Burnett,WI,8.5
55015,Calumet,WI,9.4
55017,Chippewa,WI,8.6
55019,Clark,WI,8.4
55021,Columbia,WI,9.0
55023,Crawford,WI,8.1
55025,Dane,WI,9.0
55027,Dodge,WI,9.1
55029,Door,WI,9.0
55031,Douglas,WI,7.9
55033,Dunn,WI,8.5
55035,Eau Claire,WI,8.4
55037,Florence,WI,8.6
55039,Fond du Lac,WI,8.6
55041,Forest,WI,7.3
55043,Grant,WI,8.8
55045,Green,WI,9.2
55047,Green Lake,WI,8.6
55049,Iowa,WI,9.3
55051,Iron,WI,8.5
55053,Jackson,WI,7.7
55055,Jefferson,WI,9.2
55057,Juneau,WI,7.7
55059,Kenosha,WI,8.1
55061,Kewaunee,WI,9.6
55063,La Crosse,WI,8.8
55065,Lafayette,WI,8.9
55067,Langlade,WI,7.7
55069,Lincoln,WI,8.7
55071,Manitowoc,WI,8.5
55073,Marathon,WI,8.8
55075,Marinette,WI,8.2
55077,Marquette,WI,8.8
55078,Menominee,WI,6.5
55079,Milwaukee,WI,8.5
55081,Monroe,WI,8.3
55083,Oconto,WI,9.1
55085,Oneida,WI,8.9
55087,Outagamie,WI,9.0
55089,Ozaukee,WI,9.2
55091,Pepin,WI,
55093,Pierce,WI,9.1
55095,Polk,WI,9.0
55097,Portage,WI,9.0
55099,Price,WI,8.2
55101,Racine,WI,8.8
55103,Richland,WI,6.9
55105,Rock,WI,7.9
55107,Rusk,WI,7.4
55109,St. Croix,WI,9.4
55111,Sauk,WI,9.0
55113,Sawyer,WI,7.5
55115,Shawano,WI,8.7
55117,Sheboygan,WI,9.2
55119,Taylor,WI,8.1
55121,Trempealeau,WI,9.0
55123,Vernon,WI,8.4
55125,Vilas,WI,8.7
55127,Walworth,WI,8.3
55129,Washburn,WI,8.3
55131,Washington,WI,9.3
55133,Waukesha,WI,9.3
55135,Waupaca,WI,8.9
55137,Waushara,WI,8.5
55139,Winnebago,WI,8.4
55141,Wood,WI,8.3
56001,Albany,WY,7.1
56003,Big Horn,WY,7.7
56005,Campbell,WY,7.9
56007,Carbon,WY,6.3
56009,Converse,WY,8.2
56011,Crook,WY,8.3
56013,Fremont,WY,7.5
56015,Goshen,WY,7.9
56017,Hot Springs,WY,7.6
56019,Johnson,WY,6.8
56021,Laramie,WY,7.3
56023,Lincoln,WY,8.3
56025,Natrona,WY,7.5
56027,Niobrara,WY,6.7
56029,Park,WY,7.7
56031,Platte,WY,7.7
56033,Sheridan,WY,7.7
56035,Sublette,WY,8.2
56037,Sweetwater,WY,7.7
56039,Teton,WY,8.7
56041,Uinta,WY,8.5
56043,Washakie,WY,8.3
56045,Weston,WY,7.6
