geoid,county,state,mh_providers_per_10k
01001,Autauga,AL,3.65
01003,Baldwin,AL,12.08
01005,Barbour,AL,2.85
01007,Bibb,AL,3.66
01009,Blount,AL,2.84
01011,Bullock,AL,2.02
01013,Butler,AL,8.70
01015,Calhoun,AL,16.31
01017,Chambers,AL,1.47
01019,Cherokee,AL,6.62
01021,Chilton,AL,8.40
01023,Choctaw,AL,1.63
01025,Clarke,AL,10.30
01027,Clay,AL,2.13
01029,Cleburne,AL,4.48
01031,Coffee,AL,10.96
01033,Colbert,AL,6.00
01035,Conecuh,AL,8.05
01037,Coosa,AL,1.95
01039,Covington,AL,7.91
01041,Crenshaw,AL,6.87
01043,Cullman,AL,16.42
01045,Dale,AL,14.04
01047,Dallas,AL,7.74
01049,DeKalb,AL,5.51
01051,Elmore,AL,3.65
01053,Escambia,AL,10.12
01055,Etowah,AL,15.41
01057,Fayette,AL,1.88
01059,Franklin,AL,1.57
01061,Geneva,AL,3.71
01063,Greene,AL,1.36
01065,Hale,AL,4.70
01067,Henry,AL,7.26
01069,Houston,AL,19.19
01071,Jackson,AL,5.61
01073,Jefferson,AL,27.10
01075,Lamar,AL,2.20
01077,Lauderdale,AL,19.61
01079,Lawrence,AL,12.24
01081,Lee,AL,13.53
01083,Limestone,AL,6.54
01085,Lowndes,AL,1.03
01087,Macon,AL,47.85
01089,Madison,AL,20.00
01091,Marengo,AL,4.28
01093,Marion,AL,3.08
01095,Marshall,AL,28.82
01097,Mobile,AL,13.79
01099,Monroe,AL,11.96
01101,Montgomery,AL,22.78
01103,Morgan,AL,17.27
01105,Perry,AL,6.46
01107,Pickens,AL,5.35
01109,Pike,AL,9.65
01111,Randolph,AL,3.07
01113,Russell,AL,5.62
01115,St. Clair,AL,2.93
01117,Shelby,AL,13.23
01119,Sumter,AL,1.71
01121,Talladega,AL,4.19
01123,Tallapoosa,AL,3.93
01125,Tuscaloosa,AL,16.89
01127,Walker,AL,11.89
01129,Washington,AL,3.33
01131,Wilcox,AL,3.02
01133,Winston,AL,2.12
02013,Aleutians East,AK,8.67
02016,Aleutians West,AK,19.38
02020,Anchorage,AK,78.12
02050,Bethel,AK,285.71
02060,Bristol Bay,AK,0.00
02068,Denali,AK,
02070,Dillingham,AK,104.17
02090,Fairbanks North Star,AK,84.75
02100,Haines,AK,53.19
02105,Hoonah-Angoon,AK,22.12
02110,Juneau,AK,107.53
02122,Kenai Peninsula,AK,40.82
02130,Ketchikan Gateway,AK,178.57
02150,Kodiak Island,AK,42.92
02158,Kusilvak,AK,11.25
02164,Lake and Peninsula,AK,22.52
02170,Matanuska-Susitna,AK,36.90
02180,Nome,AK,112.36
02185,North Slope,AK,9.43
02188,Northwest Arctic,AK,111.11
02195,Petersburg,AK,43.86
02198,Prince of Wales-Hyder,AK,100.00
02220,Sitka,AK,303.03
02230,Skagway,AK,18.25
02240,Southeast Fairbanks,AK,24.04
02261,Valdez-Cordova,AK,
02275,Wrangell,AK,277.78
02282,Yakutat,AK,14.56
02290,Yukon-Koyukuk,AK,19.49
04001,Apache,AZ,11.99
04003,Cochise,AZ,14.45
04005,Coconino,AZ,25.77
04007,Gila,AZ,9.26
04009,Graham,AZ,5.82
04011,Greenlee,AZ,
04012,La Paz,AZ,8.98
04013,Maricopa,AZ,21.37
04015,Mohave,AZ,8.05
04017,Navajo,AZ,10.63
04019,Pima,AZ,24.04
04021,Pinal,AZ,8.96
04023,Santa Cruz,AZ,5.69
04025,Yavapai,AZ,22.22
04027,Yuma,AZ,8.73
05001,Arkansas,AR,14.10
05003,Ashley,AR,8.76
05005,Baxter,AR,30.58
05007,Benton,AR,25.25
05009,Boone,AR,15.06
05011,Bradley,AR,8.90
05013,Calhoun,AR,
05015,Carroll,AR,9.03
05017,Chicot,AR,57.80
05019,Clark,AR,32.89
05021,Clay,AR,9.86
05023,Cleburne,AR,12.58
05025,Cleveland,AR,
05027,Columbia,AR,20.33
05029,Conway,AR,23.70
05031,Craighead,AR,41.32
05033,Crawford,AR,6.78
05035,Crittenden,AR,24.15
05037,Cross,AR,10.35
05039,Dallas,AR,35.59
05041,Desha,AR,6.68
05043,Drew,AR,66.67
05045,Faulkner,AR,19.46
05047,Franklin,AR,2.29
05049,Fulton,AR,8.86
05051,Garland,AR,29.94
05053,Grant,AR,13.05
05055,Greene,AR,23.98
05057,Hempstead,AR,11.38
05059,Hot Spring,AR,24.63
05061,Howard,AR,15.95
05063,Independence,AR,18.52
05065,Izard,AR,8.47
05067,Jackson,AR,10.73
05069,Jefferson,AR,24.04
05071,Johnson,AR,24.88
05073,Lafayette,AR,6.56
05075,Lawrence,AR,22.68
05077,Lee,AR,3.66
05079,Lincoln,AR,14.73
05081,Little River,AR,0.85
05083,Logan,AR,2.34
05085,Lonoke,AR,11.06
05087,Madison,AR,13.50
05089,Marion,AR,1.14
05091,Miller,AR,26.67
05093,Mississippi,AR,14.49
05095,Monroe,AR,3.07
05097,Montgomery,AR,2.32
05099,Nevada,AR,8.62
05101,Newton,AR,4.24
05103,Ouachita,AR,17.89
05105,Perry,AR,
05107,Phillips,AR,7.35
05109,Pike,AR,4.90
05111,Poinsett,AR,27.25
05113,Polk,AR,10.80
05115,Pope,AR,24.63
05117,Prairie,AR,2.49
05119,Pulaski,AR,52.63
05121,Randolph,AR,11.64
05123,St. Francis,AR,37.04
05125,Saline,AR,16.21
05127,Scott,AR,4.06
05129,Searcy,AR,21.79
05131,Sebastian,AR,39.22
05133,Sevier,AR,6.40
05135,Sharp,AR,20.04
05137,Stone,AR,17.36
05139,Union,AR,19.80
05141,Van Buren,AR,9.29
05143,Washington,AR,42.92
05145,White,AR,23.70
05147,Woodruff,AR,6.71
05149,Yell,AR,5.99
06001,Alameda,CA,76.92
06003,Alpine,CA,35.09
06005,Amador,CA,30.40
06007,Butte,CA,88.50
06009,Calaveras,CA,23.20
06011,Colusa,CA,24.51
06013,Contra Costa,CA,41.15
06015,Del Norte,CA,50.51
06017,El Dorado,CA,43.67
06019,Fresno,CA,48.78
06021,Glenn,CA,19.92
06023,Humboldt,CA,62.50
06025,Imperial,CA,20.53
06027,Inyo,CA,54.64
06029,Kern,CA,25.45
06031,Kings,CA,25.00
06033,Lake,CA,39.06
06035,Lassen,CA,31.55
06037,Los Angeles,CA,47.85
06039,Madera,CA,19.96
06041,Marin,CA,96.15
06043,Mariposa,CA,33.67
06045,Mendocino,CA,65.79
06047,Merced,CA,25.13
06049,Modoc,CA,41.15
06051,Mono,CA,22.94
06053,Monterey,CA,46.08
06055,Napa,CA,68.03
06057,Nevada,CA,113.64
06059,Orange,CA,40.00
06061,Placer,CA,39.22
06063,Plumas,CA,28.74
06065,Riverside,CA,28.33
06067,Sacramento,CA,46.30
06069,San Benito,CA,13.79
06071,San Bernardino,CA,31.06
06073,San Diego,CA,52.63
06075,San Francisco,CA,111.11
06077,San Joaquin,CA,29.07
06079,San Luis Obispo,CA,73.53
06081,San Mateo,CA,48.54
06083,Santa Barbara,CA,66.67
06085,Santa Clara,CA,45.25
06087,Santa Cruz,CA,98.04
06089,Shasta,CA,53.76
06091,Sierra,CA,25.00
06093,Siskiyou,CA,54.95
06095,Solano,CA,46.30
06097,Sonoma,CA,58.48
06099,Stanislaus,CA,28.25
06101,Sutter,CA,37.45
06103,Tehama,CA,23.26
06105,Trinity,CA,33.22
06107,Tulare,CA,31.85
06109,Tuolumne,CA,25.25
06111,Ventura,CA,48.78
06113,Yolo,CA,45.87
06115,Yuba,CA,26.04
08001,Adams,CO,41.84
08003,Alamosa,CO,151.52
08005,Arapahoe,CO,50.25
08007,Archuleta,CO,23.26
08009,Baca,CO,2.99
08011,Bent,CO,5.28
08013,Boulder,CO,94.34
08014,Broomfield,CO,28.33
08015,Chaffee,CO,33.00
08017,Cheyenne,CO,
08019,Clear Creek,CO,4.37
08021,Conejos,CO,6.65
08023,Costilla,CO,2.76
08025,Crowley,CO,
08027,Custer,CO,9.03
08029,Delta,CO,22.68
08031,Denver,CO,79.37
08033,Dolores,CO,
08035,Douglas,CO,19.69
08037,Eagle,CO,29.59
08039,Elbert,CO,12.15
08041,El Paso,CO,46.73
08043,Fremont,CO,39.37
08045,Garfield,CO,28.99
08047,Gilpin,CO,6.75
08049,Grand,CO,18.21
08051,Gunnison,CO,30.03
08053,Hinsdale,CO,26.11
08055,Huerfano,CO,17.01
08057,Jackson,CO,38.17
08059,Jefferson,CO,49.75
08061,Kiowa,CO,7.23
08063,Kit Carson,CO,17.15
08065,Lake,CO,12.22
08067,La Plata,CO,55.56
08069,Larimer,CO,54.64
08071,Las Animas,CO,18.83
08073,Lincoln,CO,20.08
08075,Logan,CO,35.46
08077,Mesa,CO,39.68
08079,Mineral,CO,0.00
08081,Moffat,CO,20.24
08083,Montezuma,CO,23.75
08085,Montrose,CO,29.85
08087,Morgan,CO,20.00
08089,Otero,CO,44.05
08091,Ouray,CO,25.13
08093,Park,CO,10.48
08095,Phillips,CO,11.17
08097,Pitkin,CO,45.66
08099,Prowers,CO,28.90
08101,Pueblo,CO,58.82
08103,Rio Blanco,CO,24.33
08105,Rio Grande,CO,5.36
08107,Routt,CO,35.09
08109,Saguache,CO,11.96
08111,San Juan,CO,37.45
08113,San Miguel,CO,33.00
08115,Sedgwick,CO,
08117,Summit,CO,41.67
08119,Teller,CO,25.19
08121,Washington,CO,6.18
08123,Weld,CO,29.41
08125,Yuma,CO,11.15
09001,Fairfield,CT,
09003,Hartford,CT,
09005,Litchfield,CT,
09007,Middlesex,CT,
09009,New Haven,CT,
09011,New London,CT,
09013,Tolland,CT,
09015,Windham,CT,
10001,Kent,DE,24.15
10003,New Castle,DE,41.84
10005,Sussex,DE,23.09
11001,District of Columbia,DC,72.46
12001,Alachua,FL,69.44
12003,Baker,FL,13.39
12005,Bay,FL,28.01
12007,Bradford,FL,11.85
12009,Brevard,FL,19.96
12011,Broward,FL,25.97
12013,Calhoun,FL,11.14
12015,Charlotte,FL,12.56
12017,Citrus,FL,11.04
12019,Clay,FL,14.49
12021,Collier,FL,12.35
12023,Columbia,FL,27.93
12027,DeSoto,FL,27.55
12029,Dixie,FL,1.72
12031,Duval,FL,26.53
12033,Escambia,FL,25.25
12035,Flagler,FL,8.98
12037,Franklin,FL,10.32
12039,Gadsden,FL,15.06
12041,Gilchrist,FL,13.28
12043,Glades,FL,0.78
12045,Gulf,FL,14.03
12047,Hamilton,FL,2.23
12049,Hardee,FL,1.94
12051,Hendry,FL,4.38
12053,Hernando,FL,10.25
12055,Highlands,FL,9.02
12057,Hillsborough,FL,23.81
12059,Holmes,FL,7.02
12061,Indian River,FL,17.06
12063,Jackson,FL,15.85
12065,Jefferson,FL,7.76
12067,Lafayette,FL,2.48
12069,Lake,FL,12.67
12071,Lee,FL,14.68
12073,Leon,FL,29.67
12075,Levy,FL,5.37
12077,Liberty,FL,53.19
12079,Madison,FL,7.56
12081,Manatee,FL,13.05
12083,Marion,FL,12.32
12085,Martin,FL,25.38
12086,Miami-Dade,FL,23.26
12087,Monroe,FL,25.91
12089,Nassau,FL,14.39
12091,Okaloosa,FL,23.09
12093,Okeechobee,FL,9.17
12095,Orange,FL,30.58
12097,Osceola,FL,18.80
12099,Palm Beach,FL,29.15
12101,Pasco,FL,11.34
12103,Pinellas,FL,28.57
12105,Polk,FL,12.30
12107,Putnam,FL,7.90
12109,St. Johns,FL,14.68
12111,St. Lucie,FL,18.76
12113,Santa Rosa,FL,11.33
12115,Sarasota,FL,21.14
12117,Seminole,FL,22.68
12119,Sumter,FL,6.27
12121,Suwannee,FL,8.02
12123,Taylor,FL,5.10
12125,Union,FL,5.79
12127,Volusia,FL,17.54
12129,Wakulla,FL,8.50
12131,Walton,FL,7.99
12133,Washington,FL,3.51
13001,Appling,GA,10.30
13003,Atkinson,GA,
13005,Bacon,GA,0.90
13007,Baker,GA,3.65
13009,Baldwin,GA,21.41
13011,Banks,GA,
13013,Barrow,GA,4.31
13015,Bartow,GA,13.48
13017,Ben Hill,GA,4.09
13019,Berrien,GA,4.85
13021,Bibb,GA,22.42
13023,Bleckley,GA,2.41
13025,Brantley,GA,2.72
13027,Brooks,GA,4.31
13029,Bryan,GA,11.06
13031,Bulloch,GA,13.16
13033,Burke,GA,4.50
13035,Butts,GA,7.44
13037,Calhoun,GA,3.66
13039,Camden,GA,14.10
13043,Candler,GA,9.04
13045,Carroll,GA,19.19
13047,Catoosa,GA,15.08
13049,Charlton,GA,2.32
13051,Chatham,GA,21.51
13053,Chattahoochee,GA,1.15
13055,Chattooga,GA,3.97
13057,Cherokee,GA,12.87
13059,Clarke,GA,35.71
13061,Clay,GA,
13063,Clayton,GA,8.14
13065,Clinch,GA,1.48
13067,Cobb,GA,25.77
13069,Coffee,GA,3.46
13071,Colquitt,GA,9.10
13073,Columbia,GA,14.16
13075,Cook,GA,5.65
13077,Coweta,GA,10.91
13079,Crawford,GA,0.81
13081,Crisp,GA,7.64
13083,Dade,GA,6.18
13085,Dawson,GA,10.08
13087,Decatur,GA,7.91
13089,DeKalb,GA,40.00
13091,Dodge,GA,4.55
13093,Dooly,GA,
13095,Dougherty,GA,18.76
13097,Douglas,GA,15.02
13099,Early,GA,9.47
13101,Echols,GA,
13103,Effingham,GA,6.29
13105,Elbert,GA,4.50
13107,Emanuel,GA,9.08
13109,Evans,GA,1.86
13111,Fannin,GA,8.87
13113,Fayette,GA,28.01
13115,Floyd,GA,16.58
13117,Forsyth,GA,9.23
13119,Franklin,GA,7.26
13121,Fulton,GA,35.21
13123,Gilmer,GA,8.52
13125,Glascock,GA,
13127,Glynn,GA,16.13
13129,Gordon,GA,8.37
13131,Grady,GA,3.45
13133,Greene,GA,4.34
13135,Gwinnett,GA,15.92
13137,Habersham,GA,5.95
13139,Hall,GA,11.33
13141,Hancock,GA,2.31
13143,Haralson,GA,5.62
13145,Harris,GA,3.55
13147,Hart,GA,2.18
13149,Heard,GA,3.32
13151,Henry,GA,18.42
13153,Houston,GA,18.94
13155,Irwin,GA,1.10
13157,Jackson,GA,6.43
13159,Jasper,GA,4.25
13161,Jeff Davis,GA,3.35
13163,Jefferson,GA,0.66
13165,Jenkins,GA,1.16
13167,Johnson,GA,2.15
13169,Jones,GA,4.83
13171,Lamar,GA,5.39
13173,Lanier,GA,3.83
13175,Laurens,GA,22.62
13177,Lee,GA,4.43
13179,Liberty,GA,40.16
13181,Lincoln,GA,5.08
13183,Long,GA,3.57
13185,Lowndes,GA,23.04
13187,Lumpkin,GA,9.93
13189,McDuffie,GA,7.34
13191,McIntosh,GA,17.39
13193,Macon,GA,1.69
13195,Madison,GA,2.80
13197,Marion,GA,
13199,Meriwether,GA,9.07
13201,Miller,GA,1.74
13205,Mitchell,GA,43.10
13207,Monroe,GA,4.24
13209,Montgomery,GA,6.85
13211,Morgan,GA,3.26
13213,Murray,GA,3.90
13215,Muscogee,GA,36.50
13217,Newton,GA,10.65
13219,Oconee,GA,30.30
13221,Oglethorpe,GA,1.90
13223,Paulding,GA,8.19
13225,Peach,GA,13.53
13227,Pickens,GA,8.62
13229,Pierce,GA,3.43
13231,Pike,GA,6.35
13233,Polk,GA,6.56
13235,Pulaski,GA,2.97
13237,Putnam,GA,3.89
13239,Quitman,GA,
13241,Rabun,GA,17.76
13243,Randolph,GA,9.87
13245,Richmond,GA,35.84
13247,Rockdale,GA,20.92
13249,Schley,GA,
13251,Screven,GA,3.53
13253,Seminole,GA,2.20
13255,Spalding,GA,16.86
13257,Stephens,GA,10.65
13259,Stewart,GA,2.14
13261,Sumter,GA,29.07
13263,Talbot,GA,1.75
13265,Taliaferro,GA,
13267,Tattnall,GA,3.29
13269,Taylor,GA,1.29
13271,Telfair,GA,1.83
13273,Terrell,GA,1.15
13275,Thomas,GA,25.00
13277,Tift,GA,11.07
13279,Toombs,GA,6.66
13281,Towns,GA,5.37
13283,Treutlen,GA,4.73
13285,Troup,GA,18.80
13287,Turner,GA,1.12
13289,Twiggs,GA,1.30
13291,Union,GA,9.59
13293,Upson,GA,3.89
13295,Walker,GA,6.77
13297,Walton,GA,12.38
13299,Ware,GA,14.90
13301,Warren,GA,3.92
13303,Washington,GA,3.53
13305,Wayne,GA,3.51
13307,Webster,GA,
13309,Wheeler,GA,
13311,White,GA,9.99
13313,Whitfield,GA,14.37
13315,Wilcox,GA,2.28
13317,Wilkes,GA,2.10
13319,Wilkinson,GA,5.73
13321,Worth,GA,1.48
15001,Hawaii,HI,35.46
15003,Honolulu,HI,32.15
15005,Kalawao,HI,0.00
15007,Kauai,HI,24.39
15009,Maui,HI,23.26
16001,Ada,ID,41.32
16003,Adams,ID,10.19
16005,Bannock,ID,46.95
16007,Bear Lake,ID,5.91
16009,Benewah,ID,27.93
16011,Bingham,ID,14.29
16013,Blaine,ID,25.58
16015,Boise,ID,12.92
16017,Bonner,ID,24.94
16019,Bonneville,ID,34.72
16021,Boundary,ID,18.45
16023,Butte,ID,3.63
16025,Camas,ID,
16027,Canyon,ID,18.90
16029,Caribou,ID,4.16
16031,Cassia,ID,15.17
16033,Clark,ID,0.00
16035,Clearwater,ID,14.10
16037,Custer,ID,8.84
16039,Elmore,ID,18.52
16041,Franklin,ID,5.81
16043,Fremont,ID,8.45
16045,Gem,ID,11.86
16047,Gooding,ID,11.83
16049,Idaho,ID,8.38
16051,Jefferson,ID,2.92
16053,Jerome,ID,3.14
16055,Kootenai,ID,24.21
16057,Latah,ID,21.05
16059,Lemhi,ID,16.58
16061,Lewis,ID,13.37
16063,Lincoln,ID,1.83
16065,Madison,ID,17.24
16067,Minidoka,ID,4.89
16069,Nez Perce,ID,31.15
16071,Oneida,ID,16.16
16073,Owyhee,ID,1.57
16075,Payette,ID,14.66
16077,Power,ID,4.85
16079,Shoshone,ID,12.12
16081,Teton,ID,14.35
16083,Twin Falls,ID,30.03
16085,Valley,ID,23.75
16087,Washington,ID,4.38
17001,Adams,IL,31.65
17003,Alexander,IL,59.52
17005,Bond,IL,17.64
17007,Boone,IL,4.51
17009,Brown,IL,33.33
17011,Bureau,IL,9.47
17013,Calhoun,IL,
17015,Carroll,IL,12.89
17017,Cass,IL,69.93
17019,Champaign,IL,36.76
17021,Christian,IL,7.82
17023,Clark,IL,3.31
17025,Clay,IL,18.45
17027,Clinton,IL,5.98
17029,Coles,IL,60.24
17031,Cook,IL,39.84
17033,Crawford,IL,24.04
17035,Cumberland,IL,6.82
17037,DeKalb,IL,43.86
17039,De Witt,IL,6.51
17041,Douglas,IL,1.02
17043,DuPage,IL,44.64
17045,Edgar,IL,26.95
17047,Edwards,IL,5.03
17049,Effingham,IL,25.91
17051,Fayette,IL,9.92
17053,Ford,IL,52.91
17055,Franklin,IL,73.53
17057,Fulton,IL,8.61
17059,Gallatin,IL,4.28
17061,Greene,IL,
17063,Grundy,IL,18.87
17065,Hamilton,IL,1.26
17067,Hancock,IL,21.55
17069,Hardin,IL,5.60
17071,Henderson,IL,8.21
17073,Henry,IL,5.37
17075,Iroquois,IL,35.21
17077,Jackson,IL,47.17
17079,Jasper,IL,45.87
17081,Jefferson,IL,31.95
17083,Jersey,IL,13.28
17085,Jo Daviess,IL,11.03
17087,Johnson,IL,86.96
17089,Kane,IL,39.37
17091,Kankakee,IL,21.32
17093,Kendall,IL,14.43
17095,Knox,IL,19.42
17097,Lake,IL,37.59
17099,LaSalle,IL,12.92
17101,Lawrence,IL,59.52
17103,Lee,IL,74.63
17105,Livingston,IL,22.37
17107,Logan,IL,13.05
17109,McDonough,IL,22.37
17111,McHenry,IL,27.78
17113,McLean,IL,38.61
17115,Macon,IL,18.59
17117,Macoupin,IL,8.64
17119,Madison,IL,26.60
17121,Marion,IL,40.32
17123,Marshall,IL,1.71
17125,Mason,IL,3.99
17127,Massac,IL,40.32
17129,Menard,IL,5.02
17131,Mercer,IL,2.58
17133,Monroe,IL,16.31
17135,Montgomery,IL,8.31
17137,Morgan,IL,13.07
17139,Moultrie,IL,20.20
17141,Ogle,IL,18.52
17143,Peoria,IL,30.86
17145,Perry,IL,24.88
17147,Piatt,IL,9.57
17149,Pike,IL,10.46
17151,Pope,IL,5.39
17153,Pulaski,IL,8.14
17155,Putnam,IL,
17157,Randolph,IL,15.77
17159,Richland,IL,52.36
17161,Rock Island,IL,29.94
17163,St. Clair,IL,18.94
17165,Saline,IL,38.91
17167,Sangamon,IL,32.26
17169,Schuyler,IL,13.37
17171,Scott,IL,
17173,Shelby,IL,4.86
17175,Stark,IL,
17177,Stephenson,IL,22.99
17179,Tazewell,IL,23.26
17181,Union,IL,24.57
17183,Vermilion,IL,40.82
17185,Wabash,IL,31.06
17187,Warren,IL,2.47
17189,Washington,IL,15.50
17191,Wayne,IL,15.22
17193,White,IL,17.92
17195,Whiteside,IL,15.41
17197,Will,IL,19.46
17199,Williamson,IL,49.02
17201,Winnebago,IL,24.04
17203,Woodford,IL,4.44
18001,Adams,IN,3.86
18003,Allen,IN,24.69
18005,Bartholomew,IN,19.65
18007,Benton,IN,5.73
18009,Blackford,IN,4.20
18011,Boone,IN,15.62
18013,Brown,IN,9.58
18015,Carroll,IN,8.77
18017,Cass,IN,22.57
18019,Clark,IN,25.77
18021,Clay,IN,4.91
18023,Clinton,IN,5.19
18025,Crawford,IN,6.71
18027,Daviess,IN,9.21
18029,Dearborn,IN,18.15
18031,Decatur,IN,4.55
18033,DeKalb,IN,7.47
18035,Delaware,IN,33.78
18037,Dubois,IN,14.01
18039,Elkhart,IN,17.92
18041,Fayette,IN,12.84
18043,Floyd,IN,17.83
18045,Fountain,IN,10.75
18047,Franklin,IN,3.46
18049,Fulton,IN,8.84
18051,Gibson,IN,4.56
18053,Grant,IN,29.50
18055,Greene,IN,7.05
18057,Hamilton,IN,19.92
18059,Hancock,IN,12.53
18061,Harrison,IN,5.00
18063,Hendricks,IN,14.64
18065,Henry,IN,10.63
18067,Howard,IN,23.64
18069,Huntington,IN,11.96
18071,Jackson,IN,9.90
18073,Jasper,IN,6.26
18075,Jay,IN,8.98
18077,Jefferson,IN,12.71
18079,Jennings,IN,11.95
18081,Johnson,IN,13.28
18083,Knox,IN,21.37
18085,Kosciusko,IN,19.05
18087,LaGrange,IN,5.87
18089,Lake,IN,23.04
18091,LaPorte,IN,12.44
18093,Lawrence,IN,10.87
18095,Madison,IN,15.38
18097,Marion,IN,39.06
18099,Marshall,IN,12.52
18101,Martin,IN,2.02
18103,Miami,IN,7.63
18105,Monroe,IN,36.50
18107,Montgomery,IN,11.15
18109,Morgan,IN,10.10
18111,Newton,IN,0.72
18113,Noble,IN,10.12
18115,Ohio,IN,
18117,Orange,IN,7.64
18119,Owen,IN,10.21
18121,Parke,IN,7.28
18123,Perry,IN,7.29
18125,Pike,IN,4.13
18127,Porter,IN,23.70
18129,Posey,IN,1.20
18131,Pulaski,IN,5.65
18133,Putnam,IN,10.38
18135,Randolph,IN,5.37
18137,Ripley,IN,8.21
18139,Rush,IN,13.05
18141,St. Joseph,IN,27.10
18143,Scott,IN,9.33
18145,Shelby,IN,11.05
18147,Spencer,IN,4.52
18149,Starke,IN,3.45
18151,Steuben,IN,10.88
18153,Sullivan,IN,5.78
18155,Switzerland,IN,4.99
18157,Tippecanoe,IN,19.01
18159,Tipton,IN,7.21
18161,Union,IN,1.43
18163,Vanderburgh,IN,26.60
18165,Vermillion,IN,13.62
18167,Vigo,IN,19.42
18169,Wabash,IN,28.33
18171,Warren,IN,
18173,Warrick,IN,9.26
18175,Washington,IN,5.67
18177,Wayne,IN,50.25
18179,Wells,IN,7.35
18181,White,IN,5.22
18183,Whitley,IN,12.09
19001,Adair,IA,1.35
19003,Adams,IA,5.64
19005,Allamakee,IA,2.84
19007,Appanoose,IA,12.38
19009,Audubon,IA,1.81
19011,Benton,IA,5.04
19013,Black Hawk,IA,25.84
19015,Boone,IA,7.15
19017,Bremer,IA,18.98
19019,Buchanan,IA,14.49
19021,Buena Vista,IA,7.78
19023,Butler,IA,4.23
19025,Calhoun,IA,4.10
19027,Carroll,IA,15.60
19029,Cass,IA,45.66
19031,Cedar,IA,6.01
19033,Cerro Gordo,IA,34.72
19035,Cherokee,IA,13.79
19037,Chickasaw,IA,6.01
19039,Clarke,IA,2.09
19041,Clay,IA,40.65
19043,Clayton,IA,2.36
19045,Clinton,IA,18.62
19047,Crawford,IA,5.62
19049,Dallas,IA,4.14
19051,Davis,IA,1.09
19053,Decatur,IA,27.40
19055,Delaware,IA,13.64
19057,Des Moines,IA,26.39
19059,Dickinson,IA,11.63
19061,Dubuque,IA,20.12
19063,Emmet,IA,25.97
19065,Fayette,IA,8.33
19067,Floyd,IA,4.57
19069,Franklin,IA,3.04
19071,Fremont,IA,3.10
19073,Greene,IA,10.48
19075,Grundy,IA,4.84
19077,Guthrie,IA,2.80
19079,Hamilton,IA,8.15
19081,Hancock,IA,4.71
19083,Hardin,IA,4.86
19085,Harrison,IA,6.13
19087,Henry,IA,12.79
19089,Howard,IA,7.47
19091,Humboldt,IA,3.16
19093,Ida,IA,
19095,Iowa,IA,10.99
19097,Jackson,IA,11.38
19099,Jasper,IA,11.60
19101,Jefferson,IA,22.03
19103,Johnson,IA,47.85
19105,Jones,IA,11.00
19107,Keokuk,IA,1.01
19109,Kossuth,IA,6.25
19111,Lee,IA,9.82
19113,Linn,IA,31.06
19115,Louisa,IA,8.56
19117,Lucas,IA,11.43
19119,Lyon,IA,1.62
19121,Madison,IA,7.07
19123,Mahaska,IA,14.16
19125,Marion,IA,15.70
19127,Marshall,IA,22.73
19129,Mills,IA,8.88
19131,Mitchell,IA,
19133,Monona,IA,8.24
19135,Monroe,IA,4.00
19137,Montgomery,IA,10.85
19139,Muscatine,IA,8.76
19141,O'Brien,IA,3.57
19143,Osceola,IA,1.67
19145,Page,IA,23.98
19147,Palo Alto,IA,12.48
19149,Plymouth,IA,19.84
19151,Pocahontas,IA,1.43
19153,Polk,IA,35.09
19155,Pottawattamie,IA,24.15
19157,Poweshiek,IA,16.81
19159,Ringgold,IA,
19161,Sac,IA,7.23
19163,Scott,IA,19.38
19165,Shelby,IA,15.24
19167,Sioux,IA,17.09
19169,Story,IA,26.46
19171,Tama,IA,4.75
19173,Taylor,IA,1.69
19175,Union,IA,21.83
19177,Van Buren,IA,4.13
19179,Wapello,IA,17.64
19181,Warren,IA,2.90
19183,Washington,IA,7.54
19185,Wayne,IA,3.05
19187,Webster,IA,33.67
19189,Winnebago,IA,1.89
19191,Winneshiek,IA,28.25
19193,Woodbury,IA,28.41
19195,Worth,IA,
19197,Wright,IA,14.22
20001,Allen,KS,19.34
20003,Anderson,KS,5.10
20005,Atchison,KS,18.73
20007,Barber,KS,4.91
20009,Barton,KS,26.53
20011,Bourbon,KS,8.33
20013,Brown,KS,35.71
20015,Butler,KS,14.71
20017,Chase,KS,
20019,Chautauqua,KS,5.97
20021,Cherokee,KS,18.38
20023,Cheyenne,KS,15.17
20025,Clark,KS,
20027,Clay,KS,9.99
20029,Cloud,KS,22.57
20031,Coffey,KS,14.53
20033,Comanche,KS,6.04
20035,Cowley,KS,17.27
20037,Crawford,KS,28.41
20039,Decatur,KS,3.69
20041,Dickinson,KS,6.51
20043,Doniphan,KS,1.33
20045,Douglas,KS,36.90
20047,Edwards,KS,
20049,Elk,KS,
20051,Ellis,KS,36.76
20053,Ellsworth,KS,3.15
20055,Finney,KS,13.87
20057,Ford,KS,11.48
20059,Franklin,KS,24.88
20061,Geary,KS,42.02
20063,Gove,KS,3.66
20065,Graham,KS,
20067,Grant,KS,7.00
20069,Gray,KS,1.74
20071,Greeley,KS,
20073,Greenwood,KS,3.41
20075,Hamilton,KS,
20077,Harper,KS,3.68
20079,Harvey,KS,48.54
20081,Haskell,KS,2.75
20083,Hodgeman,KS,
20085,Jackson,KS,5.98
20087,Jefferson,KS,4.91
20089,Jewell,KS,
20091,Johnson,KS,31.75
20093,Kearny,KS,5.23
20095,Kingman,KS,9.91
20097,Kiowa,KS,29.50
20099,Labette,KS,11.66
20101,Lane,KS,
20103,Leavenworth,KS,25.38
20105,Lincoln,KS,6.85
20107,Linn,KS,12.17
20109,Logan,KS,3.75
20111,Lyon,KS,39.22
20113,McPherson,KS,10.96
20115,Marion,KS,7.70
20117,Marshall,KS,9.06
20119,Meade,KS,
20121,Miami,KS,16.69
20123,Mitchell,KS,10.49
20125,Montgomery,KS,23.20
20127,Morris,KS,7.50
20129,Morton,KS,3.88
20131,Nemaha,KS,1.98
20133,Neosho,KS,11.03
20135,Ness,KS,
20137,Norton,KS,11.26
20139,Osage,KS,1.26
20141,Osborne,KS,8.76
20143,Ottawa,KS,5.16
20145,Pawnee,KS,62.11
20147,Phillips,KS,21.01
20149,Pottawatomie,KS,3.79
20151,Pratt,KS,11.01
20153,Rawlins,KS,
20155,Reno,KS,21.79
20157,Republic,KS,10.81
20159,Rice,KS,7.56
20161,Riley,KS,34.60
20163,Rooks,KS,2.09
20165,Rush,KS,
20167,Russell,KS,1.49
20169,Saline,KS,39.53
20171,Scott,KS,8.12
20173,Sedgwick,KS,28.25
20175,Seward,KS,10.92
20177,Shawnee,KS,38.91
20179,Sheridan,KS,
20181,Sherman,KS,5.13
20183,Smith,KS,
20185,Stafford,KS,5.12
20187,Stanton,KS,
20189,Stevens,KS,7.88
20191,Sumner,KS,12.53
20193,Thomas,KS,17.79
20195,Trego,KS,14.64
20197,Wabaunsee,KS,7.09
20199,Wallace,KS,13.25
20201,Washington,KS,1.82
20203,Wichita,KS,
20205,Wilson,KS,1.19
20207,Woodson,KS,3.21
20209,Wyandotte,KS,19.19
21001,Adair,KY,27.55
21003,Allen,KY,8.72
21005,Anderson,KY,9.35
21007,Ballard,KY,2.64
21009,Barren,KY,24.45
21011,Bath,KY,27.78
21013,Bell,KY,6.00
21015,Boone,KY,14.88
21017,Bourbon,KY,13.91
21019,Boyd,KY,78.12
21021,Boyle,KY,27.78
21023,Bracken,KY,1.19
21025,Breathitt,KY,23.92
21027,Breckinridge,KY,8.99
21029,Bullitt,KY,10.48
21031,Butler,KY,15.36
21033,Caldwell,KY,8.76
21035,Calloway,KY,13.32
21037,Campbell,KY,17.92
21039,Carlisle,KY,
21041,Carroll,KY,9.10
21043,Carter,KY,18.21
21045,Casey,KY,10.05
21047,Christian,KY,53.76
21049,Clark,KY,12.59
21051,Clay,KY,11.20
21053,Clinton,KY,19.69
21055,Crittenden,KY,1.11
21057,Cumberland,KY,25.00
21059,Daviess,KY,32.36
21061,Edmonson,KY,4.02
21063,Elliott,KY,27.62
21065,Estill,KY,12.92
21067,Fayette,KY,59.88
21069,Fleming,KY,5.83
21071,Floyd,KY,370.37
21073,Franklin,KY,21.10
21075,Fulton,KY,3.16
21077,Gallatin,KY,7.96
21079,Garrard,KY,3.93
21081,Grant,KY,8.20
21083,Graves,KY,9.87
21085,Grayson,KY,12.67
21087,Green,KY,26.18
21089,Greenup,KY,21.88
21091,Hancock,KY,5.61
21093,Hardin,KY,45.66
21095,Harlan,KY,5.92
21097,Harrison,KY,5.67
21099,Hart,KY,12.17
21101,Henderson,KY,14.97
21103,Henry,KY,5.63
21105,Hickman,KY,2.25
21107,Hopkins,KY,13.79
21109,Jackson,KY,3.05
21111,Jefferson,KY,40.65
21113,Jessamine,KY,17.45
21115,Johnson,KY,19.46
21117,Kenton,KY,23.04
21119,Knott,KY,5.86
21121,Knox,KY,9.40
21123,Larue,KY,7.19
21125,Laurel,KY,10.27
21127,Lawrence,KY,151.52
21129,Lee,KY,12.35
21131,Leslie,KY,6.08
21133,Letcher,KY,9.30
21135,Lewis,KY,4.63
21137,Lincoln,KY,10.49
21139,Livingston,KY,6.75
21141,Logan,KY,5.66
21143,Lyon,KY,5.44
21145,McCracken,KY,32.05
21147,McCreary,KY,12.90
21149,McLean,KY,4.42
21151,Madison,KY,20.16
21153,Magoffin,KY,17.83
21155,Marion,KY,21.19
21157,Marshall,KY,3.47
21159,Martin,KY,6.41
21161,Mason,KY,49.26
21163,Meade,KY,7.30
21165,Menifee,KY,33.44
21167,Mercer,KY,12.99
21169,Metcalfe,KY,10.49
21171,Monroe,KY,7.96
21173,Montgomery,KY,46.30
21175,Morgan,KY,24.51
21177,Muhlenberg,KY,8.50
21179,Nelson,KY,15.50
21181,Nicholas,KY,3.90
21183,Ohio,KY,5.08
21185,Oldham,KY,13.81
21187,Owen,KY,5.30
21189,Owsley,KY,17.48
21191,Pendleton,KY,5.40
21193,Perry,KY,82.64
21195,Pike,KY,18.21
21197,Powell,KY,11.56
21199,Pulaski,KY,48.31
21201,Robertson,KY,
21203,Rockcastle,KY,5.56
21205,Rowan,KY,60.61
21207,Russell,KY,19.16
21209,Scott,KY,13.30
21211,Shelby,KY,18.59
21213,Simpson,KY,9.90
21215,Spencer,KY,1.95
21217,Taylor,KY,26.88
21219,Todd,KY,5.60
21221,Trigg,KY,2.78
21223,Trimble,KY,3.49
21225,Union,KY,8.40
21227,Warren,KY,35.84
21229,Washington,KY,16.31
21231,Wayne,KY,16.86
21233,Webster,KY,4.71
21235,Whitley,KY,181.82
21237,Wolfe,KY,22.27
21239,Woodford,KY,13.21
22001,Acadia,LA,14.88
22003,Allen,LA,10.86
22005,Ascension,LA,12.45
22007,Assumption,LA,3.47
22009,Avoyelles,LA,19.80
22011,Beauregard,LA,7.87
22013,Bienville,LA,30.77
22015,Bossier,LA,23.36
22017,Caddo,LA,78.74
22019,Calcasieu,LA,28.82
22021,Caldwell,LA,13.85
22023,Cameron,LA,2.10
22025,Catahoula,LA,4.75
22027,Claiborne,LA,10.98
22029,Concordia,LA,62.11
22031,De Soto,LA,24.33
22033,East Baton Rouge,LA,47.39
22035,East Carroll,LA,52.63
22037,East Feliciana,LA,45.25
22039,Evangeline,LA,7.87
22041,Franklin,LA,18.66
22043,Grant,LA,7.76
22045,Iberia,LA,15.97
22047,Iberville,LA,29.67
22049,Jackson,LA,11.53
22051,Jefferson,LA,32.57
22053,Jefferson Davis,LA,19.96
22055,Lafayette,LA,42.19
22057,Lafourche,LA,21.05
22059,LaSalle,LA,8.79
22061,Lincoln,LA,46.51
22063,Livingston,LA,13.32
22065,Madison,LA,87.72
22067,Morehouse,LA,40.00
22069,Natchitoches,LA,43.48
22071,Orleans,LA,68.03
22073,Ouachita,LA,54.95
22075,Plaquemines,LA,19.19
22077,Pointe Coupee,LA,12.50
22079,Rapides,LA,58.82
22081,Red River,LA,9.51
22083,Richland,LA,61.73
22085,Sabine,LA,12.33
22087,St. Bernard,LA,32.79
22089,St. Charles,LA,15.02
22091,St. Helena,LA,8.35
22093,St. James,LA,8.34
22095,St. John the Baptist,LA,36.63
22097,St. Landry,LA,23.70
22099,St. Martin,LA,14.68
22101,St. Mary,LA,14.03
22103,St. Tammany,LA,29.59
22105,Tangipahoa,LA,24.75
22107,Tensas,LA,15.95
22109,Terrebonne,LA,25.64
22111,Union,LA,17.42
22113,Vermilion,LA,5.79
22115,Vernon,LA,20.53
22117,Washington,LA,16.26
22119,Webster,LA,25.51
22121,West Baton Rouge,LA,9.90
22123,West Carroll,LA,6.44
22125,West Feliciana,LA,11.06
22127,Winn,LA,6.81
23001,Androscoggin,ME,51.02
23003,Aroostook,ME,65.79
23005,Cumberland,ME,84.03
23007,Franklin,ME,32.47
23009,Hancock,ME,46.95
23011,Kennebec,ME,58.14
23013,Knox,ME,54.95
23015,Lincoln,ME,21.10
23017,Oxford,ME,30.58
23019,Penobscot,ME,66.67
23021,Piscataquis,ME,24.04
23023,Sagadahoc,ME,23.75
23025,Somerset,ME,20.88
23027,Waldo,ME,32.47
23029,Washington,ME,69.93
23031,York,ME,46.30
24001,Allegany,MD,40.65
24003,Anne Arundel,MD,28.33
24005,Baltimore,MD,43.48
24009,Calvert,MD,25.13
24011,Caroline,MD,6.84
24013,Carroll,MD,27.17
24015,Cecil,MD,26.88
24017,Charles,MD,21.51
24019,Dorchester,MD,27.40
24021,Frederick,MD,31.25
24023,Garrett,MD,27.10
24025,Harford,MD,27.78
24027,Howard,MD,42.74
24029,Kent,MD,21.23
24031,Montgomery,MD,43.29
24033,Prince George's,MD,23.70
24035,Queen Anne's,MD,16.18
24037,St. Mary's,MD,15.17
24039,Somerset,MD,32.89
24041,Talbot,MD,49.26
24043,Washington,MD,32.57
24045,Wicomico,MD,43.48
24047,Worcester,MD,31.35
24510,Baltimore,MD,66.67
25001,Barnstable,MA,54.64
25003,Berkshire,MA,101.01
25005,Bristol,MA,59.88
25007,Dukes,MA,62.50
25009,Essex,MA,68.49
25011,Franklin,MA,97.09
25013,Hampden,MA,116.28
25015,Hampshire,MA,112.36
25017,Middlesex,MA,71.94
25019,Nantucket,MA,43.67
25021,Norfolk,MA,71.43
25023,Plymouth,MA,64.94
25025,Suffolk,MA,111.11
25027,Worcester,MA,60.61
26001,Alcona,MI,14.31
26003,Alger,MI,9.13
26005,Allegan,MI,10.82
26007,Alpena,MI,42.19
26009,Antrim,MI,6.15
26011,Arenac,MI,19.16
26013,Baraga,MI,16.84
26015,Barry,MI,13.00
26017,Bay,MI,29.33
26019,Benzie,MI,17.89
26021,Berrien,MI,31.65
26023,Branch,MI,17.92
26025,Calhoun,MI,40.16
26027,Cass,MI,10.65
26029,Charlevoix,MI,32.15
26031,Cheboygan,MI,14.20
26033,Chippewa,MI,45.05
26035,Clare,MI,12.45
26037,Clinton,MI,14.79
26039,Crawford,MI,19.19
26041,Delta,MI,17.39
26043,Dickinson,MI,38.91
26045,Eaton,MI,21.69
26047,Emmet,MI,46.08
26049,Genesee,MI,36.50
26051,Gladwin,MI,15.08
26053,Gogebic,MI,22.47
26055,Grand Traverse,MI,56.82
26057,Gratiot,MI,23.47
26059,Hillsdale,MI,17.54
26061,Houghton,MI,23.15
26063,Huron,MI,15.85
26065,Ingham,MI,51.81
26067,Ionia,MI,16.29
26069,Iosco,MI,21.69
26071,Iron,MI,11.92
26073,Isabella,MI,38.76
26075,Jackson,MI,34.97
26077,Kalamazoo,MI,54.35
26079,Kalkaska,MI,8.65
26081,Kent,MI,52.08
26083,Keweenaw,MI,4.60
26085,Lake,MI,9.43
26087,Lapeer,MI,16.29
26089,Leelanau,MI,6.51
26091,Lenawee,MI,27.25
26093,Livingston,MI,24.27
26095,Luce,MI,15.53
26097,Mackinac,MI,21.19
26099,Macomb,MI,24.39
26101,Manistee,MI,17.61
26103,Marquette,MI,50.51
26105,Mason,MI,35.97
26107,Mecosta,MI,18.73
26109,Menominee,MI,12.21
26111,Midland,MI,36.10
26113,Missaukee,MI,6.53
26115,Monroe,MI,20.83
26117,Montcalm,MI,29.94
26119,Montmorency,MI,16.53
26121,Muskegon,MI,26.95
26123,Newaygo,MI,22.52
26125,Oakland,MI,45.87
26127,Oceana,MI,4.82
26129,Ogemaw,MI,9.52
26131,Ontonagon,MI,3.39
26133,Osceola,MI,14.14
26135,Oscoda,MI,7.02
26137,Otsego,MI,31.85
26139,Ottawa,MI,27.78
26141,Presque Isle,MI,6.02
26143,Roscommon,MI,11.74
26145,Saginaw,MI,36.10
26147,St. Clair,MI,28.49
26149,St. Joseph,MI,20.70
26151,Sanilac,MI,20.79
26153,Schoolcraft,MI,29.41
26155,Shiawassee,MI,20.75
26157,Tuscola,MI,28.57
26159,Van Buren,MI,15.31
26161,Washtenaw,MI,76.34
26163,Wayne,MI,36.50
26165,Wexford,MI,31.65
27001,Aitkin,MN,9.32
27003,Anoka,MN,23.09
27005,Becker,MN,26.39
27007,Beltrami,MN,45.66
27009,Benton,MN,2.88
27011,Big Stone,MN,13.72
27013,Blue Earth,MN,50.76
27015,Brown,MN,23.04
27017,Carlton,MN,22.52
27019,Carver,MN,23.04
27021,Cass,MN,8.90
27023,Chippewa,MN,9.03
27025,Chisago,MN,17.61
27027,Clay,MN,33.33
27029,Clearwater,MN,2.31
27031,Cook,MN,10.64
27033,Cottonwood,MN,14.14
27035,Crow Wing,MN,38.61
27037,Dakota,MN,24.51
27039,Dodge,MN,5.69
27041,Douglas,MN,24.51
27043,Faribault,MN,7.93
27045,Fillmore,MN,4.18
27047,Freeborn,MN,14.08
27049,Goodhue,MN,13.53
27051,Grant,MN,1.63
27053,Hennepin,MN,60.98
27055,Houston,MN,4.30
27057,Hubbard,MN,15.82
27059,Isanti,MN,20.83
27061,Itasca,MN,34.60
27063,Jackson,MN,8.06
27065,Kanabec,MN,22.88
27067,Kandiyohi,MN,54.64
27069,Kittson,MN,
27071,Koochiching,MN,18.73
27073,Lac qui Parle,MN,3.02
27075,Lake,MN,14.75
27077,Lake of the Woods,MN,2.65
27079,Le Sueur,MN,5.81
27081,Lincoln,MN,1.81
27083,Lyon,MN,24.39
27085,McLeod,MN,26.67
27087,Mahnomen,MN,
27089,Marshall,MN,
27091,Martin,MN,10.17
27093,Meeker,MN,8.51
27095,Mille Lacs,MN,27.32
27097,Morrison,MN,13.42
27099,Mower,MN,16.72
27101,Murray,MN,7.45
27103,Nicollet,MN,31.55
27105,Nobles,MN,14.27
27107,Norman,MN,1.58
27109,Olmsted,MN,55.25
27111,Otter Tail,MN,16.16
27113,Pennington,MN,33.56
27115,Pine,MN,22.52
27117,Pipestone,MN,12.99
27119,Polk,MN,26.95
27121,Pope,MN,14.90
27123,Ramsey,MN,56.18
27125,Red Lake,MN,
27127,Redwood,MN,5.23
27129,Renville,MN,2.79
27131,Rice,MN,21.19
27133,Rock,MN,21.98
27135,Roseau,MN,3.93
27137,St. Louis,MN,37.31
27139,Scott,MN,14.43
27141,Sherburne,MN,23.47
27143,Sibley,MN,6.63
27145,Stearns,MN,42.55
27147,Steele,MN,30.96
27149,Stevens,MN,18.52
27151,Swift,MN,11.31
27153,Todd,MN,2.73
27155,Traverse,MN,
27157,Wabasha,MN,3.69
27159,Wadena,MN,38.61
27161,Waseca,MN,6.32
27163,Washington,MN,33.78
27165,Watonwan,MN,7.22
27167,Wilkin,MN,26.95
27169,Winona,MN,25.13
27171,Wright,MN,13.37
27173,Yellow Medicine,MN,9.51
28001,Adams,MS,13.57
28003,Alcorn,MS,32.26
28005,Amite,MS,1.61
28007,Attala,MS,5.18
28009,Benton,MS,5.38
28011,Bolivar,MS,9.32
28013,Calhoun,MS,1.58
28015,Carroll,MS,
28017,Chickasaw,MS,2.96
28019,Choctaw,MS,16.08
28021,Claiborne,MS,6.96
28023,Clarke,MS,5.25
28025,Clay,MS,25.25
28027,Coahoma,MS,56.82
28029,Copiah,MS,6.87
28031,Covington,MS,12.18
28033,DeSoto,MS,14.33
28035,Forrest,MS,52.63
28037,Franklin,MS,2.63
28039,George,MS,5.46
28041,Greene,MS,5.88
28043,Grenada,MS,6.17
28045,Hancock,MS,4.77
28047,Harrison,MS,26.53
28049,Hinds,MS,43.67
28051,Holmes,MS,4.44
28053,Humphreys,MS,
28055,Issaquena,MS,
28057,Itawamba,MS,3.32
28059,Jackson,MS,17.95
28061,Jasper,MS,1.87
28063,Jefferson,MS,12.97
28065,Jefferson Davis,MS,12.76
28067,Jones,MS,17.06
28069,Kemper,MS,1.16
28071,Lafayette,MS,70.42
28073,Lamar,MS,5.89
28075,Lauderdale,MS,35.97
28077,Lawrence,MS,3.41
28079,Leake,MS,0.94
28081,Lee,MS,85.47
28083,Leflore,MS,53.76
28085,Lincoln,MS,14.71
28087,Lowndes,MS,29.50
28089,Madison,MS,25.97
28091,Marion,MS,8.67
28093,Marshall,MS,3.52
28095,Monroe,MS,2.68
28097,Montgomery,MS,3.12
28099,Neshoba,MS,13.89
28101,Newton,MS,2.85
28103,Noxubee,MS,22.17
28105,Oktibbeha,MS,25.19
28107,Panola,MS,11.33
28109,Pearl River,MS,6.21
28111,Perry,MS,8.83
28113,Pike,MS,47.39
28115,Pontotoc,MS,4.12
28117,Prentiss,MS,15.13
28119,Quitman,MS,3.61
28121,Rankin,MS,25.19
28123,Scott,MS,5.45
28125,Sharkey,MS,3.00
28127,Simpson,MS,12.44
28129,Smith,MS,1.42
28131,Stone,MS,4.26
28133,Sunflower,MS,3.68
28135,Tallahatchie,MS,5.07
28137,Tate,MS,4.60
28139,Tippah,MS,13.16
28141,Tishomingo,MS,11.35
28143,Tunica,MS,3.25
28145,Union,MS,4.24
28147,Walthall,MS,0.72
28149,Warren,MS,62.11
28151,Washington,MS,18.35
28153,Wayne,MS,6.60
28155,Webster,MS,11.01
28157,Wilkinson,MS,3.72
28159,Winston,MS,20.08
28161,Yalobusha,MS,3.23
28163,Yazoo,MS,21.32
29001,Adair,MO,32.26
29003,Andrew,MO,2.21
29005,Atchison,MO,5.88
29007,Audrain,MO,23.36
29009,Barry,MO,11.90
29011,Barton,MO,7.67
29013,Bates,MO,7.39
29015,Benton,MO,8.76
29017,Bollinger,MO,4.74
29019,Boone,MO,45.87
29021,Buchanan,MO,22.32
29023,Butler,MO,34.84
29025,Caldwell,MO,3.35
29027,Callaway,MO,19.23
29029,Camden,MO,21.10
29031,Cape Girardeau,MO,30.40
29033,Carroll,MO,5.96
29035,Carter,MO,15.08
29037,Cass,MO,14.14
29039,Cedar,MO,8.86
29041,Chariton,MO,6.76
29043,Christian,MO,11.22
29045,Clark,MO,3.01
29047,Clay,MO,17.45
29049,Clinton,MO,3.71
29051,Cole,MO,25.25
29053,Cooper,MO,12.39
29055,Crawford,MO,4.40
29057,Dade,MO,6.48
29059,Dallas,MO,3.94
29061,Daviess,MO,2.34
29063,DeKalb,MO,
29065,Dent,MO,15.02
29067,Douglas,MO,9.81
29069,Dunklin,MO,24.81
29071,Franklin,MO,15.70
29073,Gasconade,MO,6.12
29075,Gentry,MO,3.18
29077,Greene,MO,48.31
29079,Grundy,MO,27.47
29081,Harrison,MO,9.73
29083,Henry,MO,37.74
29085,Hickory,MO,10.32
29087,Holt,MO,4.71
29089,Howard,MO,7.92
29091,Howell,MO,26.04
29093,Iron,MO,12.71
29095,Jackson,MO,31.06
29097,Jasper,MO,26.95
29099,Jefferson,MO,11.55
29101,Johnson,MO,23.31
29103,Knox,MO,5.37
29105,Laclede,MO,17.45
29107,Lafayette,MO,15.67
29109,Lawrence,MO,12.09
29111,Lewis,MO,4.07
29113,Lincoln,MO,10.05
29115,Linn,MO,3.39
29117,Livingston,MO,9.62
29119,McDonald,MO,2.09
29121,Macon,MO,5.93
29123,Madison,MO,17.33
29125,Maries,MO,3.56
29127,Marion,MO,32.47
29129,Mercer,MO,5.76
29131,Miller,MO,6.25
29133,Mississippi,MO,5.92
29135,Moniteau,MO,4.59
29137,Monroe,MO,2.30
29139,Montgomery,MO,4.36
29141,Morgan,MO,4.55
29143,New Madrid,MO,3.24
29145,Newton,MO,4.12
29147,Nodaway,MO,14.97
29149,Oregon,MO,3.44
29151,Osage,MO,1.49
29153,Ozark,MO,1.11
29155,Pemiscot,MO,21.23
29157,Perry,MO,8.97
29159,Pettis,MO,12.41
29161,Phelps,MO,36.63
29163,Pike,MO,7.25
29165,Platte,MO,15.82
29167,Polk,MO,23.20
29169,Pulaski,MO,28.41
29171,Putnam,MO,6.47
29173,Ralls,MO,5.72
29175,Randolph,MO,15.34
29177,Ray,MO,3.88
29179,Reynolds,MO,18.48
29181,Ripley,MO,8.33
29183,St. Charles,MO,23.53
29185,St. Clair,MO,3.08
29186,Ste. Genevieve,MO,10.73
29187,St. Francois,MO,32.05
29189,St. Louis,MO,38.31
29195,Saline,MO,14.33
29197,Schuyler,MO,
29199,Scotland,MO,4.28
29201,Scott,MO,21.37
29203,Shannon,MO,1.38
29205,Shelby,MO,1.69
29207,Stoddard,MO,7.40
29209,Stone,MO,5.21
29211,Sullivan,MO,
29213,Taney,MO,9.51
29215,Texas,MO,3.90
29217,Vernon,MO,41.67
29219,Warren,MO,6.35
29221,Washington,MO,11.05
29223,Wayne,MO,12.02
29225,Webster,MO,8.20
29227,Worth,MO,
29229,Wright,MO,13.40
29510,St. Louis,MO,60.24
30001,Beaverhead,MT,20.24
30003,Big Horn,MT,12.55
30005,Blaine,MT,21.74
30007,Broadwater,MT,7.47
30009,Carbon,MT,10.50
30011,Carter,MT,
30013,Cascade,MT,40.65
30015,Chouteau,MT,11.98
30017,Custer,MT,40.00
30019,Daniels,MT,6.12
30021,Dawson,MT,26.11
30023,Deer Lodge,MT,58.82
30025,Fallon,MT,
30027,Fergus,MT,28.90
30029,Flathead,MT,38.31
30031,Gallatin,MT,47.62
30033,Garfield,MT,8.26
30035,Glacier,MT,27.17
30037,Golden Valley,MT,0.00
30039,Granite,MT,5.56
30041,Hill,MT,40.49
30043,Jefferson,MT,13.02
30045,Judith Basin,MT,4.78
30047,Lake,MT,29.07
30049,Lewis and Clark,MT,59.17
30051,Liberty,MT,
30053,Lincoln,MT,24.69
30055,McCone,MT,
30057,Madison,MT,8.40
30059,Meagher,MT,9.65
30061,Mineral,MT,29.50
30063,Missoula,MT,65.79
30065,Musselshell,MT,3.77
30067,Park,MT,39.06
30069,Petroleum,MT,0.00
30071,Phillips,MT,14.12
30073,Pondera,MT,21.23
30075,Powder River,MT,
30077,Powell,MT,14.03
30079,Prairie,MT,
30081,Ravalli,MT,26.18
30083,Richland,MT,14.33
30085,Roosevelt,MT,20.37
30087,Rosebud,MT,24.51
30089,Sanders,MT,27.78
30091,Sheridan,MT,20.00
30093,Silver Bow,MT,59.52
30095,Stillwater,MT,7.63
30097,Sweet Grass,MT,15.95
30099,Teton,MT,17.09
30101,Toole,MT,23.36
30103,Treasure,MT,0.00
30105,Valley,MT,14.73
30107,Wheatland,MT,14.58
30109,Wibaux,MT,0.00
30111,Yellowstone,MT,45.45
31001,Adams,NE,43.29
31003,Antelope,NE,6.35
31005,Arthur,NE,0.00
31007,Banner,NE,0.00
31009,Blaine,NE,0.00
31011,Boone,NE,9.42
31013,Box Butte,NE,21.51
31015,Boyd,NE,
31017,Brown,NE,7.01
31019,Buffalo,NE,46.95
31021,Burt,NE,1.49
31023,Butler,NE,1.18
31025,Cass,NE,4.74
31027,Cedar,NE,1.21
31029,Chase,NE,
31031,Cherry,NE,5.46
31033,Cheyenne,NE,13.62
31035,Clay,NE,1.64
31037,Colfax,NE,1.89
31039,Cuming,NE,8.97
31041,Custer,NE,12.29
31043,Dakota,NE,25.38
31045,Dawes,NE,34.48
31047,Dawson,NE,16.61
31049,Deuel,NE,
31051,Dixon,NE,1.82
31053,Dodge,NE,22.88
31055,Douglas,NE,52.91
31057,Dundy,NE,
31059,Fillmore,NE,28.82
31061,Franklin,NE,7.08
31063,Frontier,NE,3.87
31065,Furnas,NE,6.58
31067,Gage,NE,18.94
31069,Garden,NE,5.57
31071,Garfield,NE,
31073,Gosper,NE,5.41
31075,Grant,NE,0.00
31077,Greeley,NE,4.51
31079,Hall,NE,44.05
31081,Hamilton,NE,14.68
31083,Harlan,NE,
31085,Hayes,NE,0.00
31087,Hitchcock,NE,
31089,Holt,NE,22.78
31091,Hooker,NE,0.00
31093,Howard,NE,10.73
31095,Jefferson,NE,7.09
31097,Johnson,NE,1.92
31099,Kearney,NE,4.43
31101,Keith,NE,14.79
31103,Keya Paha,NE,0.00
31105,Kimball,NE,
31107,Knox,NE,7.23
31109,Lancaster,NE,44.84
31111,Lincoln,NE,31.45
31113,Logan,NE,0.00
31115,Loup,NE,0.00
31117,McPherson,NE,0.00
31119,Madison,NE,63.29
31121,Merrick,NE,3.87
31123,Morrill,NE,2.22
31125,Nance,NE,
31127,Nemaha,NE,4.24
31129,Nuckolls,NE,12.21
31131,Otoe,NE,13.46
31133,Pawnee,NE,
31135,Perkins,NE,
31137,Phelps,NE,16.56
31139,Pierce,NE,1.37
31141,Platte,NE,23.42
31143,Polk,NE,3.83
31145,Red Willow,NE,24.88
31147,Richardson,NE,13.00
31149,Rock,NE,54.95
31151,Saline,NE,10.99
31153,Sarpy,NE,13.97
31155,Saunders,NE,4.26
31157,Scotts Bluff,NE,31.65
31159,Seward,NE,15.85
31161,Sheridan,NE,34.48
31163,Sherman,NE,3.35
31165,Sioux,NE,8.67
31167,Stanton,NE,1.71
31169,Thayer,NE,6.21
31171,Thomas,NE,0.00
31173,Thurston,NE,48.78
31175,Valley,NE,24.94
31177,Washington,NE,4.26
31179,Wayne,NE,8.10
31181,Webster,NE,5.97
31183,Wheeler,NE,0.00
31185,York,NE,18.12
32001,Churchill,NV,23.64
32003,Clark,NV,25.58
32005,Douglas,NV,16.56
32007,Elko,NV,10.87
32009,Esmeralda,NV,0.00
32011,Eureka,NV,
32013,Humboldt,NV,12.25
32015,Lander,NV,1.73
32017,Lincoln,NV,11.24
32019,Lyon,NV,15.50
32021,Mineral,NV,13.25
32023,Nye,NV,15.08
32027,Pershing,NV,9.43
32029,Storey,NV,14.37
32031,Washoe,NV,37.74
32033,White Pine,NV,43.48
32510,Carson City,NV,30.86
33001,Belknap,NH,54.05
33003,Carroll,NH,27.62
33005,Cheshire,NH,40.49
33007,Coos,NH,23.92
33009,Grafton,NH,59.88
33011,Hillsborough,NH,40.82
33013,Merrimack,NH,54.05
33015,Rockingham,NH,31.95
33017,Strafford,NH,32.89
33019,Sullivan,NH,22.73
34001,Atlantic,NJ,22.99
34003,Bergen,NJ,32.79
34005,Burlington,NJ,112.36
34007,Camden,NJ,40.16
34009,Cape May,NJ,13.64
34011,Cumberland,NJ,13.53
34013,Essex,NJ,28.25
34015,Gloucester,NJ,16.45
34017,Hudson,NJ,10.56
34019,Hunterdon,NJ,30.12
34021,Mercer,NJ,40.98
34023,Middlesex,NJ,23.42
34025,Monmouth,NJ,37.17
34027,Morris,NJ,35.59
34029,Ocean,NJ,21.28
34031,Passaic,NJ,17.99
34033,Salem,NJ,12.85
34035,Somerset,NJ,32.57
34037,Sussex,NJ,25.00
34039,Union,NJ,25.45
34041,Warren,NJ,26.32
35001,Bernalillo,NM,56.82
35003,Catron,NM,7.84
35005,Chaves,NM,15.58
35006,Cibola,NM,37.31
35007,Colfax,NM,102.04
35009,Curry,NM,68.97
35011,De Baca,NM,114.94
35013,Doña Ana,NM,37.45
35015,Eddy,NM,15.11
35017,Grant,NM,65.36
35019,Guadalupe,NM,169.49
35021,Harding,NM,0.00
35023,Hidalgo,NM,17.67
35025,Lea,NM,13.04
35027,Lincoln,NM,54.35
35028,Los Alamos,NM,28.25
35029,Luna,NM,16.58
35031,McKinley,NM,19.19
35033,Mora,NM,16.98
35035,Otero,NM,29.33
35037,Quay,NM,138.89
35039,Rio Arriba,NM,54.64
35041,Roosevelt,NM,30.30
35043,Sandoval,NM,40.32
35045,San Juan,NM,28.17
35047,San Miguel,NM,109.89
35049,Santa Fe,NM,80.00
35051,Sierra,NM,26.11
35053,Socorro,NM,20.04
35055,Taos,NM,86.96
35057,Torrance,NM,17.92
35059,Union,NM,85.47
35061,Valencia,NM,22.88
36001,Albany,NY,45.05
36003,Allegany,NY,26.18
36005,Bronx,NY,27.86
36007,Broome,NY,26.39
36009,Cattaraugus,NY,19.19
36011,Cayuga,NY,22.03
36013,Chautauqua,NY,19.38
36015,Chemung,NY,34.48
36017,Chenango,NY,19.16
36019,Clinton,NY,36.36
36021,Columbia,NY,24.81
36023,Cortland,NY,42.92
36025,Delaware,NY,15.77
36027,Dutchess,NY,34.84
36029,Erie,NY,41.49
36031,Essex,NY,20.41
36033,Franklin,NY,35.21
36035,Fulton,NY,26.39
36037,Genesee,NY,20.16
36039,Greene,NY,10.42
36041,Hamilton,NY,5.90
36043,Herkimer,NY,9.58
36045,Jefferson,NY,24.81
36047,Kings,NY,31.35
36049,Lewis,NY,21.46
36051,Livingston,NY,15.70
36053,Madison,NY,24.81
36055,Monroe,NY,38.31
36057,Montgomery,NY,10.33
36059,Nassau,NY,38.61
36061,New York,NY,111.11
36063,Niagara,NY,17.70
36065,Oneida,NY,22.47
36067,Onondaga,NY,35.34
36069,Ontario,NY,30.03
36071,Orange,NY,28.17
36073,Orleans,NY,7.67
36075,Oswego,NY,18.52
36077,Otsego,NY,22.78
36079,Putnam,NY,47.85
36081,Queens,NY,21.19
36083,Rensselaer,NY,20.92
36085,Richmond,NY,26.60
36087,Rockland,NY,34.36
36089,St. Lawrence,NY,24.75
36091,Saratoga,NY,23.98
36093,Schenectady,NY,28.49
36095,Schoharie,NY,15.95
36097,Schuyler,NY,23.42
36099,Seneca,NY,24.10
36101,Steuben,NY,24.94
36103,Suffolk,NY,33.11
36105,Sullivan,NY,22.12
36107,Tioga,NY,18.02
36109,Tompkins,NY,44.64
36111,Ulster,NY,42.19
36113,Warren,NY,47.62
36115,Washington,NY,18.32
36117,Wayne,NY,12.55
36119,Westchester,NY,49.02
36121,Wyoming,NY,26.32
36123,Yates,NY,11.85
37001,Alamance,NC,19.19
37003,Alexander,NC,9.05
37005,Alleghany,NC,22.94
37007,Anson,NC,8.68
37009,Ashe,NC,17.73
37011,Avery,NC,47.85
37013,Beaufort,NC,20.70
37015,Bertie,NC,7.09
37017,Bladen,NC,10.17
37019,Brunswick,NC,12.56
37021,Buncombe,NC,89.29
37023,Burke,NC,33.00
37025,Cabarrus,NC,34.60
37027,Caldwell,NC,11.05
37029,Camden,NC,5.39
37031,Carteret,NC,20.24
37033,Caswell,NC,7.02
37035,Catawba,NC,27.47
37037,Chatham,NC,17.89
37039,Cherokee,NC,16.69
37041,Chowan,NC,15.85
37043,Clay,NC,15.17
37045,Cleveland,NC,16.37
37047,Columbus,NC,16.75
37049,Craven,NC,32.57
37051,Cumberland,NC,46.51
37053,Currituck,NC,8.23
37055,Dare,NC,21.51
37057,Davidson,NC,12.64
37059,Davie,NC,10.31
37061,Duplin,NC,7.47
37063,Durham,NC,76.92
37065,Edgecombe,NC,7.37
37067,Forsyth,NC,39.06
37069,Franklin,NC,14.03
37071,Gaston,NC,30.21
37073,Gates,NC,
37075,Graham,NC,9.93
37077,Granville,NC,39.53
37079,Greene,NC,6.33
37081,Guilford,NC,35.34
37083,Halifax,NC,17.54
37085,Harnett,NC,11.10
37087,Haywood,NC,40.65
37089,Henderson,NC,27.47
37091,Hertford,NC,26.74
37093,Hoke,NC,20.37
37095,Hyde,NC,2.17
37097,Iredell,NC,26.18
37099,Jackson,NC,47.62
37101,Johnston,NC,11.36
37103,Jones,NC,4.26
37105,Lee,NC,21.79
37107,Lenoir,NC,17.67
37109,Lincoln,NC,8.67
37111,McDowell,NC,21.14
37113,Macon,NC,22.37
37115,Madison,NC,21.28
37117,Martin,NC,12.12
37119,Mecklenburg,NC,41.84
37121,Mitchell,NC,12.67
37123,Montgomery,NC,14.58
37125,Moore,NC,27.32
37127,Nash,NC,15.53
37129,New Hanover,NC,59.17
37131,Northampton,NC,9.57
37133,Onslow,NC,28.90
37135,Orange,NC,82.64
37137,Pamlico,NC,12.08
37139,Pasquotank,NC,26.32
37141,Pender,NC,16.34
37143,Perquimans,NC,6.73
37145,Person,NC,10.82
37147,Pitt,NC,48.54
37149,Polk,NC,22.42
37151,Randolph,NC,12.55
37153,Richmond,NC,26.46
37155,Robeson,NC,28.82
37157,Rockingham,NC,15.58
37159,Rowan,NC,26.04
37161,Rutherford,NC,19.53
37163,Sampson,NC,6.38
37165,Scotland,NC,22.12
37167,Stanly,NC,22.08
37169,Stokes,NC,7.47
37171,Surry,NC,14.97
37173,Swain,NC,41.67
37175,Transylvania,NC,33.33
37177,Tyrrell,NC,2.89
37179,Union,NC,14.75
37181,Vance,NC,29.76
37183,Wake,NC,42.92
37185,Warren,NC,11.68
37187,Washington,NC,10.27
37189,Watauga,NC,52.36
37191,Wayne,NC,28.25
37193,Wilkes,NC,24.21
37195,Wilson,NC,21.93
37197,Yadkin,NC,9.53
37199,Yancey,NC,23.75
38001,Adams,ND,9.24
38003,Barnes,ND,8.39
38005,Benson,ND,3.48
38007,Billings,ND,
38009,Bottineau,ND,3.15
38011,Bowman,ND,
38013,Burke,ND,
38015,Burleigh,ND,33.44
38017,Cass,ND,34.01
38019,Cavalier,ND,2.78
38021,Dickey,ND,4.08
38023,Divide,ND,
38025,Dunn,ND,
38027,Eddy,ND,
38029,Emmons,ND,
38031,Foster,ND,9.07
38033,Golden Valley,ND,28.65
38035,Grand Forks,ND,38.31
38037,Grant,ND,27.10
38039,Griggs,ND,
38041,Hettinger,ND,4.14
38043,Kidder,ND,
38045,LaMoure,ND,2.44
38047,Logan,ND,
38049,McHenry,ND,
38051,McIntosh,ND,4.02
38053,McKenzie,ND,2.81
38055,McLean,ND,4.07
38057,Mercer,ND,8.42
38059,Morton,ND,3.25
38061,Mountrail,ND,6.39
38063,Nelson,ND,
38065,Oliver,ND,
38067,Pembina,ND,3.00
38069,Pierce,ND,5.13
38071,Ramsey,ND,50.51
38073,Ransom,ND,3.57
38075,Renville,ND,
38077,Richland,ND,3.02
38079,Rolette,ND,18.76
38081,Sargent,ND,
38083,Sheridan,ND,
38085,Sioux,ND,5.49
38087,Slope,ND,0.00
38089,Stark,ND,16.98
38091,Steele,ND,
38093,Stutsman,ND,43.48
38095,Towner,ND,29.59
38097,Traill,ND,1.26
38099,Walsh,ND,2.91
38101,Ward,ND,30.30
38103,Wells,ND,
38105,Williams,ND,14.06
39001,Adams,OH,23.64
39003,Allen,OH,31.15
39005,Ashland,OH,25.71
39007,Ashtabula,OH,23.87
39009,Athens,OH,66.67
39011,Auglaize,OH,6.95
39013,Belmont,OH,25.71
39015,Brown,OH,51.28
39017,Butler,OH,29.07
39019,Carroll,OH,5.61
39021,Champaign,OH,11.07
39023,Clark,OH,21.41
39025,Clermont,OH,14.14
39027,Clinton,OH,34.13
39029,Columbiana,OH,16.67
39031,Coshocton,OH,10.85
39033,Crawford,OH,14.20
39035,Cuyahoga,OH,51.02
39037,Darke,OH,9.73
39039,Defiance,OH,22.99
39041,Delaware,OH,15.92
39043,Erie,OH,28.25
39045,Fairfield,OH,20.24
39047,Fayette,OH,16.67
39049,Franklin,OH,46.51
39051,Fulton,OH,15.72
39053,Gallia,OH,51.81
39055,Geauga,OH,27.03
39057,Greene,OH,37.45
39059,Guernsey,OH,26.53
39061,Hamilton,OH,49.75
39063,Hancock,OH,23.15
39065,Hardin,OH,6.92
39067,Harrison,OH,4.24
39069,Henry,OH,13.44
39071,Highland,OH,24.10
39073,Hocking,OH,24.33
39075,Holmes,OH,2.03
39077,Huron,OH,17.18
39079,Jackson,OH,33.11
39081,Jefferson,OH,31.75
39083,Knox,OH,22.12
39085,Lake,OH,31.65
39087,Lawrence,OH,81.30
39089,Licking,OH,16.53
39091,Logan,OH,11.72
39093,Lorain,OH,22.37
39095,Lucas,OH,47.39
39097,Madison,OH,12.56
39099,Mahoning,OH,47.39
39101,Marion,OH,26.53
39103,Medina,OH,19.08
39105,Meigs,OH,13.77
39107,Mercer,OH,10.83
39109,Miami,OH,14.51
39111,Monroe,OH,3.04
39113,Montgomery,OH,40.16
39115,Morgan,OH,19.80
39117,Morrow,OH,8.71
39119,Muskingum,OH,22.73
39121,Noble,OH,11.88
39123,Ottawa,OH,12.56
39125,Paulding,OH,6.41
39127,Perry,OH,18.55
39129,Pickaway,OH,23.42
39131,Pike,OH,135.14
39133,Portage,OH,25.13
39135,Preble,OH,10.11
39137,Putnam,OH,6.14
39139,Richland,OH,48.08
39141,Ross,OH,60.98
39143,Sandusky,OH,18.21
39145,Scioto,OH,91.74
39147,Seneca,OH,17.79
39149,Shelby,OH,9.43
39151,Stark,OH,37.45
39153,Summit,OH,37.88
39155,Trumbull,OH,23.58
39157,Tuscarawas,OH,19.80
39159,Union,OH,13.35
39161,Van Wert,OH,15.34
39163,Vinton,OH,12.82
39165,Warren,OH,25.51
39167,Washington,OH,30.86
39169,Wayne,OH,40.49
39171,Williams,OH,9.84
39173,Wood,OH,22.32
39175,Wyandot,OH,8.39
40001,Adair,OK,23.92
40003,Alfalfa,OK,5.29
40005,Atoka,OK,111.11
40007,Beaver,OK,
40009,Beckham,OK,31.35
40011,Blaine,OK,36.36
40013,Bryan,OK,83.33
40015,Caddo,OK,5.72
40017,Canadian,OK,20.20
40019,Carter,OK,47.85
40021,Cherokee,OK,49.26
40023,Choctaw,OK,82.64
40025,Cimarron,OK,4.56
40027,Cleveland,OK,36.63
40029,Coal,OK,17.09
40031,Comanche,OK,37.88
40033,Cotton,OK,3.68
40035,Craig,OK,58.48
40037,Creek,OK,25.06
40039,Custer,OK,61.73
40041,Delaware,OK,21.10
40043,Dewey,OK,
40045,Ellis,OK,
40047,Garfield,OK,45.66
40049,Garvin,OK,18.18
40051,Grady,OK,13.77
40053,Grant,OK,
40055,Greer,OK,34.72
40057,Harmon,OK,4.18
40059,Harper,OK,6.27
40061,Haskell,OK,28.74
40063,Hughes,OK,13.40
40065,Jackson,OK,25.13
40067,Jefferson,OK,
40069,Johnston,OK,89.29
40071,Kay,OK,25.64
40073,Kingfisher,OK,17.45
40075,Kiowa,OK,15.48
40077,Latimer,OK,71.43
40079,Le Flore,OK,33.44
40081,Lincoln,OK,19.38
40083,Logan,OK,15.65
40085,Love,OK,6.80
40087,McClain,OK,13.39
40089,McCurtain,OK,38.46
40091,McIntosh,OK,15.82
40093,Major,OK,6.60
40095,Marshall,OK,33.78
40097,Mayes,OK,25.84
40099,Murray,OK,9.45
40101,Muskogee,OK,50.25
40103,Noble,OK,7.39
40105,Nowata,OK,25.45
40107,Okfuskee,OK,33.67
40109,Oklahoma,OK,71.43
40111,Okmulgee,OK,33.78
40113,Osage,OK,7.15
40115,Ottawa,OK,54.95
40117,Pawnee,OK,20.79
40119,Payne,OK,34.25
40121,Pittsburg,OK,84.03
40123,Pontotoc,OK,62.11
40125,Pottawatomie,OK,35.97
40127,Pushmataha,OK,103.09
40129,Roger Mills,OK,
40131,Rogers,OK,27.10
40133,Seminole,OK,31.45
40135,Sequoyah,OK,31.25
40137,Stephens,OK,12.50
40139,Texas,OK,18.66
40141,Tillman,OK,24.75
40143,Tulsa,OK,49.26
40145,Wagoner,OK,14.56
40147,Washington,OK,33.33
40149,Washita,OK,4.66
40151,Woods,OK,42.02
40153,Woodward,OK,42.19
41001,Baker,OR,82.64
41003,Benton,OR,136.99
41005,Clackamas,OR,42.74
41007,Clatsop,OR,42.37
41009,Columbia,OR,43.48
41011,Coos,OR,55.87
41013,Crook,OR,53.19
41015,Curry,OR,58.82
41017,Deschutes,OR,68.97
41019,Douglas,OR,42.37
41021,Gilliam,OR,14.81
41023,Grant,OR,60.98
41025,Harney,OR,84.75
41027,Hood River,OR,49.75
41029,Jackson,OR,71.94
41031,Jefferson,OR,32.26
41033,Josephine,OR,96.15
41035,Klamath,OR,58.14
41037,Lake,OR,26.53
41039,Lane,OR,116.28
41041,Lincoln,OR,54.95
41043,Linn,OR,26.39
41045,Malheur,OR,55.56
41047,Marion,OR,48.78
41049,Morrow,OR,101.01
41051,Multnomah,OR,114.94
41053,Polk,OR,31.75
41055,Sherman,OR,
41057,Tillamook,OR,33.22
41059,Umatilla,OR,48.78
41061,Union,OR,48.08
41063,Wallowa,OR,41.67
41065,Wasco,OR,71.94
41067,Washington,OR,60.61
41069,Wheeler,OR,27.86
41071,Yamhill,OR,52.91
42001,Adams,PA,13.02
42003,Allegheny,PA,48.31
42005,Armstrong,PA,16.86
42007,Beaver,PA,16.67
42009,Bedford,PA,15.41
42011,Berks,PA,19.05
42013,Blair,PA,30.40
42015,Bradford,PA,10.21
42017,Bucks,PA,32.36
42019,Butler,PA,23.58
42021,Cambria,PA,24.15
42023,Cameron,PA,4.57
42025,Carbon,PA,8.71
42027,Centre,PA,25.58
42029,Chester,PA,31.25
42031,Clarion,PA,19.19
42033,Clearfield,PA,36.36
42035,Clinton,PA,14.37
42037,Columbia,PA,8.40
42039,Crawford,PA,18.05
42041,Cumberland,PA,24.88
42043,Dauphin,PA,28.90
42045,Delaware,PA,36.63
42047,Elk,PA,10.93
42049,Erie,PA,28.25
42051,Fayette,PA,50.25
42053,Forest,PA,4.65
42055,Franklin,PA,13.76
42057,Fulton,PA,6.22
42059,Greene,PA,14.84
42061,Huntingdon,PA,15.85
42063,Indiana,PA,38.76
42065,Jefferson,PA,11.00
42067,Juniata,PA,2.15
42069,Lackawanna,PA,30.77
42071,Lancaster,PA,20.58
42073,Lawrence,PA,17.27
42075,Lebanon,PA,36.10
42077,Lehigh,PA,25.77
42079,Luzerne,PA,14.97
42081,Lycoming,PA,22.42
42083,McKean,PA,15.17
42085,Mercer,PA,22.03
42087,Mifflin,PA,10.67
42089,Monroe,PA,16.75
42091,Montgomery,PA,45.66
42093,Montour,PA,63.69
42095,Northampton,PA,30.30
42097,Northumberland,PA,6.33
42099,Perry,PA,4.12
42101,Philadelphia,PA,37.17
42103,Pike,PA,9.96
42105,Potter,PA,3.75
42107,Schuylkill,PA,10.71
42109,Snyder,PA,9.07
42111,Somerset,PA,15.92
42113,Sullivan,PA,1.71
42115,Susquehanna,PA,8.14
42117,Tioga,PA,14.68
42119,Union,PA,19.27
42121,Venango,PA,23.47
42123,Warren,PA,14.90
42125,Washington,PA,17.04
42127,Wayne,PA,11.71
42129,Westmoreland,PA,22.37
42131,Wyoming,PA,7.72
42133,York,PA,14.97
44001,Bristol,RI,25.64
44003,Kent,RI,43.86
44005,Newport,RI,40.98
44007,Providence,RI,58.82
44009,Washington,RI,38.02
45001,Abbeville,SC,6.14
45003,Aiken,SC,17.15
45005,Allendale,SC,20.37
45007,Anderson,SC,19.05
45009,Bamberg,SC,6.17
45011,Barnwell,SC,20.04
45013,Beaufort,SC,19.92
45015,Berkeley,SC,16.08
45017,Calhoun,SC,2.11
45019,Charleston,SC,46.73
45021,Cherokee,SC,8.64
45023,Chester,SC,5.59
45025,Chesterfield,SC,13.85
45027,Clarendon,SC,11.93
45029,Colleton,SC,15.17
45031,Darlington,SC,15.87
45033,Dillon,SC,16.61
45035,Dorchester,SC,14.95
45037,Edgefield,SC,6.52
45039,Fairfield,SC,11.75
45041,Florence,SC,30.12
45043,Georgetown,SC,9.59
45045,Greenville,SC,31.15
45047,Greenwood,SC,40.82
45049,Hampton,SC,12.69
45051,Horry,SC,18.05
45053,Jasper,SC,10.73
45055,Kershaw,SC,20.04
45057,Lancaster,SC,6.65
45059,Laurens,SC,8.71
45061,Lee,SC,11.90
45063,Lexington,SC,21.10
45065,McCormick,SC,5.03
45067,Marion,SC,18.25
45069,Marlboro,SC,32.68
45071,Newberry,SC,7.47
45073,Oconee,SC,12.06
45075,Orangeburg,SC,23.31
45077,Pickens,SC,14.68
45079,Richland,SC,41.67
45081,Saluda,SC,5.75
45083,Spartanburg,SC,15.13
45085,Sumter,SC,18.25
45087,Union,SC,10.89
45089,Williamsburg,SC,13.72
45091,York,SC,20.20
46003,Aurora,SD,7.19
46005,Beadle,SD,27.03
46007,Bennett,SD,
46009,Bon Homme,SD,
46011,Brookings,SD,16.13
46013,Brown,SD,45.66
46015,Brule,SD,15.06
46017,Buffalo,SD,26.53
46019,Butte,SD,5.52
46021,Campbell,SD,7.46
46023,Charles Mix,SD,11.90
46025,Clark,SD,
46027,Clay,SD,11.67
46029,Codington,SD,35.84
46031,Corson,SD,10.57
46033,Custer,SD,5.49
46035,Davison,SD,16.05
46037,Day,SD,
46039,Deuel,SD,
46041,Dewey,SD,7.68
46043,Douglas,SD,3.52
46045,Edmunds,SD,
46047,Fall River,SD,63.69
46049,Faulk,SD,
46051,Grant,SD,1.32
46053,Gregory,SD,2.49
46055,Haakon,SD,
46057,Hamlin,SD,
46059,Hand,SD,
46061,Hanson,SD,
46063,Harding,SD,
46065,Hughes,SD,29.50
46067,Hutchinson,SD,4.06
46069,Hyde,SD,
46071,Jackson,SD,7.20
46073,Jerauld,SD,6.02
46075,Jones,SD,0.00
46077,Kingsbury,SD,
46079,Lake,SD,15.41
46081,Lawrence,SD,26.39
46083,Lincoln,SD,31.25
46085,Lyman,SD,5.40
46087,McCook,SD,
46089,McPherson,SD,
46091,Marshall,SD,
46093,Meade,SD,35.84
46095,Mellette,SD,
46097,Miner,SD,
46099,Minnehaha,SD,25.25
46101,Moody,SD,12.41
46102,Oglala Lakota,SD,11.90
46103,Pennington,SD,35.71
46105,Perkins,SD,21.19
46107,Potter,SD,4.14
46109,Roberts,SD,10.78
46111,Sanborn,SD,8.33
46115,Spink,SD,6.49
46117,Stanley,SD,3.29
46119,Sully,SD,
46121,Todd,SD,9.78
46123,Tripp,SD,42.74
46125,Turner,SD,2.22
46127,Union,SD,4.66
46129,Walworth,SD,20.88
46135,Yankton,SD,78.12
46137,Ziebach,SD,
47001,Anderson,TN,11.83
47003,Bedford,TN,7.35
47005,Benton,TN,4.35
47007,Bledsoe,TN,3.32
47009,Blount,TN,17.39
47011,Bradley,TN,15.15
47013,Campbell,TN,5.97
47015,Cannon,TN,2.66
47017,Carroll,TN,5.54
47019,Carter,TN,6.84
47021,Cheatham,TN,8.76
47023,Chester,TN,9.65
47025,Claiborne,TN,2.14
47027,Clay,TN,
47029,Cocke,TN,5.61
47031,Coffee,TN,21.79
47033,Crockett,TN,
47035,Cumberland,TN,4.01
47037,Davidson,TN,43.48
47039,Decatur,TN,12.87
47041,DeKalb,TN,4.71
47043,Dickson,TN,12.17
47045,Dyer,TN,8.22
47047,Fayette,TN,3.17
47049,Fentress,TN,4.06
47051,Franklin,TN,6.27
47053,Gibson,TN,3.92
47055,Giles,TN,6.51
47057,Grainger,TN,2.03
47059,Greene,TN,11.57
47061,Grundy,TN,5.73
47063,Hamblen,TN,22.52
47065,Hamilton,TN,28.09
47067,Hancock,TN,1.44
47069,Hardeman,TN,15.24
47071,Hardin,TN,11.39
47073,Hawkins,TN,2.56
47075,Haywood,TN,0.58
47077,Henderson,TN,5.70
47079,Henry,TN,19.05
47081,Hickman,TN,6.58
47083,Houston,TN,29.76
47085,Humphreys,TN,5.21
47087,Jackson,TN,
47089,Jefferson,TN,6.40
47091,Johnson,TN,8.71
47093,Knox,TN,44.05
47095,Lake,TN,4.73
47097,Lauderdale,TN,2.84
47099,Lawrence,TN,9.54
47101,Lewis,TN,4.59
47103,Lincoln,TN,3.87
47105,Loudon,TN,5.61
47107,McMinn,TN,8.08
47109,McNairy,TN,13.76
47111,Macon,TN,0.37
47113,Madison,TN,31.55
47115,Marion,TN,2.72
47117,Marshall,TN,7.30
47119,Maury,TN,22.03
47121,Meigs,TN,0.73
47123,Monroe,TN,5.97
47125,Montgomery,TN,23.47
47127,Moore,TN,1.48
47129,Morgan,TN,1.85
47131,Obion,TN,4.93
47133,Overton,TN,0.43
47135,Perry,TN,5.62
47137,Pickett,TN,
47139,Polk,TN,2.77
47141,Putnam,TN,26.81
47143,Rhea,TN,3.54
47145,Roane,TN,6.42
47147,Robertson,TN,7.03
47149,Rutherford,TN,13.59
47151,Scott,TN,5.87
47153,Sequatchie,TN,1.75
47155,Sevier,TN,9.16
47157,Shelby,TN,20.28
47159,Smith,TN,2.92
47161,Stewart,TN,3.52
47163,Sullivan,TN,15.06
47165,Sumner,TN,11.53
47167,Tipton,TN,5.97
47169,Trousdale,TN,0.81
47171,Unicoi,TN,2.25
47173,Union,TN,4.34
47175,Van Buren,TN,3.08
47177,Warren,TN,9.38
47179,Washington,TN,42.55
47181,Wayne,TN,7.47
47183,Weakley,TN,4.23
47185,White,TN,8.02
47187,Williamson,TN,27.25
47189,Wilson,TN,9.04
48001,Anderson,TX,6.23
48003,Andrews,TX,1.61
48005,Angelina,TX,16.50
48007,Aransas,TX,9.46
48009,Archer,TX,1.11
48011,Armstrong,TX,
48013,Atascosa,TX,6.57
48015,Austin,TX,4.42
48017,Bailey,TX,4.50
48019,Bandera,TX,19.46
48021,Bastrop,TX,7.49
48023,Baylor,TX,
48025,Bee,TX,5.19
48027,Bell,TX,27.93
48029,Bexar,TX,24.75
48031,Blanco,TX,3.83
48033,Borden,TX,0.00
48035,Bosque,TX,4.74
48037,Bowie,TX,13.74
48039,Brazoria,TX,11.74
48041,Brazos,TX,14.99
48043,Brewster,TX,17.86
48045,Briscoe,TX,
48047,Brooks,TX,2.92
48049,Brown,TX,20.41
48051,Burleson,TX,1.03
48053,Burnet,TX,8.89
48055,Caldwell,TX,8.22
48057,Calhoun,TX,2.54
48059,Callahan,TX,0.70
48061,Cameron,TX,9.73
48063,Camp,TX,6.93
48065,Carson,TX,5.10
48067,Cass,TX,3.49
48069,Castro,TX,1.38
48071,Chambers,TX,4.08
48073,Cherokee,TX,11.11
48075,Childress,TX,10.31
48077,Clay,TX,2.79
48079,Cochran,TX,
48081,Coke,TX,
48083,Coleman,TX,1.28
48085,Collin,TX,18.25
48087,Collingsworth,TX,7.80
48089,Colorado,TX,3.79
48091,Comal,TX,18.66
48093,Comanche,TX,5.69
48095,Concho,TX,3.03
48097,Cooke,TX,6.85
48099,Coryell,TX,7.42
48101,Cottle,TX,
48103,Crane,TX,
48105,Crockett,TX,
48107,Crosby,TX,4.07
48109,Culberson,TX,4.55
48111,Dallam,TX,4.15
48113,Dallas,TX,21.98
48115,Dawson,TX,0.83
48117,Deaf Smith,TX,1.09
48119,Delta,TX,5.43
48121,Denton,TX,18.08
48123,DeWitt,TX,3.01
48125,Dickens,TX,5.84
48127,Dimmit,TX,3.63
48129,Donley,TX,
48131,Duval,TX,1.04
48133,Eastland,TX,5.54
48135,Ector,TX,5.65
48137,Edwards,TX,7.18
48139,Ellis,TX,10.78
48141,El Paso,TX,13.99
48143,Erath,TX,13.12
48145,Falls,TX,1.74
48147,Fannin,TX,10.38
48149,Fayette,TX,5.10
48151,Fisher,TX,
48153,Floyd,TX,3.93
48155,Foard,TX,
48157,Fort Bend,TX,11.89
48159,Franklin,TX,3.73
48161,Freestone,TX,3.42
48163,Frio,TX,3.34
48165,Gaines,TX,2.22
48167,Galveston,TX,15.87
48169,Garza,TX,2.21
48171,Gillespie,TX,9.37
48173,Glasscock,TX,
48175,Goliad,TX,1.40
48177,Gonzales,TX,4.01
48179,Gray,TX,4.30
48181,Grayson,TX,15.46
48183,Gregg,TX,23.98
48185,Grimes,TX,2.16
48187,Guadalupe,TX,6.05
48189,Hale,TX,15.43
48191,Hall,TX,
48193,Hamilton,TX,10.44
48195,Hansford,TX,7.89
48197,Hardeman,TX,11.45
48199,Hardin,TX,5.49
48201,Harris,TX,17.76
48203,Harrison,TX,5.50
48205,Hartley,TX,1.94
48207,Haskell,TX,13.00
48209,Hays,TX,13.48
48211,Hemphill,TX,9.41
48213,Henderson,TX,6.73
48215,Hidalgo,TX,9.12
48217,Hill,TX,4.20
48219,Hockley,TX,8.39
48221,Hood,TX,12.55
48223,Hopkins,TX,8.90
48225,Houston,TX,4.08
48227,Howard,TX,22.94
48229,Hudspeth,TX,
48231,Hunt,TX,8.55
48233,Hutchinson,TX,4.49
48235,Irion,TX,
48237,Jack,TX,2.25
48239,Jackson,TX,3.29
48241,Jasper,TX,5.51
48243,Jeff Davis,TX,21.55
48245,Jefferson,TX,13.87
48247,Jim Hogg,TX,
48249,Jim Wells,TX,10.60
48251,Johnson,TX,9.85
48253,Jones,TX,2.45
48255,Karnes,TX,1.33
48257,Kaufman,TX,10.66
48259,Kendall,TX,23.75
48261,Kenedy,TX,0.00
48263,Kent,TX,0.00
48265,Kerr,TX,33.90
48267,Kimble,TX,9.00
48269,King,TX,0.00
48271,Kinney,TX,
48273,Kleberg,TX,6.65
48275,Knox,TX,
48277,Lamar,TX,12.52
48279,Lamb,TX,3.93
48281,Lampasas,TX,8.17
48283,La Salle,TX,7.65
48285,Lavaca,TX,3.40
48287,Lee,TX,4.39
48289,Leon,TX,3.63
48291,Liberty,TX,2.96
48293,Limestone,TX,5.39
48295,Lipscomb,TX,
48297,Live Oak,TX,1.73
48299,Llano,TX,6.12
48301,Loving,TX,0.00
48303,Lubbock,TX,22.22
48305,Lynn,TX,5.21
48307,McCulloch,TX,2.68
48309,McLennan,TX,21.51
48311,McMullen,TX,17.61
48313,Madison,TX,2.18
48315,Marion,TX,2.09
48317,Martin,TX,
48319,Mason,TX,7.63
48321,Matagorda,TX,5.50
48323,Maverick,TX,3.64
48325,Medina,TX,5.84
48327,Menard,TX,
48329,Midland,TX,9.99
48331,Milam,TX,2.31
48333,Mills,TX,13.19
48335,Mitchell,TX,
48337,Montague,TX,1.85
48339,Montgomery,TX,12.87
48341,Moore,TX,3.78
48343,Morris,TX,3.31
48345,Motley,TX,
48347,Nacogdoches,TX,15.46
48349,Navarro,TX,7.55
48351,Newton,TX,2.49
48353,Nolan,TX,9.09
48355,Nueces,TX,16.42
48357,Ochiltree,TX,2.06
48359,Oldham,TX,28.01
48361,Orange,TX,3.73
48363,Palo Pinto,TX,2.69
48365,Panola,TX,2.63
48367,Parker,TX,7.26
48369,Parmer,TX,1.04
48371,Pecos,TX,2.74
48373,Polk,TX,6.46
48375,Potter,TX,30.58
48377,Presidio,TX,8.63
48379,Rains,TX,5.39
48381,Randall,TX,13.23
48383,Reagan,TX,
48385,Real,TX,3.50
48387,Red River,TX,3.42
48389,Reeves,TX,
48391,Refugio,TX,
48393,Roberts,TX,0.00
48395,Robertson,TX,2.32
48397,Rockwall,TX,18.66
48399,Runnels,TX,5.07
48401,Rusk,TX,3.01
48403,Sabine,TX,2.97
48405,San Augustine,TX,2.55
48407,San Jacinto,TX,1.73
48409,San Patricio,TX,4.95
48411,San Saba,TX,3.42
48413,Schleicher,TX,8.36
48415,Scurry,TX,5.55
48417,Shackelford,TX,3.10
48419,Shelby,TX,7.86
48421,Sherman,TX,
48423,Smith,TX,18.52
48425,Somervell,TX,5.06
48427,Starr,TX,3.18
48429,Stephens,TX,6.42
48431,Sterling,TX,
48433,Stonewall,TX,16.42
48435,Sutton,TX,
48437,Swisher,TX,
48439,Tarrant,TX,19.65
48441,Taylor,TX,23.31
48443,Terrell,TX,0.00
48445,Terry,TX,0.87
48447,Throckmorton,TX,6.55
48449,Titus,TX,9.25
48451,Tom Green,TX,21.60
48453,Travis,TX,40.32
48455,Trinity,TX,4.22
48457,Tyler,TX,3.43
48459,Upshur,TX,4.62
48461,Upton,TX,
48463,Uvalde,TX,8.41
48465,Val Verde,TX,6.50
48467,Van Zandt,TX,4.06
48469,Victoria,TX,17.89
48471,Walker,TX,6.28
48473,Waller,TX,3.15
48475,Ward,TX,1.82
48477,Washington,TX,8.92
48479,Webb,TX,5.87
48481,Wharton,TX,5.99
48483,Wheeler,TX,8.33
48485,Wichita,TX,22.12
48487,Wilbarger,TX,19.16
48489,Willacy,TX,4.49
48491,Williamson,TX,17.86
48493,Wilson,TX,4.98
48495,Winkler,TX,
48497,Wise,TX,7.30
48499,Wood,TX,5.84
48501,Yoakum,TX,4.02
48503,Young,TX,8.28
48505,Zapata,TX,
48507,Zavala,TX,6.44
49001,Beaver,UT,8.29
49003,Box Elder,UT,46.08
49005,Cache,UT,23.81
49007,Carbon,UT,24.75
49009,Daggett,UT,0.00
49011,Davis,UT,27.10
49013,Duchesne,UT,20.49
49015,Emery,UT,8.87
49017,Garfield,UT,13.18
49019,Grand,UT,33.00
49021,Iron,UT,30.49
49023,Juab,UT,50.76
49025,Kane,UT,22.57
49027,Millard,UT,17.86
49029,Morgan,UT,2.31
49031,Piute,UT,45.25
49033,Rich,UT,3.75
49035,Salt Lake,UT,58.48
49037,San Juan,UT,18.12
49039,Sanpete,UT,97.09
49041,Sevier,UT,27.78
49043,Summit,UT,27.10
49045,Tooele,UT,11.82
49047,Uintah,UT,18.02
49049,Utah,UT,34.36
49051,Wasatch,UT,12.92
49053,Washington,UT,34.48
49055,Wayne,UT,68.97
49057,Weber,UT,30.03
50001,Addison,VT,37.17
50003,Bennington,VT,52.08
50005,Caledonia,VT,43.10
50007,Chittenden,VT,81.30
50009,Essex,VT,6.65
50011,Franklin,VT,30.21
50013,Grand Isle,VT,9.37
50015,Lamoille,VT,52.91
50017,Orange,VT,41.49
50019,Orleans,VT,31.95
50021,Rutland,VT,39.06
50023,Washington,VT,65.36
50025,Windham,VT,84.03
50027,Windsor,VT,59.52
51001,Accomack,VA,13.53
51003,Albemarle,VA,23.26
51005,Alleghany,VA,3.43
51007,Amelia,VA,6.68
51009,Amherst,VA,6.37
51011,Appomattox,VA,5.93
51013,Arlington,VA,28.82
51015,Augusta,VA,8.43
51017,Bath,VA,2.47
51019,Bedford,VA,12.52
51021,Bland,VA,8.09
51023,Botetourt,VA,5.86
51025,Brunswick,VA,8.89
51027,Buchanan,VA,5.24
51029,Buckingham,VA,6.48
51031,Campbell,VA,3.08
51033,Caroline,VA,4.60
51035,Carroll,VA,5.81
51036,Charles City,VA,4.54
51037,Charlotte,VA,7.94
51041,Chesterfield,VA,26.74
51043,Clarke,VA,9.05
51045,Craig,VA,
51047,Culpeper,VA,21.46
51049,Cumberland,VA,7.09
51051,Dickenson,VA,8.80
51053,Dinwiddie,VA,2.47
51057,Essex,VA,6.61
51059,Fairfax,VA,27.47
51061,Fauquier,VA,13.44
51063,Floyd,VA,11.48
51065,Fluvanna,VA,11.25
51067,Franklin,VA,12.24
51069,Frederick,VA,10.20
51071,Giles,VA,4.25
51073,Gloucester,VA,22.22
51075,Goochland,VA,11.76
51077,Grayson,VA,5.23
51079,Greene,VA,11.74
51081,Greensville,VA,8.98
51083,Halifax,VA,12.56
51085,Hanover,VA,22.78
51087,Henrico,VA,42.19
51089,Henry,VA,2.41
51091,Highland,VA,21.37
51093,Isle of Wight,VA,6.88
51095,James City,VA,44.25
51097,King and Queen,VA,
51099,King George,VA,7.35
51101,King William,VA,6.83
51103,Lancaster,VA,10.13
51105,Lee,VA,16.10
51107,Loudoun,VA,21.32
51109,Louisa,VA,5.36
51111,Lunenburg,VA,8.31
51113,Madison,VA,4.25
51115,Mathews,VA,11.75
51117,Mecklenburg,VA,13.05
51119,Middlesex,VA,7.32
51121,Montgomery,VA,35.59
51125,Nelson,VA,13.61
51127,New Kent,VA,14.53
51131,Northampton,VA,12.48
51133,Northumberland,VA,2.42
51135,Nottoway,VA,12.21
51137,Orange,VA,7.78
51139,Page,VA,5.48
51141,Patrick,VA,6.85
51143,Pittsylvania,VA,3.02
51145,Powhatan,VA,5.61
51147,Prince Edward,VA,29.94
51149,Prince George,VA,15.15
51153,Prince William,VA,17.57
51155,Pulaski,VA,5.05
51157,Rappahannock,VA,10.79
51159,Richmond,VA,18.52
51161,Roanoke,VA,33.00
51163,Rockbridge,VA,0.45
51165,Rockingham,VA,3.23
51167,Russell,VA,10.99
51169,Scott,VA,15.41
51171,Shenandoah,VA,8.18
51173,Smyth,VA,22.57
51175,Southampton,VA,
51177,Spotsylvania,VA,12.36
51179,Stafford,VA,12.82
51181,Surry,VA,4.55
51183,Sussex,VA,1.86
51185,Tazewell,VA,28.41
51187,Warren,VA,12.20
51191,Washington,VA,24.45
51193,Westmoreland,VA,1.58
51195,Wise,VA,15.06
51197,Wythe,VA,26.67
51199,York,VA,13.95
51510,Alexandria,VA,49.26
51520,Bristol,VA,13.68
51530,Buena Vista,VA,7.62
51540,Charlottesville,VA,120.48
51550,Chesapeake,VA,21.05
51570,Colonial Heights,VA,25.58
51580,Covington,VA,34.25
51590,Danville,VA,41.32
51595,Emporia,VA,45.66
51600,Fairfax,VA,222.22
51610,Falls Church,VA,166.67
51620,Franklin,VA,25.19
51630,Fredericksburg,VA,86.21
51640,Galax,VA,92.59
51650,Hampton,VA,38.76
51660,Harrisonburg,VA,72.46
51670,Hopewell,VA,15.38
51678,Lexington,VA,84.75
51680,Lynchburg,VA,75.76
51683,Manassas,VA,37.88
51685,Manassas Park,VA,
51690,Martinsville,VA,51.55
51700,Newport News,VA,22.22
51710,Norfolk,VA,32.79
51720,Norton,VA,48.78
51730,Petersburg,VA,59.88
51735,Poquoson,VA,7.91
51740,Portsmouth,VA,34.84
51750,Radford,VA,25.91
51760,Richmond,VA,52.36
51770,Roanoke,VA,44.64
51775,Salem,VA,87.72
51790,Staunton,VA,78.12
51800,Suffolk,VA,17.57
51810,Virginia Beach,VA,27.25
51820,Waynesboro,VA,19.84
51830,Williamsburg,VA,3.79
51840,Winchester,VA,81.97
53001,Adams,WA,19.69
53003,Asotin,WA,52.36
53005,Benton,WA,38.76
53007,Chelan,WA,59.17
53009,Clallam,WA,49.02
53011,Clark,WA,47.17
53013,Columbia,WA,34.48
53015,Cowlitz,WA,57.14
53017,Douglas,WA,6.70
53019,Ferry,WA,32.05
53021,Franklin,WA,15.46
53023,Garfield,WA,4.23
53025,Grant,WA,26.53
53027,Grays Harbor,WA,50.25
53029,Island,WA,32.79
53031,Jefferson,WA,53.19
53033,King,WA,63.69
53035,Kitsap,WA,48.78
53037,Kittitas,WA,22.42
53039,Klickitat,WA,19.08
53041,Lewis,WA,64.94
53043,Lincoln,WA,15.34
53045,Mason,WA,27.93
53047,Okanogan,WA,35.71
53049,Pacific,WA,51.28
53051,Pend Oreille,WA,33.44
53053,Pierce,WA,60.24
53055,San Juan,WA,44.64
53057,Skagit,WA,56.82
53059,Skamania,WA,17.39
53061,Snohomish,WA,46.30
53063,Spokane,WA,63.29
53065,Stevens,WA,48.08
53067,Thurston,WA,56.82
53069,Wahkiakum,WA,27.25
53071,Walla Walla,WA,38.91
53073,Whatcom,WA,63.29
53075,Whitman,WA,19.80
53077,Yakima,WA,40.82
54001,Barbour,WV,12.36
54003,Berkeley,WV,20.75
54005,Boone,WV,4.37
54007,Braxton,WV,9.86
54009,Brooke,WV,4.68
54011,Cabell,WV,38.61
54013,Calhoun,WV,5.04
54015,Clay,WV,10.28
54017,Doddridge,WV,1.30
54019,Fayette,WV,8.96
54021,Gilmer,WV,4.14
54023,Grant,WV,13.74
54025,Greenbrier,WV,15.55
54027,Hampshire,WV,9.73
54029,Hancock,WV,18.48
54031,Hardy,WV,7.72
54033,Harrison,WV,33.67
54035,Jackson,WV,9.43
54037,Jefferson,WV,13.72
54039,Kanawha,WV,31.85
54041,Lewis,WV,21.83
54043,Lincoln,WV,7.62
54045,Logan,WV,12.97
54047,McDowell,WV,4.59
54049,Marion,WV,14.33
54051,Marshall,WV,2.72
54053,Mason,WV,3.63
54055,Mercer,WV,16.53
54057,Mineral,WV,8.56
54059,Mingo,WV,24.04
54061,Monongalia,WV,39.06
54063,Monroe,WV,7.27
54065,Morgan,WV,7.93
54067,Nicholas,WV,14.06
54069,Ohio,WV,40.00
54071,Pendleton,WV,8.29
54073,Pleasants,WV,8.08
54075,Pocahontas,WV,6.44
54077,Preston,WV,3.81
54079,Putnam,WV,10.88
54081,Raleigh,WV,29.41
54083,Randolph,WV,13.16
54085,Ritchie,WV,4.90
54087,Roane,WV,8.01
54089,Summers,WV,16.39
54091,Taylor,WV,6.71
54093,Tucker,WV,13.62
54095,Tyler,WV,2.53
54097,Upshur,WV,11.05
54099,Wayne,WV,24.39
54101,Webster,WV,4.97
54103,Wetzel,WV,13.68
54105,Wirt,WV,8.00
54107,Wood,WV,20.37
54109,Wyoming,WV,5.92
55001,Adams,WI,7.46
55003,Ashland,WI,40.98
55005,Barron,WI,10.25
55007,Bayfield,WI,23.87
55009,Brown,WI,26.18
55011,Buffalo,WI,1.49
55013,Burnett,WI,11.11
55015,Calumet,WI,3.38
55017,Chippewa,WI,10.15
55019,Clark,WI,6.33
55021,Columbia,WI,14.29
55023,Crawford,WI,11.92
55025,Dane,WI,50.76
55027,Dodge,WI,13.50
55029,Door,WI,12.76
55031,Douglas,WI,18.32
55033,Dunn,WI,22.73
55035,Eau Claire,WI,41.15
55037,Florence,WI,2.14
55039,Fond du Lac,WI,17.61
55041,Forest,WI,17.15
55043,Grant,WI,17.70
55045,Green,WI,15.15
55047,Green Lake,WI,10.34
55049,Iowa,WI,7.93
55051,Iron,WI,16.05
55053,Jackson,WI,17.27
55055,Jefferson,WI,11.89
55057,Juneau,WI,22.17
55059,Kenosha,WI,17.67
55061,Kewaunee,WI,8.70
55063,La Crosse,WI,39.22
55065,Lafayette,WI,18.87
55067,Langlade,WI,11.34
55069,Lincoln,WI,7.04
55071,Manitowoc,WI,14.75
55073,Marathon,WI,24.33
55075,Marinette,WI,16.16
55077,Marquette,WI,8.21
55078,Menominee,WI,33.11
55079,Milwaukee,WI,39.06
55081,Monroe,WI,25.13
55083,Oconto,WI,5.28
55085,Oneida,WI,29.59
55087,Outagamie,WI,29.50
55089,Ozaukee,WI,30.67
55091,Pepin,WI,2.69
55093,Pierce,WI,8.14
55095,Polk,WI,21.65
55097,Portage,WI,16.61
55099,Price,WI,9.93
55101,Racine,WI,17.61
55103,Richland,WI,15.13
55105,Rock,WI,22.83
55107,Rusk,WI,7.07
55109,St. Croix,WI,18.90
55111,Sauk,WI,20.16
55113,Sawyer,WI,32.36
55115,Shawano,WI,17.76
55117,Sheboygan,WI,18.08
55119,Taylor,WI,12.47
55121,Trempealeau,WI,5.82
55123,Vernon,WI,17.33
55125,Vilas,WI,10.47
55127,Walworth,WI,14.93
55129,Washburn,WI,14.77
55131,Washington,WI,14.84
55133,Waukesha,WI,31.45
55135,Waupaca,WI,10.71
55137,Waushara,WI,15.65
55139,Winnebago,WI,29.94
55141,Wood,WI,19.88
56001,Albany,WY,61.73
56003,Big Horn,WY,16.64
56005,Campbell,WY,24.63
56007,Carbon,WY,28.57
56009,Converse,WY,25.32
56011,Crook,WY,5.27
56013,Fremont,WY,28.17
56015,Goshen,WY,62.50
56017,Hot Springs,WY,32.15
56019,Johnson,WY,31.95
56021,Laramie,WY,48.54
56023,Lincoln,WY,13.89
56025,Natrona,WY,50.00
56027,Niobrara,WY,8.50
56029,Park,WY,40.32
56031,Platte,WY,26.88
56033,Sheridan,WY,52.91
56035,Sublette,WY,11.15
56037,Sweetwater,WY,25.00
56039,Teton,WY,64.52
56041,Uinta,WY,38.02
56043,Washakie,WY,45.45
56045,Weston,WY,17.64
