geoid,county,state,pcp_per_10k
01001,Autauga,AL,4.40
01003,Baldwin,AL,6.27
01005,Barbour,AL,4.01
01007,Bibb,AL,6.68
01009,Blount,AL,2.03
01011,Bullock,AL,1.94
01013,Butler,AL,2.65
01015,Calhoun,AL,5.87
01017,Chambers,AL,4.05
01019,Cherokee,AL,4.40
01021,Chilton,AL,2.21
01023,Choctaw,AL,3.99
01025,Clarke,AL,3.95
01027,Clay,AL,2.82
01029,Cleburne,AL,2.65
01031,Coffee,AL,5.17
01033,Colbert,AL,6.61
01035,Conecuh,AL,4.41
01037,Coosa,AL,
01039,Covington,AL,4.80
01041,Crenshaw,AL,2.29
01043,Cullman,AL,4.81
01045,Dale,AL,2.84
01047,Dallas,AL,7.18
01049,DeKalb,AL,4.04
01051,Elmore,AL,2.24
01053,Escambia,AL,3.00
01055,Etowah,AL,7.37
01057,Fayette,AL,9.91
01059,Franklin,AL,4.06
01061,Geneva,AL,3.00
01063,Greene,AL,3.93
01065,Hale,AL,2.03
01067,Henry,AL,3.44
01069,Houston,AL,8.19
01071,Jackson,AL,5.12
01073,Jefferson,AL,11.11
01075,Lamar,AL,
01077,Lauderdale,AL,5.42
01079,Lawrence,AL,1.81
01081,Lee,AL,4.97
01083,Limestone,AL,3.44
01085,Lowndes,AL,1.00
01087,Macon,AL,3.18
01089,Madison,AL,8.55
01091,Marengo,AL,4.21
01093,Marion,AL,2.39
01095,Marshall,AL,5.50
01097,Mobile,AL,7.12
01099,Monroe,AL,4.58
01101,Montgomery,AL,9.67
01103,Morgan,AL,5.09
01105,Perry,AL,3.59
01107,Pickens,AL,3.72
01109,Pike,AL,4.24
01111,Randolph,AL,2.73
01113,Russell,AL,1.70
01115,St. Clair,AL,1.83
01117,Shelby,AL,7.71
01119,Sumter,AL,5.75
01121,Talladega,AL,2.58
01123,Tallapoosa,AL,4.63
01125,Tuscaloosa,AL,6.30
01127,Walker,AL,4.63
01129,Washington,AL,0.66
01131,Wilcox,AL,0.96
01133,Winston,AL,3.81
02013,Aleutians East,AK,
02016,Aleutians West,AK,5.93
02020,Anchorage,AK,11.63
02050,Bethel,AK,8.62
02060,Bristol Bay,AK,0.00
02068,Denali,AK,6.28
02070,Dillingham,AK,25.13
02090,Fairbanks North Star,AK,8.58
02100,Haines,AK,28.99
02105,Hoonah-Angoon,AK,
02110,Juneau,AK,12.82
02122,Kenai Peninsula,AK,8.03
02130,Ketchikan Gateway,AK,12.36
02150,Kodiak Island,AK,14.08
02158,Kusilvak,AK,
02164,Lake and Peninsula,AK,0.00
02170,Matanuska-Susitna,AK,4.88
02180,Nome,AK,13.18
02185,North Slope,AK,3.65
02188,Northwest Arctic,AK,7.94
02195,Petersburg,AK,14.90
02198,Prince of Wales-Hyder,AK,17.45
02220,Sitka,AK,21.41
02230,Skagway,AK,0.00
02240,Southeast Fairbanks,AK,5.74
02261,Valdez-Cordova,AK,
02275,Wrangell,AK,14.60
02282,Yakutat,AK,0.00
02290,Yukon-Koyukuk,AK,1.90
04001,Apache,AZ,4.12
04003,Cochise,AZ,5.79
04005,Coconino,AZ,8.20
04007,Gila,AZ,4.48
04009,Graham,AZ,4.10
04011,Greenlee,AZ,6.38
04012,La Paz,AZ,3.66
04013,Maricopa,AZ,6.99
04015,Mohave,AZ,5.33
04017,Navajo,AZ,6.29
04019,Pima,AZ,8.70
04021,Pinal,AZ,1.78
04023,Santa Cruz,AZ,3.76
04025,Yavapai,AZ,5.53
04027,Yuma,AZ,4.25
05001,Arkansas,AR,4.78
05003,Ashley,AR,4.28
05005,Baxter,AR,8.54
05007,Benton,AR,5.96
05009,Boone,AR,6.08
05011,Bradley,AR,5.76
05013,Calhoun,AR,2.11
05015,Carroll,AR,6.68
05017,Chicot,AR,5.99
05019,Clark,AR,4.69
05021,Clay,AR,0.70
05023,Cleburne,AR,6.80
05025,Cleveland,AR,
05027,Columbia,AR,6.18
05029,Conway,AR,5.75
05031,Craighead,AR,12.30
05033,Crawford,AR,3.48
05035,Crittenden,AR,2.74
05037,Cross,AR,4.20
05039,Dallas,AR,1.59
05041,Desha,AR,4.51
05043,Drew,AR,9.35
05045,Faulkner,AR,5.91
05047,Franklin,AR,3.49
05049,Fulton,AR,4.12
05051,Garland,AR,8.27
05053,Grant,AR,1.11
05055,Greene,AR,4.97
05057,Hempstead,AR,2.54
05059,Hot Spring,AR,2.41
05061,Howard,AR,4.73
05063,Independence,AR,7.69
05065,Izard,AR,2.88
05067,Jackson,AR,3.57
05069,Jefferson,AR,7.29
05071,Johnson,AR,5.42
05073,Lafayette,AR,3.24
05075,Lawrence,AR,3.07
05077,Lee,AR,1.16
05079,Lincoln,AR,0.77
05081,Little River,AR,1.67
05083,Logan,AR,1.89
05085,Lonoke,AR,1.47
05087,Madison,AR,2.95
05089,Marion,AR,2.94
05091,Miller,AR,6.80
05093,Mississippi,AR,3.53
05095,Monroe,AR,4.49
05097,Montgomery,AR,2.32
05099,Nevada,AR,2.44
05101,Newton,AR,
05103,Ouachita,AR,5.83
05105,Perry,AR,2.01
05107,Phillips,AR,6.29
05109,Pike,AR,3.97
05111,Poinsett,AR,0.88
05113,Polk,AR,7.75
05115,Pope,AR,6.43
05117,Prairie,AR,1.23
05119,Pulaski,AR,11.79
05121,Randolph,AR,5.30
05123,St. Francis,AR,5.72
05125,Saline,AR,3.91
05127,Scott,AR,2.04
05129,Searcy,AR,2.54
05131,Sebastian,AR,13.09
05133,Sevier,AR,4.43
05135,Sharp,AR,2.27
05137,Stone,AR,4.81
05139,Union,AR,6.26
05141,Van Buren,AR,2.55
05143,Washington,AR,8.00
05145,White,AR,6.61
05147,Woodruff,AR,3.27
05149,Yell,AR,5.95
06001,Alameda,CA,11.20
06003,Alpine,CA,0.00
06005,Amador,CA,4.60
06007,Butte,CA,5.86
06009,Calaveras,CA,3.89
06011,Colusa,CA,2.74
06013,Contra Costa,CA,10.14
06015,Del Norte,CA,6.05
06017,El Dorado,CA,7.56
06019,Fresno,CA,6.76
06021,Glenn,CA,1.74
06023,Humboldt,CA,6.09
06025,Imperial,CA,2.50
06027,Inyo,CA,6.85
06029,Kern,CA,4.78
06031,Kings,CA,3.71
06033,Lake,CA,4.22
06035,Lassen,CA,2.71
06037,Los Angeles,CA,7.54
06039,Madera,CA,4.71
06041,Marin,CA,14.90
06043,Mariposa,CA,2.33
06045,Mendocino,CA,7.78
06047,Merced,CA,4.19
06049,Modoc,CA,4.62
06051,Mono,CA,8.31
06053,Monterey,CA,6.47
06055,Napa,CA,9.84
06057,Nevada,CA,7.25
06059,Orange,CA,9.96
06061,Placer,CA,12.20
06063,Plumas,CA,7.53
06065,Riverside,CA,4.62
06067,Sacramento,CA,8.90
06069,San Benito,CA,2.70
06071,San Bernardino,CA,5.89
06073,San Diego,CA,8.44
06075,San Francisco,CA,16.39
06077,San Joaquin,CA,5.85
06079,San Luis Obispo,CA,8.30
06081,San Mateo,CA,10.89
06083,Santa Barbara,CA,7.66
06085,Santa Clara,CA,10.70
06087,Santa Cruz,CA,10.24
06089,Shasta,CA,7.79
06091,Sierra,CA,
06093,Siskiyou,CA,7.48
06095,Solano,CA,8.39
06097,Sonoma,CA,10.16
06099,Stanislaus,CA,6.54
06101,Sutter,CA,7.57
06103,Tehama,CA,5.34
06105,Trinity,CA,1.87
06107,Tulare,CA,4.63
06109,Tuolumne,CA,6.27
06111,Ventura,CA,8.13
06113,Yolo,CA,12.35
06115,Yuba,CA,2.04
08001,Adams,CO,5.19
08003,Alamosa,CO,7.25
08005,Arapahoe,CO,8.29
08007,Archuleta,CO,8.70
08009,Baca,CO,5.69
08011,Bent,CO,
08013,Boulder,CO,11.99
08014,Broomfield,CO,11.68
08015,Chaffee,CO,9.46
08017,Cheyenne,CO,0.00
08019,Clear Creek,CO,2.12
08021,Conejos,CO,1.31
08023,Costilla,CO,
08025,Crowley,CO,
08027,Custer,CO,1.98
08029,Delta,CO,6.32
08031,Denver,CO,13.04
08033,Dolores,CO,4.17
08035,Douglas,CO,6.99
08037,Eagle,CO,7.89
08039,Elbert,CO,1.11
08041,El Paso,CO,6.32
08043,Fremont,CO,4.63
08045,Garfield,CO,7.56
08047,Gilpin,CO,3.40
08049,Grand,CO,5.68
08051,Gunnison,CO,8.68
08053,Hinsdale,CO,0.00
08055,Huerfano,CO,7.23
08057,Jackson,CO,7.34
08059,Jefferson,CO,8.83
08061,Kiowa,CO,0.00
08063,Kit Carson,CO,4.32
08065,Lake,CO,4.05
08067,La Plata,CO,13.16
08069,Larimer,CO,8.31
08071,Las Animas,CO,5.47
08073,Lincoln,CO,10.55
08075,Logan,CO,6.51
08077,Mesa,CO,11.70
08079,Mineral,CO,10.82
08081,Moffat,CO,2.28
08083,Montezuma,CO,10.32
08085,Montrose,CO,8.57
08087,Morgan,CO,5.52
08089,Otero,CO,6.99
08091,Ouray,CO,7.94
08093,Park,CO,1.69
08095,Phillips,CO,8.87
08097,Pitkin,CO,8.64
08099,Prowers,CO,3.33
08101,Pueblo,CO,6.66
08103,Rio Blanco,CO,12.35
08105,Rio Grande,CO,9.64
08107,Routt,CO,13.16
08109,Saguache,CO,3.09
08111,San Juan,CO,0.00
08113,San Miguel,CO,8.67
08115,Sedgwick,CO,4.28
08117,Summit,CO,8.08
08119,Teller,CO,3.61
08121,Washington,CO,6.17
08123,Weld,CO,5.76
08125,Yuma,CO,8.05
09001,Fairfield,CT,9.16
09003,Hartford,CT,9.49
09005,Litchfield,CT,5.51
09007,Middlesex,CT,7.83
09009,New Haven,CT,8.55
09011,New London,CT,5.99
09013,Tolland,CT,4.86
09015,Windham,CT,4.30
10001,Kent,DE,5.05
10003,New Castle,DE,8.66
10005,Sussex,DE,6.14
11001,District of Columbia,DC,12.89
12001,Alachua,FL,15.55
12003,Baker,FL,3.83
12005,Bay,FL,5.75
12007,Bradford,FL,1.40
12009,Brevard,FL,7.23
12011,Broward,FL,7.57
12013,Calhoun,FL,2.93
12015,Charlotte,FL,6.21
12017,Citrus,FL,4.62
12019,Clay,FL,5.35
12021,Collier,FL,8.21
12023,Columbia,FL,5.12
12027,DeSoto,FL,2.62
12029,Dixie,FL,2.34
12031,Duval,FL,8.10
12033,Escambia,FL,7.63
12035,Flagler,FL,5.29
12037,Franklin,FL,3.18
12039,Gadsden,FL,2.29
12041,Gilchrist,FL,4.36
12043,Glades,FL,
12045,Gulf,FL,4.87
12047,Hamilton,FL,0.71
12049,Hardee,FL,1.57
12051,Hendry,FL,2.73
12053,Hernando,FL,5.58
12055,Highlands,FL,5.81
12057,Hillsborough,FL,8.35
12059,Holmes,FL,3.54
12061,Indian River,FL,6.29
12063,Jackson,FL,3.14
12065,Jefferson,FL,2.75
12067,Lafayette,FL,1.19
12069,Lake,FL,5.86
12071,Lee,FL,6.65
12073,Leon,FL,8.84
12075,Levy,FL,1.13
12077,Liberty,FL,
12079,Madison,FL,1.09
12081,Manatee,FL,6.20
12083,Marion,FL,5.80
12085,Martin,FL,6.94
12086,Miami-Dade,FL,8.28
12087,Monroe,FL,6.57
12089,Nassau,FL,3.82
12091,Okaloosa,FL,6.99
12093,Okeechobee,FL,4.22
12095,Orange,FL,9.26
12097,Osceola,FL,4.12
12099,Palm Beach,FL,8.04
12101,Pasco,FL,5.14
12103,Pinellas,FL,9.13
12105,Polk,FL,4.60
12107,Putnam,FL,3.78
12109,St. Johns,FL,9.51
12111,St. Lucie,FL,3.38
12113,Santa Rosa,FL,5.77
12115,Sarasota,FL,7.90
12117,Seminole,FL,7.94
12119,Sumter,FL,4.35
12121,Suwannee,FL,1.35
12123,Taylor,FL,4.58
12125,Union,FL,3.06
12127,Volusia,FL,6.75
12129,Wakulla,FL,3.17
12131,Walton,FL,4.50
12133,Washington,FL,3.14
13001,Appling,GA,4.33
13003,Atkinson,GA,
13005,Bacon,GA,4.51
13007,Baker,GA,
13009,Baldwin,GA,4.34
13011,Banks,GA,1.62
13013,Barrow,GA,2.19
13015,Bartow,GA,3.70
13017,Ben Hill,GA,4.66
13019,Berrien,GA,2.20
13021,Bibb,GA,13.97
13023,Bleckley,GA,2.38
13025,Brantley,GA,1.66
13027,Brooks,GA,1.84
13029,Bryan,GA,5.54
13031,Bulloch,GA,5.58
13033,Burke,GA,3.29
13035,Butts,GA,2.72
13037,Calhoun,GA,1.82
13039,Camden,GA,2.69
13043,Candler,GA,1.81
13045,Carroll,GA,5.08
13047,Catoosa,GA,5.70
13049,Charlton,GA,2.35
13051,Chatham,GA,9.28
13053,Chattahoochee,GA,16.58
13055,Chattooga,GA,0.80
13057,Cherokee,GA,4.12
13059,Clarke,GA,8.16
13061,Clay,GA,3.47
13063,Clayton,GA,2.52
13065,Clinch,GA,1.49
13067,Cobb,GA,7.80
13069,Coffee,GA,5.30
13071,Colquitt,GA,3.71
13073,Columbia,GA,10.53
13075,Cook,GA,5.22
13077,Coweta,GA,4.54
13079,Crawford,GA,1.65
13081,Crisp,GA,7.04
13083,Dade,GA,3.06
13085,Dawson,GA,6.67
13087,Decatur,GA,3.44
13089,DeKalb,GA,10.62
13091,Dodge,GA,3.04
13093,Dooly,GA,0.92
13095,Dougherty,GA,7.78
13097,Douglas,GA,4.32
13099,Early,GA,4.71
13101,Echols,GA,
13103,Effingham,GA,2.25
13105,Elbert,GA,4.09
13107,Emanuel,GA,3.96
13109,Evans,GA,3.75
13111,Fannin,GA,6.20
13113,Fayette,GA,11.20
13115,Floyd,GA,13.46
13117,Forsyth,GA,3.96
13119,Franklin,GA,3.36
13121,Fulton,GA,11.22
13123,Gilmer,GA,4.37
13125,Glascock,GA,3.43
13127,Glynn,GA,5.19
13129,Gordon,GA,4.64
13131,Grady,GA,4.63
13133,Greene,GA,5.63
13135,Gwinnett,GA,6.59
13137,Habersham,GA,4.70
13139,Hall,GA,5.98
13141,Hancock,GA,1.16
13143,Haralson,GA,4.25
13145,Harris,GA,2.81
13147,Hart,GA,4.16
13149,Heard,GA,1.73
13151,Henry,GA,4.85
13153,Houston,GA,5.27
13155,Irwin,GA,3.12
13157,Jackson,GA,5.61
13159,Jasper,GA,3.27
13161,Jeff Davis,GA,0.67
13163,Jefferson,GA,1.29
13165,Jenkins,GA,3.47
13167,Johnson,GA,5.46
13169,Jones,GA,2.46
13171,Lamar,GA,2.62
13173,Lanier,GA,
13175,Laurens,GA,8.47
13177,Lee,GA,5.09
13179,Liberty,GA,3.96
13181,Lincoln,GA,2.58
13183,Long,GA,0.58
13185,Lowndes,GA,5.62
13187,Lumpkin,GA,3.21
13189,McDuffie,GA,5.08
13191,McIntosh,GA,
13193,Macon,GA,0.83
13195,Madison,GA,1.94
13197,Marion,GA,
13199,Meriwether,GA,2.89
13201,Miller,GA,5.07
13205,Mitchell,GA,4.65
13207,Monroe,GA,5.22
13209,Montgomery,GA,
13211,Morgan,GA,3.88
13213,Murray,GA,1.50
13215,Muscogee,GA,10.36
13217,Newton,GA,2.34
13219,Oconee,GA,11.39
13221,Oglethorpe,GA,0.66
13223,Paulding,GA,1.38
13225,Peach,GA,2.11
13227,Pickens,GA,4.41
13229,Pierce,GA,2.50
13231,Pike,GA,2.05
13233,Polk,GA,2.30
13235,Pulaski,GA,6.05
13237,Putnam,GA,3.99
13239,Quitman,GA,
13241,Rabun,GA,7.01
13243,Randolph,GA,3.18
13245,Richmond,GA,8.90
13247,Rockdale,GA,7.02
13249,Schley,GA,2.23
13251,Screven,GA,1.42
13253,Seminole,GA,8.70
13255,Spalding,GA,4.12
13257,Stephens,GA,6.70
13259,Stewart,GA,
13261,Sumter,GA,5.12
13263,Talbot,GA,3.48
13265,Taliaferro,GA,0.00
13267,Tattnall,GA,1.74
13269,Taylor,GA,
13271,Telfair,GA,1.61
13273,Terrell,GA,
13275,Thomas,GA,9.38
13277,Tift,GA,6.55
13279,Toombs,GA,7.81
13281,Towns,GA,5.44
13283,Treutlen,GA,
13285,Troup,GA,5.02
13287,Turner,GA,
13289,Twiggs,GA,1.27
13291,Union,GA,7.45
13293,Upson,GA,5.05
13295,Walker,GA,1.90
13297,Walton,GA,2.40
13299,Ware,GA,6.11
13301,Warren,GA,5.72
13303,Washington,GA,7.08
13305,Wayne,GA,3.62
13307,Webster,GA,4.22
13309,Wheeler,GA,2.68
13311,White,GA,1.41
13313,Whitfield,GA,5.35
13315,Wilcox,GA,1.14
13317,Wilkes,GA,4.21
13319,Wilkinson,GA,3.40
13321,Worth,GA,2.92
15001,Hawaii,HI,7.69
15003,Honolulu,HI,9.31
15005,Kalawao,HI,0.00
15007,Kauai,HI,8.17
15009,Maui,HI,8.34
16001,Ada,ID,8.87
16003,Adams,ID,6.49
16005,Bannock,ID,7.36
16007,Bear Lake,ID,7.64
16009,Benewah,ID,3.02
16011,Bingham,ID,2.86
16013,Blaine,ID,8.08
16015,Boise,ID,1.24
16017,Bonner,ID,4.85
16019,Bonneville,ID,3.83
16021,Boundary,ID,5.57
16023,Butte,ID,
16025,Camas,ID,0.00
16027,Canyon,ID,3.13
16029,Caribou,ID,5.62
16031,Cassia,ID,8.74
16033,Clark,ID,0.00
16035,Clearwater,ID,13.50
16037,Custer,ID,
16039,Elmore,ID,5.55
16041,Franklin,ID,3.41
16043,Fremont,ID,2.94
16045,Gem,ID,6.06
16047,Gooding,ID,3.17
16049,Idaho,ID,8.22
16051,Jefferson,ID,2.17
16053,Jerome,ID,2.84
16055,Kootenai,ID,8.01
16057,Latah,ID,7.19
16059,Lemhi,ID,6.13
16061,Lewis,ID,2.69
16063,Lincoln,ID,3.79
16065,Madison,ID,4.27
16067,Minidoka,ID,2.73
16069,Nez Perce,ID,6.60
16071,Oneida,ID,6.51
16073,Owyhee,ID,0.81
16075,Payette,ID,3.80
16077,Power,ID,2.52
16079,Shoshone,ID,4.41
16081,Teton,ID,3.26
16083,Twin Falls,ID,6.51
16085,Valley,ID,13.07
16087,Washington,ID,4.59
17001,Adams,IL,10.47
17003,Alexander,IL,1.99
17005,Bond,IL,5.42
17007,Boone,IL,5.27
17009,Brown,IL,1.56
17011,Bureau,IL,4.56
17013,Calhoun,IL,2.29
17015,Carroll,IL,1.91
17017,Cass,IL,0.78
17019,Champaign,IL,10.44
17021,Christian,IL,3.86
17023,Clark,IL,3.27
17025,Clay,IL,2.28
17027,Clinton,IL,3.26
17029,Coles,IL,7.91
17031,Cook,IL,9.17
17033,Crawford,IL,4.82
17035,Cumberland,IL,
17037,DeKalb,IL,2.69
17039,De Witt,IL,3.26
17041,Douglas,IL,3.55
17043,DuPage,IL,13.50
17045,Edgar,IL,2.42
17047,Edwards,IL,
17049,Effingham,IL,7.84
17051,Fayette,IL,1.87
17053,Ford,IL,5.18
17055,Franklin,IL,3.47
17057,Fulton,IL,3.62
17059,Gallatin,IL,
17061,Greene,IL,1.69
17063,Grundy,IL,3.21
17065,Hamilton,IL,3.79
17067,Hancock,IL,2.87
17069,Hardin,IL,8.22
17071,Henderson,IL,1.58
17073,Henry,IL,2.25
17075,Iroquois,IL,2.98
17077,Jackson,IL,16.18
17079,Jasper,IL,1.09
17081,Jefferson,IL,4.88
17083,Jersey,IL,4.69
17085,Jo Daviess,IL,4.56
17087,Johnson,IL,0.74
17089,Kane,IL,4.00
17091,Kankakee,IL,3.47
17093,Kendall,IL,2.97
17095,Knox,IL,4.87
17097,Lake,IL,10.64
17099,LaSalle,IL,3.76
17101,Lawrence,IL,1.98
17103,Lee,IL,7.34
17105,Livingston,IL,4.77
17107,Logan,IL,2.86
17109,McDonough,IL,5.22
17111,McHenry,IL,4.50
17113,McLean,IL,6.14
17115,Macon,IL,8.88
17117,Macoupin,IL,2.48
17119,Madison,IL,4.76
17121,Marion,IL,3.48
17123,Marshall,IL,1.71
17125,Mason,IL,3.88
17127,Massac,IL,2.15
17129,Menard,IL,3.29
17131,Mercer,IL,1.28
17133,Monroe,IL,4.01
17135,Montgomery,IL,3.92
17137,Morgan,IL,4.60
17139,Moultrie,IL,2.76
17141,Ogle,IL,5.64
17143,Peoria,IL,13.37
17145,Perry,IL,6.20
17147,Piatt,IL,5.37
17149,Pike,IL,6.16
17151,Pope,IL,
17153,Pulaski,IL,
17155,Putnam,IL,1.80
17157,Randolph,IL,4.64
17159,Richland,IL,5.70
17161,Rock Island,IL,4.90
17163,St. Clair,IL,5.89
17165,Saline,IL,6.43
17167,Sangamon,IL,12.06
17169,Schuyler,IL,
17171,Scott,IL,
17173,Shelby,IL,2.41
17175,Stark,IL,
17177,Stephenson,IL,4.77
17179,Tazewell,IL,4.29
17181,Union,IL,7.68
17183,Vermilion,IL,3.56
17185,Wabash,IL,3.57
17187,Warren,IL,5.44
17189,Washington,IL,1.46
17191,Wayne,IL,5.64
17193,White,IL,2.90
17195,Whiteside,IL,5.06
17197,Will,IL,5.41
17199,Williamson,IL,7.92
17201,Winnebago,IL,7.03
17203,Woodford,IL,4.45
18001,Adams,IN,3.89
18003,Allen,IN,7.39
18005,Bartholomew,IN,7.88
18007,Benton,IN,2.30
18009,Blackford,IN,6.62
18011,Boone,IN,21.10
18013,Brown,IN,3.22
18015,Carroll,IN,0.98
18017,Cass,IN,4.52
18019,Clark,IN,3.83
18021,Clay,IN,4.92
18023,Clinton,IN,1.51
18025,Crawford,IN,
18027,Daviess,IN,4.19
18029,Dearborn,IN,4.53
18031,Decatur,IN,6.08
18033,DeKalb,IN,4.61
18035,Delaware,IN,11.44
18037,Dubois,IN,7.58
18039,Elkhart,IN,4.88
18041,Fayette,IN,4.28
18043,Floyd,IN,5.59
18045,Fountain,IN,2.43
18047,Franklin,IN,7.00
18049,Fulton,IN,4.90
18051,Gibson,IN,3.95
18053,Grant,IN,4.22
18055,Greene,IN,2.92
18057,Hamilton,IN,13.87
18059,Hancock,IN,8.31
18061,Harrison,IN,4.78
18063,Hendricks,IN,4.85
18065,Henry,IN,4.09
18067,Howard,IN,5.50
18069,Huntington,IN,5.45
18071,Jackson,IN,6.73
18073,Jasper,IN,2.42
18075,Jay,IN,2.96
18077,Jefferson,IN,6.04
18079,Jennings,IN,4.38
18081,Johnson,IN,8.03
18083,Knox,IN,7.23
18085,Kosciusko,IN,4.37
18087,LaGrange,IN,2.47
18089,Lake,IN,5.07
18091,LaPorte,IN,3.74
18093,Lawrence,IN,3.99
18095,Madison,IN,4.82
18097,Marion,IN,7.79
18099,Marshall,IN,5.20
18101,Martin,IN,3.07
18103,Miami,IN,2.22
18105,Monroe,IN,5.86
18107,Montgomery,IN,2.89
18109,Morgan,IN,4.02
18111,Newton,IN,0.72
18113,Noble,IN,3.39
18115,Ohio,IN,1.67
18117,Orange,IN,4.03
18119,Owen,IN,1.40
18121,Parke,IN,3.05
18123,Perry,IN,4.66
18125,Pike,IN,3.29
18127,Porter,IN,5.62
18129,Posey,IN,3.18
18131,Pulaski,IN,3.24
18133,Putnam,IN,3.24
18135,Randolph,IN,1.64
18137,Ripley,IN,0.34
18139,Rush,IN,3.60
18141,St. Joseph,IN,9.00
18143,Scott,IN,3.70
18145,Shelby,IN,3.55
18147,Spencer,IN,3.54
18149,Starke,IN,1.28
18151,Steuben,IN,2.89
18153,Sullivan,IN,3.37
18155,Switzerland,IN,
18157,Tippecanoe,IN,7.00
18159,Tipton,IN,2.60
18161,Union,IN,1.42
18163,Vanderburgh,IN,7.78
18165,Vermillion,IN,5.87
18167,Vigo,IN,8.31
18169,Wabash,IN,4.22
18171,Warren,IN,
18173,Warrick,IN,15.34
18175,Washington,IN,2.49
18177,Wayne,IN,6.02
18179,Wells,IN,4.61
18181,White,IN,3.65
18183,Whitley,IN,5.81
19001,Adair,IA,5.31
19003,Adams,IA,5.49
19005,Allamakee,IA,5.74
19007,Appanoose,IA,6.53
19009,Audubon,IA,5.32
19011,Benton,IA,1.95
19013,Black Hawk,IA,9.51
19015,Boone,IA,4.49
19017,Bremer,IA,4.78
19019,Buchanan,IA,3.87
19021,Buena Vista,IA,5.30
19023,Butler,IA,1.40
19025,Calhoun,IA,7.06
19027,Carroll,IA,8.70
19029,Cass,IA,4.60
19031,Cedar,IA,1.63
19033,Cerro Gordo,IA,14.29
19035,Cherokee,IA,5.22
19037,Chickasaw,IA,3.36
19039,Clarke,IA,5.11
19041,Clay,IA,8.52
19043,Clayton,IA,4.12
19045,Clinton,IA,4.73
19047,Crawford,IA,1.85
19049,Dallas,IA,4.24
19051,Davis,IA,2.19
19053,Decatur,IA,2.61
19055,Delaware,IA,4.57
19057,Des Moines,IA,7.54
19059,Dickinson,IA,8.40
19061,Dubuque,IA,7.70
19063,Emmet,IA,6.44
19065,Fayette,IA,3.12
19067,Floyd,IA,3.89
19069,Franklin,IA,1.00
19071,Fremont,IA,1.52
19073,Greene,IA,6.88
19075,Grundy,IA,2.43
19077,Guthrie,IA,2.84
19079,Hamilton,IA,2.69
19081,Hancock,IA,0.94
19083,Hardin,IA,3.59
19085,Harrison,IA,3.41
19087,Henry,IA,5.89
19089,Howard,IA,5.27
19091,Humboldt,IA,1.04
19093,Ida,IA,2.88
19095,Iowa,IA,6.04
19097,Jackson,IA,3.61
19099,Jasper,IA,3.97
19101,Jefferson,IA,7.67
19103,Johnson,IA,19.19
19105,Jones,IA,3.36
19107,Keokuk,IA,1.01
19109,Kossuth,IA,4.82
19111,Lee,IA,6.32
19113,Linn,IA,6.25
19115,Louisa,IA,0.93
19117,Lucas,IA,10.33
19119,Lyon,IA,3.33
19121,Madison,IA,5.36
19123,Mahaska,IA,7.28
19125,Marion,IA,9.59
19127,Marshall,IA,4.27
19129,Mills,IA,5.53
19131,Mitchell,IA,2.84
19133,Monona,IA,9.33
19135,Monroe,IA,5.25
19137,Montgomery,IA,3.87
19139,Muscatine,IA,3.75
19141,O'Brien,IA,5.71
19143,Osceola,IA,3.25
19145,Page,IA,5.26
19147,Palo Alto,IA,4.49
19149,Plymouth,IA,5.46
19151,Pocahontas,IA,2.83
19153,Polk,IA,9.32
19155,Pottawattamie,IA,4.50
19157,Poweshiek,IA,8.61
19159,Ringgold,IA,10.78
19161,Sac,IA,6.15
19163,Scott,IA,9.99
19165,Shelby,IA,5.10
19167,Sioux,IA,8.08
19169,Story,IA,6.44
19171,Tama,IA,1.78
19173,Taylor,IA,5.11
19175,Union,IA,9.98
19177,Van Buren,IA,8.29
19179,Wapello,IA,5.67
19181,Warren,IA,6.18
19183,Washington,IA,8.00
19185,Wayne,IA,7.68
19187,Webster,IA,4.31
19189,Winnebago,IA,2.82
19191,Winneshiek,IA,10.05
19193,Woodbury,IA,6.35
19195,Worth,IA,1.35
19197,Wright,IA,3.91
20001,Allen,KS,6.42
20003,Anderson,KS,3.86
20005,Atchison,KS,4.93
20007,Barber,KS,4.87
20009,Barton,KS,6.35
20011,Bourbon,KS,4.19
20013,Brown,KS,8.46
20015,Butler,KS,7.81
20017,Chase,KS,
20019,Chautauqua,KS,
20021,Cherokee,KS,2.09
20023,Cheyenne,KS,
20025,Clark,KS,25.32
20027,Clay,KS,13.62
20029,Cloud,KS,5.60
20031,Coffey,KS,7.19
20033,Comanche,KS,11.98
20035,Cowley,KS,4.06
20037,Crawford,KS,6.65
20039,Decatur,KS,
20041,Dickinson,KS,4.88
20043,Doniphan,KS,5.35
20045,Douglas,KS,8.63
20047,Edwards,KS,
20049,Elk,KS,4.10
20051,Ellis,KS,6.25
20053,Ellsworth,KS,3.16
20055,Finney,KS,5.77
20057,Ford,KS,5.27
20059,Franklin,KS,4.23
20061,Geary,KS,3.90
20063,Gove,KS,21.79
20065,Graham,KS,8.33
20067,Grant,KS,4.10
20069,Gray,KS,1.77
20071,Greeley,KS,7.67
20073,Greenwood,KS,3.37
20075,Hamilton,KS,4.03
20077,Harper,KS,5.63
20079,Harvey,KS,7.39
20081,Haskell,KS,
20083,Hodgeman,KS,11.70
20085,Jackson,KS,6.79
20087,Jefferson,KS,5.43
20089,Jewell,KS,
20091,Johnson,KS,11.88
20093,Kearny,KS,12.85
20095,Kingman,KS,2.71
20097,Kiowa,KS,4.18
20099,Labette,KS,5.02
20101,Lane,KS,0.00
20103,Leavenworth,KS,4.87
20105,Lincoln,KS,6.89
20107,Linn,KS,1.03
20109,Logan,KS,11.03
20111,Lyon,KS,5.94
20113,McPherson,KS,6.96
20115,Marion,KS,1.71
20117,Marshall,KS,6.01
20119,Meade,KS,
20121,Miami,KS,5.78
20123,Mitchell,KS,10.44
20125,Montgomery,KS,2.25
20127,Morris,KS,5.60
20129,Morton,KS,11.15
20131,Nemaha,KS,12.72
20133,Neosho,KS,6.34
20135,Ness,KS,7.49
20137,Norton,KS,7.49
20139,Osage,KS,0.63
20141,Osborne,KS,2.86
20143,Ottawa,KS,3.43
20145,Pawnee,KS,9.63
20147,Phillips,KS,2.08
20149,Pottawatomie,KS,7.37
20151,Pratt,KS,8.71
20153,Rawlins,KS,3.92
20155,Reno,KS,5.86
20157,Republic,KS,8.58
20159,Rice,KS,5.32
20161,Riley,KS,6.93
20163,Rooks,KS,10.35
20165,Rush,KS,3.39
20167,Russell,KS,4.48
20169,Saline,KS,9.65
20171,Scott,KS,9.75
20173,Sedgwick,KS,8.90
20175,Seward,KS,3.22
20177,Shawnee,KS,7.29
20179,Sheridan,KS,8.07
20181,Sherman,KS,3.39
20183,Smith,KS,13.99
20185,Stafford,KS,2.48
20187,Stanton,KS,
20189,Stevens,KS,1.89
20191,Sumner,KS,2.68
20193,Thomas,KS,5.08
20195,Trego,KS,7.16
20197,Wabaunsee,KS,4.31
20199,Wallace,KS,0.00
20201,Washington,KS,7.26
20203,Wichita,KS,9.61
20205,Wilson,KS,4.69
20207,Woodson,KS,
20209,Wyandotte,KS,5.57
21001,Adair,KY,2.64
21003,Allen,KY,1.44
21005,Anderson,KY,2.91
21007,Ballard,KY,
21009,Barren,KY,6.96
21011,Bath,KY,1.57
21013,Bell,KY,5.03
21015,Boone,KY,5.90
21017,Bourbon,KY,6.43
21019,Boyd,KY,10.02
21021,Boyle,KY,5.85
21023,Bracken,KY,1.18
21025,Breathitt,KY,4.43
21027,Breckinridge,KY,2.42
21029,Bullitt,KY,1.81
21031,Butler,KY,0.81
21033,Caldwell,KY,2.38
21035,Calloway,KY,4.79
21037,Campbell,KY,5.37
21039,Carlisle,KY,4.17
21041,Carroll,KY,2.76
21043,Carter,KY,1.89
21045,Casey,KY,1.26
21047,Christian,KY,6.08
21049,Clark,KY,4.61
21051,Clay,KY,3.96
21053,Clinton,KY,5.40
21055,Crittenden,KY,4.47
21057,Cumberland,KY,5.10
21059,Daviess,KY,5.53
21061,Edmonson,KY,0.81
21063,Elliott,KY,1.35
21065,Estill,KY,2.13
21067,Fayette,KY,12.02
21069,Fleming,KY,3.28
21071,Floyd,KY,5.67
21073,Franklin,KY,3.68
21075,Fulton,KY,1.54
21077,Gallatin,KY,4.56
21079,Garrard,KY,2.30
21081,Grant,KY,3.96
21083,Graves,KY,2.73
21085,Grayson,KY,6.03
21087,Green,KY,1.77
21089,Greenup,KY,5.05
21091,Hancock,KY,
21093,Hardin,KY,6.00
21095,Harlan,KY,3.44
21097,Harrison,KY,5.28
21099,Hart,KY,2.57
21101,Henderson,KY,5.19
21103,Henry,KY,5.75
21105,Hickman,KY,
21107,Hopkins,KY,9.97
21109,Jackson,KY,2.31
21111,Jefferson,KY,9.15
21113,Jessamine,KY,7.46
21115,Johnson,KY,5.76
21117,Kenton,KY,8.73
21119,Knott,KY,2.13
21121,Knox,KY,2.67
21123,Larue,KY,1.33
21125,Laurel,KY,3.84
21127,Lawrence,KY,3.68
21129,Lee,KY,
21131,Leslie,KY,1.95
21133,Letcher,KY,5.65
21135,Lewis,KY,1.54
21137,Lincoln,KY,2.47
21139,Livingston,KY,3.35
21141,Logan,KY,2.16
21143,Lyon,KY,3.41
21145,McCracken,KY,10.08
21147,McCreary,KY,0.59
21149,McLean,KY,
21151,Madison,KY,4.75
21153,Magoffin,KY,3.48
21155,Marion,KY,5.07
21157,Marshall,KY,4.10
21159,Martin,KY,3.59
21161,Mason,KY,5.32
21163,Meade,KY,2.32
21165,Menifee,KY,4.84
21167,Mercer,KY,2.63
21169,Metcalfe,KY,1.93
21171,Monroe,KY,4.45
21173,Montgomery,KY,4.96
21175,Morgan,KY,0.72
21177,Muhlenberg,KY,3.26
21179,Nelson,KY,5.31
21181,Nicholas,KY,1.30
21183,Ohio,KY,2.11
21185,Oldham,KY,5.97
21187,Owen,KY,3.54
21189,Owsley,KY,
21191,Pendleton,KY,2.74
21193,Perry,KY,11.45
21195,Pike,KY,7.49
21197,Powell,KY,0.76
21199,Pulaski,KY,7.18
21201,Robertson,KY,
21203,Rockcastle,KY,4.97
21205,Rowan,KY,6.44
21207,Russell,KY,3.86
21209,Scott,KY,5.84
21211,Shelby,KY,3.51
21213,Simpson,KY,2.54
21215,Spencer,KY,3.01
21217,Taylor,KY,7.24
21219,Todd,KY,1.63
21221,Trigg,KY,
21223,Trimble,KY,2.34
21225,Union,KY,2.21
21227,Warren,KY,6.56
21229,Washington,KY,3.31
21231,Wayne,KY,5.12
21233,Webster,KY,1.56
21235,Whitley,KY,8.67
21237,Wolfe,KY,3.07
21239,Woodford,KY,7.76
22001,Acadia,LA,3.67
22003,Allen,LA,1.76
22005,Ascension,LA,4.44
22007,Assumption,LA,1.45
22009,Avoyelles,LA,2.80
22011,Beauregard,LA,4.37
22013,Bienville,LA,1.57
22015,Bossier,LA,4.72
22017,Caddo,LA,12.56
22019,Calcasieu,LA,7.89
22021,Caldwell,LA,3.13
22023,Cameron,LA,3.94
22025,Catahoula,LA,1.14
22027,Claiborne,LA,4.99
22029,Concordia,LA,2.18
22031,De Soto,LA,1.86
22033,East Baton Rouge,LA,8.67
22035,East Carroll,LA,4.15
22037,East Feliciana,LA,3.10
22039,Evangeline,LA,6.52
22041,Franklin,LA,5.59
22043,Grant,LA,0.45
22045,Iberia,LA,4.64
22047,Iberville,LA,3.02
22049,Jackson,LA,2.02
22051,Jefferson,LA,9.23
22053,Jefferson Davis,LA,3.71
22055,Lafayette,LA,10.76
22057,Lafourche,LA,5.03
22059,LaSalle,LA,5.39
22061,Lincoln,LA,6.64
22063,Livingston,LA,2.06
22065,Madison,LA,2.04
22067,Morehouse,LA,2.40
22069,Natchitoches,LA,5.40
22071,Orleans,LA,11.17
22073,Ouachita,LA,9.38
22075,Plaquemines,LA,2.15
22077,Pointe Coupee,LA,2.95
22079,Rapides,LA,8.40
22081,Red River,LA,3.97
22083,Richland,LA,6.57
22085,Sabine,LA,1.36
22087,St. Bernard,LA,2.49
22089,St. Charles,LA,3.44
22091,St. Helena,LA,1.83
22093,St. James,LA,2.53
22095,St. John the Baptist,LA,3.33
22097,St. Landry,LA,6.70
22099,St. Martin,LA,2.13
22101,St. Mary,LA,4.35
22103,St. Tammany,LA,7.72
22105,Tangipahoa,LA,3.99
22107,Tensas,LA,2.47
22109,Terrebonne,LA,4.78
22111,Union,LA,1.90
22113,Vermilion,LA,4.19
22115,Vernon,LA,2.71
22117,Washington,LA,1.99
22119,Webster,LA,6.36
22121,West Baton Rouge,LA,1.80
22123,West Carroll,LA,5.21
22125,West Feliciana,LA,5.16
22127,Winn,LA,4.45
23001,Androscoggin,ME,7.39
23003,Aroostook,ME,11.22
23005,Cumberland,ME,16.58
23007,Franklin,ME,10.44
23009,Hancock,ME,10.50
23011,Kennebec,ME,11.09
23013,Knox,ME,10.71
23015,Lincoln,ME,10.88
23017,Oxford,ME,6.65
23019,Penobscot,ME,13.55
23021,Piscataquis,ME,5.82
23023,Sagadahoc,ME,6.47
23025,Somerset,ME,5.73
23027,Waldo,ME,8.02
23029,Washington,ME,4.18
23031,York,ME,6.76
24001,Allegany,MD,5.32
24003,Anne Arundel,MD,6.72
24005,Baltimore,MD,8.64
24009,Calvert,MD,4.79
24011,Caroline,MD,2.99
24013,Carroll,MD,4.43
24015,Cecil,MD,3.95
24017,Charles,MD,3.79
24019,Dorchester,MD,3.39
24021,Frederick,MD,5.61
24023,Garrett,MD,4.88
24025,Harford,MD,5.40
24027,Howard,MD,18.35
24029,Kent,MD,7.27
24031,Montgomery,MD,13.48
24033,Prince George's,MD,4.96
24035,Queen Anne's,MD,3.15
24037,St. Mary's,MD,3.67
24039,Somerset,MD,3.66
24041,Talbot,MD,11.70
24043,Washington,MD,5.49
24045,Wicomico,MD,6.44
24047,Worcester,MD,8.47
24510,Baltimore,MD,11.59
25001,Barnstable,MA,8.99
25003,Berkshire,MA,10.96
25005,Bristol,MA,5.05
25007,Dukes,MA,4.74
25009,Essex,MA,7.41
25011,Franklin,MA,6.34
25013,Hampden,MA,6.66
25015,Hampshire,MA,12.80
25017,Middlesex,MA,12.45
25019,Nantucket,MA,4.14
25021,Norfolk,MA,11.96
25023,Plymouth,MA,6.34
25025,Suffolk,MA,15.75
25027,Worcester,MA,9.34
26001,Alcona,MI,4.89
26003,Alger,MI,7.94
26005,Allegan,MI,2.07
26007,Alpena,MI,7.62
26009,Antrim,MI,6.72
26011,Arenac,MI,4.01
26013,Baraga,MI,7.30
26015,Barry,MI,3.02
26017,Bay,MI,4.47
26019,Benzie,MI,6.04
26021,Berrien,MI,7.97
26023,Branch,MI,3.56
26025,Calhoun,MI,5.75
26027,Cass,MI,2.14
26029,Charlevoix,MI,8.43
26031,Cheboygan,MI,5.44
26033,Chippewa,MI,7.06
26035,Clare,MI,2.90
26037,Clinton,MI,3.02
26039,Crawford,MI,7.58
26041,Delta,MI,8.14
26043,Dickinson,MI,7.37
26045,Eaton,MI,3.30
26047,Emmet,MI,11.68
26049,Genesee,MI,8.29
26051,Gladwin,MI,1.57
26053,Gogebic,MI,8.35
26055,Grand Traverse,MI,13.25
26057,Gratiot,MI,4.81
26059,Hillsdale,MI,1.98
26061,Houghton,MI,6.97
26063,Huron,MI,5.76
26065,Ingham,MI,11.55
26067,Ionia,MI,2.53
26069,Iosco,MI,3.15
26071,Iron,MI,6.88
26073,Isabella,MI,4.94
26075,Jackson,MI,4.31
26077,Kalamazoo,MI,9.88
26079,Kalkaska,MI,2.22
26081,Kent,MI,9.36
26083,Keweenaw,MI,
26085,Lake,MI,0.81
26087,Lapeer,MI,3.62
26089,Leelanau,MI,4.42
26091,Lenawee,MI,2.22
26093,Livingston,MI,4.92
26095,Luce,MI,13.19
26097,Mackinac,MI,6.42
26099,Macomb,MI,5.43
26101,Manistee,MI,5.13
26103,Marquette,MI,11.49
26105,Mason,MI,7.82
26107,Mecosta,MI,4.75
26109,Menominee,MI,3.43
26111,Midland,MI,10.06
26113,Missaukee,MI,1.98
26115,Monroe,MI,3.54
26117,Montcalm,MI,3.12
26119,Montmorency,MI,7.53
26121,Muskegon,MI,5.61
26123,Newaygo,MI,3.58
26125,Oakland,MI,13.77
26127,Oceana,MI,4.85
26129,Ogemaw,MI,1.45
26131,Ontonagon,MI,3.41
26133,Osceola,MI,3.03
26135,Oscoda,MI,1.20
26137,Otsego,MI,8.70
26139,Ottawa,MI,6.62
26141,Presque Isle,MI,1.53
26143,Roscommon,MI,4.66
26145,Saginaw,MI,8.65
26147,St. Clair,MI,4.37
26149,St. Joseph,MI,2.80
26151,Sanilac,MI,3.21
26153,Schoolcraft,MI,7.47
26155,Shiawassee,MI,3.68
26157,Tuscola,MI,3.02
26159,Van Buren,MI,5.02
26161,Washtenaw,MI,17.76
26163,Wayne,MI,7.01
26165,Wexford,MI,8.55
27001,Aitkin,MN,8.81
27003,Anoka,MN,4.71
27005,Becker,MN,7.95
27007,Beltrami,MN,10.78
27009,Benton,MN,2.17
27011,Big Stone,MN,17.48
27013,Blue Earth,MN,9.23
27015,Brown,MN,9.29
27017,Carlton,MN,8.79
27019,Carver,MN,8.47
27021,Cass,MN,2.94
27023,Chippewa,MN,9.71
27025,Chisago,MN,4.87
27027,Clay,MN,1.98
27029,Clearwater,MN,3.50
27031,Cook,MN,16.03
27033,Cottonwood,MN,6.05
27035,Crow Wing,MN,10.11
27037,Dakota,MN,6.04
27039,Dodge,MN,4.30
27041,Douglas,MN,11.21
27043,Faribault,MN,5.03
27045,Fillmore,MN,2.82
27047,Freeborn,MN,6.51
27049,Goodhue,MN,8.13
27051,Grant,MN,3.25
27053,Hennepin,MN,12.02
27055,Houston,MN,5.86
27057,Hubbard,MN,5.99
27059,Isanti,MN,6.92
27061,Itasca,MN,10.20
27063,Jackson,MN,1.00
27065,Kanabec,MN,9.90
27067,Kandiyohi,MN,8.45
27069,Kittson,MN,
27071,Koochiching,MN,3.35
27073,Lac qui Parle,MN,7.48
27075,Lake,MN,9.10
27077,Lake of the Woods,MN,2.62
27079,Le Sueur,MN,1.39
27081,Lincoln,MN,5.39
27083,Lyon,MN,8.33
27085,McLeod,MN,7.35
27087,Mahnomen,MN,1.85
27089,Marshall,MN,1.11
27091,Martin,MN,8.03
27093,Meeker,MN,5.13
27095,Mille Lacs,MN,6.33
27097,Morrison,MN,5.59
27099,Mower,MN,4.23
27101,Murray,MN,3.68
27103,Nicollet,MN,8.45
27105,Nobles,MN,6.37
27107,Norman,MN,
27109,Olmsted,MN,23.15
27111,Otter Tail,MN,5.33
27113,Pennington,MN,7.98
27115,Pine,MN,1.71
27117,Pipestone,MN,5.37
27119,Polk,MN,5.53
27121,Pope,MN,11.40
27123,Ramsey,MN,11.01
27125,Red Lake,MN,
27127,Redwood,MN,4.56
27129,Renville,MN,2.74
27131,Rice,MN,8.62
27133,Rock,MN,9.29
27135,Roseau,MN,5.24
27137,St. Louis,MN,12.35
27139,Scott,MN,4.89
27141,Sherburne,MN,3.73
27143,Sibley,MN,1.34
27145,Stearns,MN,9.76
27147,Steele,MN,5.89
27149,Stevens,MN,6.18
27151,Swift,MN,4.10
27153,Todd,MN,8.32
27155,Traverse,MN,
27157,Wabasha,MN,7.91
27159,Wadena,MN,4.94
27161,Waseca,MN,2.63
27163,Washington,MN,10.43
27165,Watonwan,MN,5.39
27167,Wilkin,MN,3.13
27169,Winona,MN,3.63
27171,Wright,MN,3.94
27173,Yellow Medicine,MN,5.31
28001,Adams,MS,7.66
28003,Alcorn,MS,4.37
28005,Amite,MS,1.58
28007,Attala,MS,5.07
28009,Benton,MS,1.31
28011,Bolivar,MS,4.95
28013,Calhoun,MS,1.54
28015,Carroll,MS,2.02
28017,Chickasaw,MS,5.88
28019,Choctaw,MS,1.23
28021,Claiborne,MS,4.49
28023,Clarke,MS,1.95
28025,Clay,MS,3.78
28027,Coahoma,MS,4.33
28029,Copiah,MS,2.50
28031,Covington,MS,4.38
28033,DeSoto,MS,2.60
28035,Forrest,MS,8.73
28037,Franklin,MS,1.30
28039,George,MS,4.44
28041,Greene,MS,0.73
28043,Grenada,MS,3.74
28045,Hancock,MS,4.34
28047,Harrison,MS,5.59
28049,Hinds,MS,8.94
28051,Holmes,MS,5.46
28053,Humphreys,MS,5.30
28055,Issaquena,MS,0.00
28057,Itawamba,MS,1.68
28059,Jackson,MS,4.58
28061,Jasper,MS,1.84
28063,Jefferson,MS,2.78
28065,Jefferson Davis,MS,2.69
28067,Jones,MS,4.94
28069,Kemper,MS,1.13
28071,Lafayette,MS,7.03
28073,Lamar,MS,12.39
28075,Lauderdale,MS,10.12
28077,Lawrence,MS,1.69
28079,Leake,MS,2.36
28081,Lee,MS,11.82
28083,Leflore,MS,7.98
28085,Lincoln,MS,4.01
28087,Lowndes,MS,4.81
28089,Madison,MS,12.94
28091,Marion,MS,3.69
28093,Marshall,MS,1.48
28095,Monroe,MS,5.02
28097,Montgomery,MS,5.14
28099,Neshoba,MS,5.52
28101,Newton,MS,1.42
28103,Noxubee,MS,0.99
28105,Oktibbeha,MS,4.05
28107,Panola,MS,2.13
28109,Pearl River,MS,2.48
28111,Perry,MS,0.86
28113,Pike,MS,3.75
28115,Pontotoc,MS,1.91
28117,Prentiss,MS,3.20
28119,Quitman,MS,
28121,Rankin,MS,5.63
28123,Scott,MS,1.81
28125,Sharkey,MS,2.73
28127,Simpson,MS,3.11
28129,Smith,MS,0.70
28131,Stone,MS,3.22
28133,Sunflower,MS,3.54
28135,Tallahatchie,MS,0.81
28137,Tate,MS,2.48
28139,Tippah,MS,0.92
28141,Tishomingo,MS,2.67
28143,Tunica,MS,1.03
28145,Union,MS,3.58
28147,Walthall,MS,5.06
28149,Warren,MS,6.65
28151,Washington,MS,4.12
28153,Wayne,MS,3.04
28155,Webster,MS,4.01
28157,Wilkinson,MS,3.61
28159,Winston,MS,2.84
28161,Yalobusha,MS,0.81
28163,Yazoo,MS,2.27
29001,Adair,MO,17.48
29003,Andrew,MO,1.11
29005,Atchison,MO,3.82
29007,Audrain,MO,4.00
29009,Barry,MO,7.49
29011,Barton,MO,3.43
29013,Bates,MO,1.24
29015,Benton,MO,2.51
29017,Bollinger,MO,1.89
29019,Boone,MO,11.83
29021,Buchanan,MO,6.56
29023,Butler,MO,9.50
29025,Caldwell,MO,1.12
29027,Callaway,MO,3.81
29029,Camden,MO,7.60
29031,Cape Girardeau,MO,9.01
29033,Carroll,MO,3.58
29035,Carter,MO,1.88
29037,Cass,MO,2.46
29039,Cedar,MO,4.83
29041,Chariton,MO,1.36
29043,Christian,MO,4.15
29045,Clark,MO,2.97
29047,Clay,MO,5.95
29049,Clinton,MO,6.11
29051,Cole,MO,6.99
29053,Cooper,MO,2.34
29055,Crawford,MO,0.44
29057,Dade,MO,6.58
29059,Dallas,MO,0.58
29061,Daviess,MO,1.19
29063,DeKalb,MO,2.70
29065,Dent,MO,2.77
29067,Douglas,MO,1.70
29069,Dunklin,MO,2.53
29071,Franklin,MO,5.99
29073,Gasconade,MO,4.73
29075,Gentry,MO,3.24
29077,Greene,MO,9.34
29079,Grundy,MO,2.06
29081,Harrison,MO,2.45
29083,Henry,MO,7.66
29085,Hickory,MO,1.16
29087,Holt,MO,
29089,Howard,MO,3.93
29091,Howell,MO,8.76
29093,Iron,MO,1.06
29095,Jackson,MO,8.44
29097,Jasper,MO,8.20
29099,Jefferson,MO,2.55
29101,Johnson,MO,3.51
29103,Knox,MO,
29105,Laclede,MO,5.53
29107,Lafayette,MO,2.44
29109,Lawrence,MO,3.91
29111,Lewis,MO,2.00
29113,Lincoln,MO,0.49
29115,Linn,MO,3.38
29117,Livingston,MO,7.46
29119,McDonald,MO,0.86
29121,Macon,MO,3.95
29123,Madison,MO,3.16
29125,Maries,MO,
29127,Marion,MO,10.17
29129,Mercer,MO,2.87
29131,Miller,MO,3.21
29133,Mississippi,MO,1.60
29135,Moniteau,MO,0.65
29137,Monroe,MO,3.44
29139,Montgomery,MO,1.75
29141,Morgan,MO,2.81
29143,New Madrid,MO,0.62
29145,Newton,MO,1.18
29147,Nodaway,MO,3.78
29149,Oregon,MO,
29151,Osage,MO,2.24
29153,Ozark,MO,1.14
29155,Pemiscot,MO,3.94
29157,Perry,MO,3.70
29159,Pettis,MO,5.56
29161,Phelps,MO,8.23
29163,Pike,MO,1.69
29165,Platte,MO,8.10
29167,Polk,MO,8.12
29169,Pulaski,MO,2.79
29171,Putnam,MO,6.37
29173,Ralls,MO,0.97
29175,Randolph,MO,2.83
29177,Ray,MO,2.17
29179,Reynolds,MO,3.29
29181,Ripley,MO,0.94
29183,St. Charles,MO,4.68
29185,St. Clair,MO,4.27
29186,Ste. Genevieve,MO,4.30
29187,St. Francois,MO,6.66
29189,St. Louis,MO,12.15
29195,Saline,MO,5.15
29197,Schuyler,MO,2.48
29199,Scotland,MO,17.04
29201,Scott,MO,5.02
29203,Shannon,MO,1.41
29205,Shelby,MO,1.67
29207,Stoddard,MO,4.92
29209,Stone,MO,2.54
29211,Sullivan,MO,3.37
29213,Taney,MO,7.98
29215,Texas,MO,4.00
29217,Vernon,MO,2.55
29219,Warren,MO,2.19
29221,Washington,MO,2.98
29223,Wayne,MO,4.58
29225,Webster,MO,3.78
29227,Worth,MO,5.04
29229,Wright,MO,1.61
29510,St. Louis,MO,9.68
30001,Beaverhead,MT,14.71
30003,Big Horn,MT,5.40
30005,Blaine,MT,5.73
30007,Broadwater,MT,1.37
30009,Carbon,MT,6.45
30011,Carter,MT,0.00
30013,Cascade,MT,7.46
30015,Chouteau,MT,
30017,Custer,MT,6.71
30019,Daniels,MT,0.00
30021,Dawson,MT,4.49
30023,Deer Lodge,MT,8.43
30025,Fallon,MT,9.94
30027,Fergus,MT,8.61
30029,Flathead,MT,9.22
30031,Gallatin,MT,7.82
30033,Garfield,MT,0.00
30035,Glacier,MT,7.98
30037,Golden Valley,MT,12.03
30039,Granite,MT,2.99
30041,Hill,MT,6.80
30043,Jefferson,MT,6.41
30045,Judith Basin,MT,
30047,Lake,MT,7.49
30049,Lewis and Clark,MT,9.42
30051,Liberty,MT,5.14
30053,Lincoln,MT,7.31
30055,McCone,MT,0.00
30057,Madison,MT,5.61
30059,Meagher,MT,10.18
30061,Mineral,MT,4.12
30063,Missoula,MT,11.55
30065,Musselshell,MT,2.04
30067,Park,MT,10.87
30069,Petroleum,MT,0.00
30071,Phillips,MT,2.39
30073,Pondera,MT,5.01
30075,Powder River,MT,0.00
30077,Powell,MT,7.14
30079,Prairie,MT,0.00
30081,Ravalli,MT,6.09
30083,Richland,MT,2.66
30085,Roosevelt,MT,6.47
30087,Rosebud,MT,4.92
30089,Sanders,MT,7.72
30091,Sheridan,MT,2.84
30093,Silver Bow,MT,7.91
30095,Stillwater,MT,3.32
30097,Sweet Grass,MT,8.06
30099,Teton,MT,3.19
30101,Toole,MT,5.99
30103,Treasure,MT,0.00
30105,Valley,MT,9.29
30107,Wheatland,MT,
30109,Wibaux,MT,0.00
30111,Yellowstone,MT,10.76
31001,Adams,NE,9.03
31003,Antelope,NE,3.18
31005,Arthur,NE,0.00
31007,Banner,NE,0.00
31009,Blaine,NE,0.00
31011,Boone,NE,14.86
31013,Box Butte,NE,4.71
31015,Boyd,NE,5.59
31017,Brown,NE,10.32
31019,Buffalo,NE,8.74
31021,Burt,NE,2.98
31023,Butler,NE,7.11
31025,Cass,NE,2.96
31027,Cedar,NE,1.20
31029,Chase,NE,2.61
31031,Cherry,NE,7.33
31033,Cheyenne,NE,5.25
31035,Clay,NE,3.29
31037,Colfax,NE,
31039,Cuming,NE,4.45
31041,Custer,NE,5.74
31043,Dakota,NE,1.41
31045,Dawes,NE,7.36
31047,Dawson,NE,5.44
31049,Deuel,NE,0.00
31051,Dixon,NE,1.80
31053,Dodge,NE,4.85
31055,Douglas,NE,10.87
31057,Dundy,NE,12.22
31059,Fillmore,NE,3.61
31061,Franklin,NE,6.89
31063,Frontier,NE,
31065,Furnas,NE,10.86
31067,Gage,NE,7.40
31069,Garden,NE,0.00
31071,Garfield,NE,5.44
31073,Gosper,NE,5.48
31075,Grant,NE,0.00
31077,Greeley,NE,
31079,Hall,NE,5.81
31081,Hamilton,NE,10.65
31083,Harlan,NE,6.47
31085,Hayes,NE,0.00
31087,Hitchcock,NE,3.87
31089,Holt,NE,8.95
31091,Hooker,NE,27.25
31093,Howard,NE,7.66
31095,Jefferson,NE,5.57
31097,Johnson,NE,1.88
31099,Kearney,NE,3.00
31101,Keith,NE,7.25
31103,Keya Paha,NE,0.00
31105,Kimball,NE,
31107,Knox,NE,4.76
31109,Lancaster,NE,6.93
31111,Lincoln,NE,5.27
31113,Logan,NE,0.00
31115,Loup,NE,0.00
31117,McPherson,NE,0.00
31119,Madison,NE,6.23
31121,Merrick,NE,3.91
31123,Morrill,NE,4.37
31125,Nance,NE,
31127,Nemaha,NE,8.50
31129,Nuckolls,NE,12.32
31131,Otoe,NE,7.53
31133,Pawnee,NE,3.92
31135,Perkins,NE,10.59
31137,Phelps,NE,10.07
31139,Pierce,NE,4.10
31141,Platte,NE,7.59
31143,Polk,NE,5.80
31145,Red Willow,NE,7.53
31147,Richardson,NE,5.15
31149,Rock,NE,7.91
31151,Saline,NE,4.23
31153,Sarpy,NE,4.96
31155,Saunders,NE,4.39
31157,Scotts Bluff,NE,6.99
31159,Seward,NE,6.25
31161,Sheridan,NE,3.92
31163,Sherman,NE,
31165,Sioux,NE,8.75
31167,Stanton,NE,
31169,Thayer,NE,8.14
31171,Thomas,NE,0.00
31173,Thurston,NE,9.07
31175,Valley,NE,12.30
31177,Washington,NE,4.29
31179,Wayne,NE,6.13
31181,Webster,NE,2.93
31183,Wheeler,NE,0.00
31185,York,NE,7.72
32001,Churchill,NV,4.66
32003,Clark,NV,5.46
32005,Douglas,NV,5.21
32007,Elko,NV,3.52
32009,Esmeralda,NV,0.00
32011,Eureka,NV,0.00
32013,Humboldt,NV,4.53
32015,Lander,NV,3.45
32017,Lincoln,NV,4.42
32019,Lyon,NV,1.31
32021,Mineral,NV,10.91
32023,Nye,NV,2.43
32027,Pershing,NV,2.97
32029,Storey,NV,
32031,Washoe,NV,7.89
32033,White Pine,NV,7.62
32510,Carson City,NV,6.44
33001,Belknap,NH,4.81
33003,Carroll,NH,8.16
33005,Cheshire,NH,6.72
33007,Coos,NH,11.19
33009,Grafton,NH,18.87
33011,Hillsborough,NH,8.35
33013,Merrimack,NH,9.85
33015,Rockingham,NH,7.86
33017,Strafford,NH,6.64
33019,Sullivan,NH,7.12
34001,Atlantic,NJ,7.16
34003,Bergen,NJ,11.34
34005,Burlington,NJ,7.58
34007,Camden,NJ,9.85
34009,Cape May,NJ,5.33
34011,Cumberland,NJ,3.91
34013,Essex,NJ,7.55
34015,Gloucester,NJ,5.32
34017,Hudson,NJ,4.74
34019,Hunterdon,NJ,11.00
34021,Mercer,NJ,9.04
34023,Middlesex,NJ,9.04
34025,Monmouth,NJ,10.96
34027,Morris,NJ,9.32
34029,Ocean,NJ,3.84
34031,Passaic,NJ,5.19
34033,Salem,NJ,2.46
34035,Somerset,NJ,11.03
34037,Sussex,NJ,4.54
34039,Union,NJ,6.15
34041,Warren,NJ,5.42
35001,Bernalillo,NM,10.62
35003,Catron,NM,
35005,Chaves,NM,6.19
35006,Cibola,NM,4.78
35007,Colfax,NM,4.04
35009,Curry,NM,4.17
35011,De Baca,NM,5.95
35013,Doña Ana,NM,6.18
35015,Eddy,NM,2.96
35017,Grant,NM,6.46
35019,Guadalupe,NM,4.49
35021,Harding,NM,0.00
35023,Hidalgo,NM,2.45
35025,Lea,NM,3.01
35027,Lincoln,NM,6.36
35028,Los Alamos,NM,15.53
35029,Luna,NM,1.57
35031,McKinley,NM,8.22
35033,Mora,NM,
35035,Otero,NM,4.52
35037,Quay,NM,1.16
35039,Rio Arriba,NM,4.98
35041,Roosevelt,NM,4.21
35043,Sandoval,NM,6.61
35045,San Juan,NM,5.29
35047,San Miguel,NM,4.79
35049,Santa Fe,NM,11.01
35051,Sierra,NM,4.35
35053,Socorro,NM,4.29
35055,Taos,NM,8.67
35057,Torrance,NM,0.65
35059,Union,NM,2.43
35061,Valencia,NM,2.98
36001,Albany,NY,9.62
36003,Allegany,NY,3.47
36005,Bronx,NY,5.78
36007,Broome,NY,7.86
36009,Cattaraugus,NY,4.32
36011,Cayuga,NY,2.90
36013,Chautauqua,NY,6.31
36015,Chemung,NY,7.82
36017,Chenango,NY,3.01
36019,Clinton,NY,8.04
36021,Columbia,NY,4.05
36023,Cortland,NY,3.67
36025,Delaware,NY,3.83
36027,Dutchess,NY,7.10
36029,Erie,NY,7.32
36031,Essex,NY,5.10
36033,Franklin,NY,5.27
36035,Fulton,NY,3.20
36037,Genesee,NY,3.11
36039,Greene,NY,2.89
36041,Hamilton,NY,3.91
36043,Herkimer,NY,2.67
36045,Jefferson,NY,5.07
36047,Kings,NY,6.32
36049,Lewis,NY,6.78
36051,Livingston,NY,4.55
36053,Madison,NY,7.39
36055,Monroe,NY,10.74
36057,Montgomery,NY,5.25
36059,Nassau,NY,13.62
36061,New York,NY,13.68
36063,Niagara,NY,3.83
36065,Oneida,NY,7.04
36067,Onondaga,NY,9.23
36069,Ontario,NY,8.26
36071,Orange,NY,6.68
36073,Orleans,NY,0.75
36075,Oswego,NY,4.00
36077,Otsego,NY,13.76
36079,Putnam,NY,5.31
36081,Queens,NY,5.89
36083,Rensselaer,NY,4.81
36085,Richmond,NY,8.12
36087,Rockland,NY,8.49
36089,St. Lawrence,NY,5.46
36091,Saratoga,NY,6.95
36093,Schenectady,NY,7.97
36095,Schoharie,NY,3.01
36097,Schuyler,NY,6.20
36099,Seneca,NY,2.67
36101,Steuben,NY,5.60
36103,Suffolk,NY,7.13
36105,Sullivan,NY,3.26
36107,Tioga,NY,2.71
36109,Tompkins,NY,7.99
36111,Ulster,NY,5.96
36113,Warren,NY,11.12
36115,Washington,NY,3.61
36117,Wayne,NY,2.31
36119,Westchester,NY,13.16
36121,Wyoming,NY,3.46
36123,Yates,NY,4.88
37001,Alamance,NC,3.85
37003,Alexander,NC,1.91
37005,Alleghany,NC,9.96
37007,Anson,NC,4.53
37009,Ashe,NC,4.87
37011,Avery,NC,2.24
37013,Beaufort,NC,5.17
37015,Bertie,NC,2.86
37017,Bladen,NC,2.37
37019,Brunswick,NC,4.37
37021,Buncombe,NC,14.06
37023,Burke,NC,6.28
37025,Cabarrus,NC,7.91
37027,Caldwell,NC,4.97
37029,Camden,NC,1.85
37031,Carteret,NC,6.13
37033,Caswell,NC,2.20
37035,Catawba,NC,6.37
37037,Chatham,NC,9.37
37039,Cherokee,NC,4.11
37041,Chowan,NC,7.29
37043,Clay,NC,4.42
37045,Cleveland,NC,4.38
37047,Columbus,NC,3.99
37049,Craven,NC,7.45
37051,Cumberland,NC,7.06
37053,Currituck,NC,2.70
37055,Dare,NC,5.82
37057,Davidson,NC,2.81
37059,Davie,NC,4.13
37061,Duplin,NC,2.27
37063,Durham,NC,11.96
37065,Edgecombe,NC,3.93
37067,Forsyth,NC,11.39
37069,Franklin,NC,1.26
37071,Gaston,NC,5.24
37073,Gates,NC,
37075,Graham,NC,3.73
37077,Granville,NC,5.16
37079,Greene,NC,1.47
37081,Guilford,NC,8.08
37083,Halifax,NC,4.76
37085,Harnett,NC,2.72
37087,Haywood,NC,6.88
37089,Henderson,NC,8.73
37091,Hertford,NC,6.11
37093,Hoke,NC,2.07
37095,Hyde,NC,2.22
37097,Iredell,NC,6.77
37099,Jackson,NC,7.14
37101,Johnston,NC,2.69
37103,Jones,NC,6.48
37105,Lee,NC,5.14
37107,Lenoir,NC,5.67
37109,Lincoln,NC,4.35
37111,McDowell,NC,3.35
37113,Macon,NC,5.59
37115,Madison,NC,5.58
37117,Martin,NC,4.14
37119,Mecklenburg,NC,9.28
37121,Mitchell,NC,4.68
37123,Montgomery,NC,2.71
37125,Moore,NC,11.10
37127,Nash,NC,5.04
37129,New Hanover,NC,9.22
37131,Northampton,NC,1.17
37133,Onslow,NC,3.10
37135,Orange,NC,18.21
37137,Pamlico,NC,3.24
37139,Pasquotank,NC,5.63
37141,Pender,NC,3.34
37143,Perquimans,NC,1.52
37145,Person,NC,3.58
37147,Pitt,NC,11.39
37149,Polk,NC,7.63
37151,Randolph,NC,4.27
37153,Richmond,NC,2.11
37155,Robeson,NC,5.07
37157,Rockingham,NC,3.07
37159,Rowan,NC,3.44
37161,Rutherford,NC,4.49
37163,Sampson,NC,4.24
37165,Scotland,NC,5.84
37167,Stanly,NC,3.78
37169,Stokes,NC,2.69
37171,Surry,NC,5.62
37173,Swain,NC,6.37
37175,Transylvania,NC,6.63
37177,Tyrrell,NC,
37179,Union,NC,6.85
37181,Vance,NC,3.79
37183,Wake,NC,8.64
37185,Warren,NC,0.53
37187,Washington,NC,4.59
37189,Watauga,NC,7.93
37191,Wayne,NC,5.14
37193,Wilkes,NC,3.80
37195,Wilson,NC,3.96
37197,Yadkin,NC,2.42
37199,Yancey,NC,5.87
38001,Adams,ND,50.76
38003,Barnes,ND,9.25
38005,Benson,ND,1.72
38007,Billings,ND,0.00
38009,Bottineau,ND,4.69
38011,Bowman,ND,3.44
38013,Burke,ND,
38015,Burleigh,ND,11.22
38017,Cass,ND,9.86
38019,Cavalier,ND,2.73
38021,Dickey,ND,8.17
38023,Divide,ND,
38025,Dunn,ND,
38027,Eddy,ND,
38029,Emmons,ND,
38031,Foster,ND,2.97
38033,Golden Valley,ND,0.00
38035,Grand Forks,ND,12.24
38037,Grant,ND,
38039,Griggs,ND,4.38
38041,Hettinger,ND,
38043,Kidder,ND,
38045,LaMoure,ND,
38047,Logan,ND,0.00
38049,McHenry,ND,
38051,McIntosh,ND,7.96
38053,McKenzie,ND,1.45
38055,McLean,ND,3.06
38057,Mercer,ND,8.41
38059,Morton,ND,3.87
38061,Mountrail,ND,5.22
38063,Nelson,ND,
38065,Oliver,ND,0.00
38067,Pembina,ND,2.96
38069,Pierce,ND,2.53
38071,Ramsey,ND,9.51
38073,Ransom,ND,3.52
38075,Renville,ND,
38077,Richland,ND,4.83
38079,Rolette,ND,4.98
38081,Sargent,ND,
38083,Sheridan,ND,0.00
38085,Sioux,ND,
38087,Slope,ND,0.00
38089,Stark,ND,6.05
38091,Steele,ND,0.00
38093,Stutsman,ND,7.88
38095,Towner,ND,
38097,Traill,ND,3.75
38099,Walsh,ND,3.82
38101,Ward,ND,7.82
38103,Wells,ND,12.80
38105,Williams,ND,4.42
39001,Adams,OH,4.36
39003,Allen,OH,6.49
39005,Ashland,OH,4.40
39007,Ashtabula,OH,2.88
39009,Athens,OH,6.29
39011,Auglaize,OH,3.47
39013,Belmont,OH,2.73
39015,Brown,OH,2.52
39017,Butler,OH,5.20
39019,Carroll,OH,2.62
39021,Champaign,OH,1.55
39023,Clark,OH,4.50
39025,Clermont,OH,6.58
39027,Clinton,OH,6.19
39029,Columbiana,OH,2.96
39031,Coshocton,OH,3.55
39033,Crawford,OH,3.59
39035,Cuyahoga,OH,11.12
39037,Darke,OH,4.65
39039,Defiance,OH,5.51
39041,Delaware,OH,14.77
39043,Erie,OH,7.75
39045,Fairfield,OH,5.59
39047,Fayette,OH,3.11
39049,Franklin,OH,10.15
39051,Fulton,OH,3.77
39053,Gallia,OH,7.55
39055,Geauga,OH,6.91
39057,Greene,OH,8.97
39059,Guernsey,OH,3.66
39061,Hamilton,OH,10.96
39063,Hancock,OH,5.22
39065,Hardin,OH,2.94
39067,Harrison,OH,2.07
39069,Henry,OH,2.91
39071,Highland,OH,2.77
39073,Hocking,OH,4.27
39075,Holmes,OH,2.03
39077,Huron,OH,5.48
39079,Jackson,OH,4.31
39081,Jefferson,OH,3.86
39083,Knox,OH,3.97
39085,Lake,OH,4.14
39087,Lawrence,OH,4.70
39089,Licking,OH,3.71
39091,Logan,OH,3.91
39093,Lorain,OH,5.17
39095,Lucas,OH,8.64
39097,Madison,OH,3.15
39099,Mahoning,OH,10.28
39101,Marion,OH,2.76
39103,Medina,OH,6.23
39105,Meigs,OH,1.36
39107,Mercer,OH,4.96
39109,Miami,OH,4.48
39111,Monroe,OH,1.50
39113,Montgomery,OH,9.48
39115,Morgan,OH,0.73
39117,Morrow,OH,1.99
39119,Muskingum,OH,5.32
39121,Noble,OH,0.71
39123,Ottawa,OH,4.74
39125,Paulding,OH,2.12
39127,Perry,OH,2.82
39129,Pickaway,OH,4.05
39131,Pike,OH,2.58
39133,Portage,OH,3.94
39135,Preble,OH,1.71
39137,Putnam,OH,4.66
39139,Richland,OH,4.71
39141,Ross,OH,6.63
39143,Sandusky,OH,3.07
39145,Scioto,OH,5.59
39147,Seneca,OH,3.64
39149,Shelby,OH,4.59
39151,Stark,OH,7.73
39153,Summit,OH,9.77
39155,Trumbull,OH,4.52
39157,Tuscarawas,OH,3.57
39159,Union,OH,5.69
39161,Van Wert,OH,4.52
39163,Vinton,OH,1.58
39165,Warren,OH,8.52
39167,Washington,OH,7.24
39169,Wayne,OH,4.97
39171,Williams,OH,4.08
39173,Wood,OH,6.79
39175,Wyandot,OH,2.76
40001,Adair,OK,2.58
40003,Alfalfa,OK,3.50
40005,Atoka,OK,1.40
40007,Beaver,OK,
40009,Beckham,OK,4.99
40011,Blaine,OK,5.84
40013,Bryan,OK,3.82
40015,Caddo,OK,2.28
40017,Canadian,OK,3.46
40019,Carter,OK,5.80
40021,Cherokee,OK,7.35
40023,Choctaw,OK,4.19
40025,Cimarron,OK,
40027,Cleveland,OK,5.14
40029,Coal,OK,1.90
40031,Comanche,OK,7.05
40033,Cotton,OK,
40035,Craig,OK,4.25
40037,Creek,OK,2.22
40039,Custer,OK,5.32
40041,Delaware,OK,3.90
40043,Dewey,OK,4.53
40045,Ellis,OK,5.32
40047,Garfield,OK,4.20
40049,Garvin,OK,3.49
40051,Grady,OK,2.34
40053,Grant,OK,
40055,Greer,OK,1.82
40057,Harmon,OK,4.14
40059,Harper,OK,
40061,Haskell,OK,2.59
40063,Hughes,OK,2.24
40065,Jackson,OK,7.26
40067,Jefferson,OK,1.84
40069,Johnston,OK,2.91
40071,Kay,OK,3.89
40073,Kingfisher,OK,4.60
40075,Kiowa,OK,3.57
40077,Latimer,OK,2.12
40079,Le Flore,OK,2.89
40081,Lincoln,OK,2.36
40083,Logan,OK,0.39
40085,Love,OK,4.89
40087,McClain,OK,4.37
40089,McCurtain,OK,4.53
40091,McIntosh,OK,1.04
40093,Major,OK,5.22
40095,Marshall,OK,2.56
40097,Mayes,OK,3.58
40099,Murray,OK,2.92
40101,Muskogee,OK,4.54
40103,Noble,OK,4.57
40105,Nowata,OK,1.07
40107,Okfuskee,OK,0.89
40109,Oklahoma,OK,8.13
40111,Okmulgee,OK,2.99
40113,Osage,OK,1.75
40115,Ottawa,OK,4.61
40117,Pawnee,OK,2.54
40119,Payne,OK,4.63
40121,Pittsburg,OK,4.36
40123,Pontotoc,OK,7.08
40125,Pottawatomie,OK,3.01
40127,Pushmataha,OK,1.85
40129,Roger Mills,OK,5.91
40131,Rogers,OK,3.72
40133,Seminole,OK,3.39
40135,Sequoyah,OK,3.54
40137,Stephens,OK,3.94
40139,Texas,OK,3.83
40141,Tillman,OK,1.41
40143,Tulsa,OK,10.54
40145,Wagoner,OK,2.74
40147,Washington,OK,4.36
40149,Washita,OK,2.75
40151,Woods,OK,5.82
40153,Woodward,OK,2.97
41001,Baker,OR,7.12
41003,Benton,OR,11.67
41005,Clackamas,OR,9.16
41007,Clatsop,OR,6.22
41009,Columbia,OR,2.64
41011,Coos,OR,8.31
41013,Crook,OR,3.50
41015,Curry,OR,6.76
41017,Deschutes,OR,9.86
41019,Douglas,OR,6.43
41021,Gilliam,OR,4.99
41023,Grant,OR,9.62
41025,Harney,OR,5.28
41027,Hood River,OR,22.03
41029,Jackson,OR,9.61
41031,Jefferson,OR,6.38
41033,Josephine,OR,7.36
41035,Klamath,OR,10.41
41037,Lake,OR,4.83
41039,Lane,OR,8.22
41041,Lincoln,OR,5.70
41043,Linn,OR,5.85
41045,Malheur,OR,2.52
41047,Marion,OR,7.14
41049,Morrow,OR,4.06
41051,Multnomah,OR,14.71
41053,Polk,OR,5.72
41055,Sherman,OR,5.24
41057,Tillamook,OR,5.41
41059,Umatilla,OR,4.63
41061,Union,OR,8.40
41063,Wallowa,OR,17.24
41065,Wasco,OR,10.47
41067,Washington,OR,9.23
41069,Wheeler,OR,0.00
41071,Yamhill,OR,5.82
42001,Adams,PA,5.38
42003,Allegheny,PA,10.93
42005,Armstrong,PA,4.30
42007,Beaver,PA,3.90
42009,Bedford,PA,3.37
42011,Berks,PA,6.29
42013,Blair,PA,7.72
42015,Bradford,PA,10.18
42017,Bucks,PA,8.08
42019,Butler,PA,6.79
42021,Cambria,PA,6.96
42023,Cameron,PA,4.48
42025,Carbon,PA,3.36
42027,Centre,PA,8.32
42029,Chester,PA,8.00
42031,Clarion,PA,4.57
42033,Clearfield,PA,4.62
42035,Clinton,PA,3.47
42037,Columbia,PA,5.70
42039,Crawford,PA,6.12
42041,Cumberland,PA,8.67
42043,Dauphin,PA,10.33
42045,Delaware,PA,10.05
42047,Elk,PA,3.57
42049,Erie,PA,8.10
42051,Fayette,PA,3.70
42053,Forest,PA,
42055,Franklin,PA,6.14
42057,Fulton,PA,2.07
42059,Greene,PA,4.52
42061,Huntingdon,PA,3.19
42063,Indiana,PA,5.07
42065,Jefferson,PA,4.76
42067,Juniata,PA,1.72
42069,Lackawanna,PA,8.25
42071,Lancaster,PA,7.23
42073,Lawrence,PA,4.09
42075,Lebanon,PA,5.78
42077,Lehigh,PA,9.64
42079,Luzerne,PA,7.58
42081,Lycoming,PA,7.66
42083,McKean,PA,5.76
42085,Mercer,PA,6.18
42087,Mifflin,PA,6.07
42089,Monroe,PA,4.02
42091,Montgomery,PA,13.05
42093,Montour,PA,58.14
42095,Northampton,PA,8.06
42097,Northumberland,PA,4.38
42099,Perry,PA,2.61
42101,Philadelphia,PA,7.08
42103,Pike,PA,2.50
42105,Potter,PA,3.69
42107,Schuylkill,PA,5.03
42109,Snyder,PA,4.04
42111,Somerset,PA,3.67
42113,Sullivan,PA,
42115,Susquehanna,PA,3.65
42117,Tioga,PA,4.40
42119,Union,PA,10.81
42121,Venango,PA,6.01
42123,Warren,PA,3.93
42125,Washington,PA,7.73
42127,Wayne,PA,3.69
42129,Westmoreland,PA,7.22
42131,Wyoming,PA,5.76
42133,York,PA,6.74
44001,Bristol,RI,20.08
44003,Kent,RI,8.43
44005,Newport,RI,8.33
44007,Providence,RI,9.66
44009,Washington,RI,8.20
45001,Abbeville,SC,5.35
45003,Aiken,SC,3.40
45005,Allendale,SC,5.09
45007,Anderson,SC,6.57
45009,Bamberg,SC,3.79
45011,Barnwell,SC,2.43
45013,Beaufort,SC,6.93
45015,Berkeley,SC,3.29
45017,Calhoun,SC,2.12
45019,Charleston,SC,12.39
45021,Cherokee,SC,3.39
45023,Chester,SC,2.79
45025,Chesterfield,SC,3.00
45027,Clarendon,SC,3.22
45029,Colleton,SC,4.16
45031,Darlington,SC,5.42
45033,Dillon,SC,3.92
45035,Dorchester,SC,3.18
45037,Edgefield,SC,3.44
45039,Fairfield,SC,4.35
45041,Florence,SC,9.89
45043,Georgetown,SC,6.26
45045,Greenville,SC,11.16
45047,Greenwood,SC,11.70
45049,Hampton,SC,3.30
45051,Horry,SC,6.24
45053,Jasper,SC,2.31
45055,Kershaw,SC,5.75
45057,Lancaster,SC,4.09
45059,Laurens,SC,5.02
45061,Lee,SC,1.23
45063,Lexington,SC,6.30
45065,McCormick,SC,5.12
45067,Marion,SC,3.82
45069,Marlboro,SC,1.14
45071,Newberry,SC,6.58
45073,Oconee,SC,5.18
45075,Orangeburg,SC,4.82
45077,Pickens,SC,5.90
45079,Richland,SC,8.25
45081,Saluda,SC,1.59
45083,Spartanburg,SC,6.19
45085,Sumter,SC,5.34
45087,Union,SC,3.33
45089,Williamsburg,SC,1.97
45091,York,SC,4.82
46003,Aurora,SD,
46005,Beadle,SD,4.71
46007,Bennett,SD,
46009,Bon Homme,SD,5.70
46011,Brookings,SD,5.77
46013,Brown,SD,6.30
46015,Brule,SD,11.44
46017,Buffalo,SD,0.00
46019,Butte,SD,2.87
46021,Campbell,SD,0.00
46023,Charles Mix,SD,3.27
46025,Clark,SD,
46027,Clay,SD,4.62
46029,Codington,SD,9.50
46031,Corson,SD,
46033,Custer,SD,4.65
46035,Davison,SD,8.05
46037,Day,SD,3.69
46039,Deuel,SD,2.34
46041,Dewey,SD,1.91
46043,Douglas,SD,3.54
46045,Edmunds,SD,4.96
46047,Fall River,SD,6.94
46049,Faulk,SD,4.68
46051,Grant,SD,7.98
46053,Gregory,SD,10.06
46055,Haakon,SD,10.89
46057,Hamlin,SD,1.60
46059,Hand,SD,6.46
46061,Hanson,SD,
46063,Harding,SD,0.00
46065,Hughes,SD,7.91
46067,Hutchinson,SD,12.15
46069,Hyde,SD,0.00
46071,Jackson,SD,
46073,Jerauld,SD,0.00
46075,Jones,SD,0.00
46077,Kingsbury,SD,3.85
46079,Lake,SD,6.45
46081,Lawrence,SD,9.55
46083,Lincoln,SD,13.26
46085,Lyman,SD,
46087,McCook,SD,1.76
46089,McPherson,SD,4.13
46091,Marshall,SD,2.32
46093,Meade,SD,5.97
46095,Mellette,SD,0.00
46097,Miner,SD,4.32
46099,Minnehaha,SD,10.21
46101,Moody,SD,4.75
46102,Oglala Lakota,SD,3.68
46103,Pennington,SD,11.36
46105,Perkins,SD,3.55
46107,Potter,SD,4.04
46109,Roberts,SD,2.95
46111,Sanborn,SD,
46115,Spink,SD,4.78
46117,Stanley,SD,9.89
46119,Sully,SD,0.00
46121,Todd,SD,2.15
46123,Tripp,SD,8.98
46125,Turner,SD,
46127,Union,SD,4.74
46129,Walworth,SD,11.43
46135,Yankton,SD,10.30
46137,Ziebach,SD,
47001,Anderson,TN,5.03
47003,Bedford,TN,2.93
47005,Benton,TN,2.52
47007,Bledsoe,TN,1.31
47009,Blount,TN,6.83
47011,Bradley,TN,4.81
47013,Campbell,TN,3.54
47015,Cannon,TN,2.06
47017,Carroll,TN,3.52
47019,Carter,TN,3.03
47021,Cheatham,TN,5.78
47023,Chester,TN,2.86
47025,Claiborne,TN,5.27
47027,Clay,TN,3.97
47029,Cocke,TN,3.84
47031,Coffee,TN,5.25
47033,Crockett,TN,
47035,Cumberland,TN,6.41
47037,Davidson,TN,9.05
47039,Decatur,TN,2.63
47041,DeKalb,TN,3.91
47043,Dickson,TN,3.08
47045,Dyer,TN,3.28
47047,Fayette,TN,3.03
47049,Fentress,TN,3.18
47051,Franklin,TN,5.55
47053,Gibson,TN,3.96
47055,Giles,TN,3.60
47057,Grainger,TN,1.26
47059,Greene,TN,5.24
47061,Grundy,TN,
47063,Hamblen,TN,5.74
47065,Hamilton,TN,10.92
47067,Hancock,TN,
47069,Hardeman,TN,1.57
47071,Hardin,TN,5.58
47073,Hawkins,TN,3.14
47075,Haywood,TN,2.26
47077,Henderson,TN,1.79
47079,Henry,TN,6.83
47081,Hickman,TN,1.98
47083,Houston,TN,2.40
47085,Humphreys,TN,1.56
47087,Jackson,TN,0.85
47089,Jefferson,TN,4.49
47091,Johnson,TN,3.30
47093,Knox,TN,10.93
47095,Lake,TN,
47097,Lauderdale,TN,1.59
47099,Lawrence,TN,3.79
47101,Lewis,TN,1.56
47103,Lincoln,TN,4.23
47105,Loudon,TN,5.47
47107,McMinn,TN,5.00
47109,McNairy,TN,4.25
47111,Macon,TN,1.95
47113,Madison,TN,13.87
47115,Marion,TN,3.46
47117,Marshall,TN,1.71
47119,Maury,TN,4.87
47121,Meigs,TN,3.83
47123,Monroe,TN,1.93
47125,Montgomery,TN,4.04
47127,Moore,TN,
47129,Morgan,TN,1.88
47131,Obion,TN,4.27
47133,Overton,TN,3.94
47135,Perry,TN,2.36
47137,Pickett,TN,5.91
47139,Polk,TN,3.37
47141,Putnam,TN,6.65
47143,Rhea,TN,3.62
47145,Roane,TN,4.26
47147,Robertson,TN,3.51
47149,Rutherford,TN,4.37
47151,Scott,TN,2.28
47153,Sequatchie,TN,1.83
47155,Sevier,TN,3.62
47157,Shelby,TN,8.57
47159,Smith,TN,3.97
47161,Stewart,TN,0.72
47163,Sullivan,TN,12.12
47165,Sumner,TN,4.69
47167,Tipton,TN,2.79
47169,Trousdale,TN,3.32
47171,Unicoi,TN,4.52
47173,Union,TN,1.50
47175,Van Buren,TN,
47177,Warren,TN,4.58
47179,Washington,TN,18.55
47181,Wayne,TN,1.83
47183,Weakley,TN,6.05
47185,White,TN,3.62
47187,Williamson,TN,13.81
47189,Wilson,TN,3.29
48001,Anderson,TX,3.77
48003,Andrews,TX,4.88
48005,Angelina,TX,6.59
48007,Aransas,TX,3.26
48009,Archer,TX,
48011,Armstrong,TX,0.00
48013,Atascosa,TX,2.00
48015,Austin,TX,1.98
48017,Bailey,TX,2.93
48019,Bandera,TX,3.25
48021,Bastrop,TX,2.35
48023,Baylor,TX,22.99
48025,Bee,TX,1.62
48027,Bell,TX,7.22
48029,Bexar,TX,7.36
48031,Blanco,TX,4.21
48033,Borden,TX,0.00
48035,Bosque,TX,5.41
48037,Bowie,TX,7.24
48039,Brazoria,TX,6.53
48041,Brazos,TX,8.31
48043,Brewster,TX,12.69
48045,Briscoe,TX,7.13
48047,Brooks,TX,
48049,Brown,TX,5.24
48051,Burleson,TX,3.88
48053,Burnet,TX,4.12
48055,Caldwell,TX,2.56
48057,Calhoun,TX,5.07
48059,Callahan,TX,1.42
48061,Cameron,TX,4.92
48063,Camp,TX,7.13
48065,Carson,TX,
48067,Cass,TX,2.10
48069,Castro,TX,2.71
48071,Chambers,TX,1.43
48073,Cherokee,TX,5.09
48075,Childress,TX,14.84
48077,Clay,TX,3.90
48079,Cochran,TX,3.97
48081,Coke,TX,
48083,Coleman,TX,5.17
48085,Collin,TX,9.74
48087,Collingsworth,TX,3.82
48089,Colorado,TX,5.33
48091,Comal,TX,5.94
48093,Comanche,TX,5.81
48095,Concho,TX,2.99
48097,Cooke,TX,2.60
48099,Coryell,TX,1.78
48101,Cottle,TX,0.00
48103,Crane,TX,4.27
48105,Crockett,TX,6.52
48107,Crosby,TX,3.92
48109,Culberson,TX,4.56
48111,Dallam,TX,8.37
48113,Dallas,TX,7.21
48115,Dawson,TX,4.03
48117,Deaf Smith,TX,1.09
48119,Delta,TX,
48121,Denton,TX,5.36
48123,DeWitt,TX,6.02
48125,Dickens,TX,5.75
48127,Dimmit,TX,3.54
48129,Donley,TX,
48131,Duval,TX,
48133,Eastland,TX,2.24
48135,Ector,TX,5.71
48137,Edwards,TX,6.95
48139,Ellis,TX,3.80
48141,El Paso,TX,4.97
48143,Erath,TX,5.76
48145,Falls,TX,0.58
48147,Fannin,TX,1.91
48149,Fayette,TX,3.24
48151,Fisher,TX,5.40
48153,Floyd,TX,5.61
48155,Foard,TX,0.00
48157,Fort Bend,TX,8.47
48159,Franklin,TX,2.87
48161,Freestone,TX,3.03
48163,Frio,TX,2.17
48165,Gaines,TX,0.91
48167,Galveston,TX,7.04
48169,Garza,TX,1.71
48171,Gillespie,TX,11.72
48173,Glasscock,TX,0.00
48175,Goliad,TX,
48177,Gonzales,TX,4.07
48179,Gray,TX,2.85
48181,Grayson,TX,4.23
48183,Gregg,TX,9.10
48185,Grimes,TX,2.64
48187,Guadalupe,TX,2.60
48189,Hale,TX,4.04
48191,Hall,TX,
48193,Hamilton,TX,9.72
48195,Hansford,TX,5.81
48197,Hardeman,TX,11.26
48199,Hardin,TX,1.76
48201,Harris,TX,5.82
48203,Harrison,TX,3.04
48205,Hartley,TX,
48207,Haskell,TX,9.24
48209,Hays,TX,4.42
48211,Hemphill,TX,12.22
48213,Henderson,TX,3.59
48215,Hidalgo,TX,4.63
48217,Hill,TX,2.47
48219,Hockley,TX,6.09
48221,Hood,TX,3.74
48223,Hopkins,TX,2.42
48225,Houston,TX,1.35
48227,Howard,TX,2.05
48229,Hudspeth,TX,
48231,Hunt,TX,2.71
48233,Hutchinson,TX,2.44
48235,Irion,TX,0.00
48237,Jack,TX,3.44
48239,Jackson,TX,1.32
48241,Jasper,TX,3.64
48243,Jeff Davis,TX,5.13
48245,Jefferson,TX,4.77
48247,Jim Hogg,TX,2.08
48249,Jim Wells,TX,3.09
48251,Johnson,TX,4.06
48253,Jones,TX,1.01
48255,Karnes,TX,2.71
48257,Kaufman,TX,2.09
48259,Kendall,TX,8.55
48261,Kenedy,TX,0.00
48263,Kent,TX,0.00
48265,Kerr,TX,8.09
48267,Kimble,TX,9.17
48269,King,TX,0.00
48271,Kinney,TX,
48273,Kleberg,TX,4.24
48275,Knox,TX,2.98
48277,Lamar,TX,4.39
48279,Lamb,TX,2.33
48281,Lampasas,TX,4.49
48283,La Salle,TX,
48285,Lavaca,TX,5.84
48287,Lee,TX,2.26
48289,Leon,TX,
48291,Liberty,TX,2.15
48293,Limestone,TX,4.07
48295,Lipscomb,TX,
48297,Live Oak,TX,
48299,Llano,TX,6.83
48301,Loving,TX,0.00
48303,Lubbock,TX,7.89
48305,Lynn,TX,10.55
48307,McCulloch,TX,3.98
48309,McLennan,TX,7.67
48311,McMullen,TX,0.00
48313,Madison,TX,2.19
48315,Marion,TX,
48317,Martin,TX,1.92
48319,Mason,TX,
48321,Matagorda,TX,3.58
48323,Maverick,TX,2.41
48325,Medina,TX,2.89
48327,Menard,TX,5.05
48329,Midland,TX,3.81
48331,Milam,TX,0.40
48333,Mills,TX,2.23
48335,Mitchell,TX,5.51
48337,Montague,TX,2.45
48339,Montgomery,TX,6.32
48341,Moore,TX,3.31
48343,Morris,TX,2.49
48345,Motley,TX,0.00
48347,Nacogdoches,TX,7.11
48349,Navarro,TX,2.80
48351,Newton,TX,0.82
48353,Nolan,TX,4.80
48355,Nueces,TX,7.90
48357,Ochiltree,TX,4.09
48359,Oldham,TX,0.00
48361,Orange,TX,1.65
48363,Palo Pinto,TX,4.88
48365,Panola,TX,2.21
48367,Parker,TX,3.83
48369,Parmer,TX,1.02
48371,Pecos,TX,4.63
48373,Polk,TX,4.82
48375,Potter,TX,8.75
48377,Presidio,TX,4.89
48379,Rains,TX,0.80
48381,Randall,TX,5.49
48383,Reagan,TX,3.07
48385,Real,TX,7.08
48387,Red River,TX,2.60
48389,Reeves,TX,3.45
48391,Refugio,TX,1.48
48393,Roberts,TX,0.00
48395,Robertson,TX,1.18
48397,Rockwall,TX,6.62
48399,Runnels,TX,7.04
48401,Rusk,TX,2.28
48403,Sabine,TX,1.99
48405,San Augustine,TX,2.52
48407,San Jacinto,TX,0.72
48409,San Patricio,TX,2.30
48411,San Saba,TX,3.43
48413,Schleicher,TX,
48415,Scurry,TX,5.95
48417,Shackelford,TX,3.11
48419,Shelby,TX,1.67
48421,Sherman,TX,
48423,Smith,TX,9.86
48425,Somervell,TX,7.39
48427,Starr,TX,2.57
48429,Stephens,TX,3.27
48431,Sterling,TX,0.00
48433,Stonewall,TX,8.22
48435,Sutton,TX,12.05
48437,Swisher,TX,1.43
48439,Tarrant,TX,5.83
48441,Taylor,TX,6.70
48443,Terrell,TX,0.00
48445,Terry,TX,3.40
48447,Throckmorton,TX,6.69
48449,Titus,TX,4.17
48451,Tom Green,TX,7.20
48453,Travis,TX,8.38
48455,Trinity,TX,1.45
48457,Tyler,TX,2.49
48459,Upshur,TX,2.15
48461,Upton,TX,
48463,Uvalde,TX,3.24
48465,Val Verde,TX,3.36
48467,Van Zandt,TX,0.82
48469,Victoria,TX,7.26
48471,Walker,TX,2.69
48473,Waller,TX,1.17
48475,Ward,TX,0.89
48477,Washington,TX,6.13
48479,Webb,TX,3.06
48481,Wharton,TX,3.83
48483,Wheeler,TX,2.03
48485,Wichita,TX,8.31
48487,Wilbarger,TX,3.14
48489,Willacy,TX,3.94
48491,Williamson,TX,6.83
48493,Wilson,TX,4.68
48495,Winkler,TX,2.70
48497,Wise,TX,3.77
48499,Wood,TX,3.27
48501,Yoakum,TX,2.63
48503,Young,TX,8.35
48505,Zapata,TX,
48507,Zavala,TX,
49001,Beaver,UT,8.28
49003,Box Elder,UT,2.85
49005,Cache,UT,4.15
49007,Carbon,UT,3.93
49009,Daggett,UT,0.00
49011,Davis,UT,4.57
49013,Duchesne,UT,4.04
49015,Emery,UT,1.00
49017,Garfield,UT,3.90
49019,Grand,UT,12.42
49021,Iron,UT,3.30
49023,Juab,UT,8.22
49025,Kane,UT,5.01
49027,Millard,UT,6.08
49029,Morgan,UT,7.90
49031,Piute,UT,0.00
49033,Rich,UT,
49035,Salt Lake,UT,7.63
49037,San Juan,UT,6.21
49039,Sanpete,UT,4.12
49041,Sevier,UT,4.56
49043,Summit,UT,13.93
49045,Tooele,UT,1.44
49047,Uintah,UT,3.87
49049,Utah,UT,4.09
49051,Wasatch,UT,4.98
49053,Washington,UT,5.39
49055,Wayne,UT,
49057,Weber,UT,4.38
50001,Addison,VT,11.27
50003,Bennington,VT,11.52
50005,Caledonia,VT,7.89
50007,Chittenden,VT,17.48
50009,Essex,VT,1.69
50011,Franklin,VT,6.76
50013,Grand Isle,VT,6.74
50015,Lamoille,VT,8.80
50017,Orange,VT,8.12
50019,Orleans,VT,7.26
50021,Rutland,VT,7.26
50023,Washington,VT,9.67
50025,Windham,VT,8.90
50027,Windsor,VT,11.00
51001,Accomack,VA,3.61
51003,Albemarle,VA,13.91
51005,Alleghany,VA,4.00
51007,Amelia,VA,0.75
51009,Amherst,VA,2.24
51011,Appomattox,VA,1.22
51013,Arlington,VA,7.73
51015,Augusta,VA,5.29
51017,Bath,VA,
51019,Bedford,VA,7.49
51021,Bland,VA,
51023,Botetourt,VA,5.61
51025,Brunswick,VA,2.51
51027,Buchanan,VA,2.52
51029,Buckingham,VA,1.18
51031,Campbell,VA,1.44
51033,Caroline,VA,0.96
51035,Carroll,VA,9.29
51036,Charles City,VA,1.52
51037,Charlotte,VA,5.24
51041,Chesterfield,VA,8.06
51043,Clarke,VA,3.36
51045,Craig,VA,4.11
51047,Culpeper,VA,3.36
51049,Cumberland,VA,3.10
51051,Dickenson,VA,2.18
51053,Dinwiddie,VA,1.43
51057,Essex,VA,3.78
51059,Fairfax,VA,11.14
51061,Fauquier,VA,4.47
51063,Floyd,VA,3.21
51065,Fluvanna,VA,2.16
51067,Franklin,VA,3.46
51069,Frederick,VA,4.48
51071,Giles,VA,4.83
51073,Gloucester,VA,4.61
51075,Goochland,VA,7.06
51077,Grayson,VA,1.30
51079,Greene,VA,2.38
51081,Greensville,VA,3.50
51083,Halifax,VA,3.85
51085,Hanover,VA,7.26
51087,Henrico,VA,10.49
51089,Henry,VA,4.58
51091,Highland,VA,13.48
51093,Isle of Wight,VA,4.07
51095,James City,VA,11.14
51097,King and Queen,VA,3.00
51099,King George,VA,2.18
51101,King William,VA,3.30
51103,Lancaster,VA,3.66
51105,Lee,VA,3.18
51107,Loudoun,VA,7.60
51109,Louisa,VA,1.03
51111,Lunenburg,VA,1.68
51113,Madison,VA,0.72
51115,Mathews,VA,3.51
51117,Mecklenburg,VA,5.62
51119,Middlesex,VA,3.71
51121,Montgomery,VA,7.21
51125,Nelson,VA,8.11
51127,New Kent,VA,2.93
51131,Northampton,VA,10.75
51133,Northumberland,VA,8.31
51135,Nottoway,VA,3.85
51137,Orange,VA,4.57
51139,Page,VA,2.52
51141,Patrick,VA,2.27
51143,Pittsylvania,VA,0.83
51145,Powhatan,VA,5.46
51147,Prince Edward,VA,6.38
51149,Prince George,VA,1.63
51153,Prince William,VA,4.42
51155,Pulaski,VA,3.26
51157,Rappahannock,VA,2.70
51159,Richmond,VA,1.11
51161,Roanoke,VA,12.42
51163,Rockbridge,VA,9.28
51165,Rockingham,VA,2.49
51167,Russell,VA,3.52
51169,Scott,VA,3.27
51171,Shenandoah,VA,3.35
51173,Smyth,VA,5.09
51175,Southampton,VA,2.22
51177,Spotsylvania,VA,4.80
51179,Stafford,VA,2.61
51181,Surry,VA,1.53
51183,Sussex,VA,2.79
51185,Tazewell,VA,4.76
51187,Warren,VA,5.87
51191,Washington,VA,9.13
51193,Westmoreland,VA,2.14
51195,Wise,VA,2.24
51197,Wythe,VA,4.26
51199,York,VA,11.56
51510,Alexandria,VA,8.01
51520,Bristol,VA,6.45
51530,Buena Vista,VA,
51540,Charlottesville,VA,28.49
51550,Chesapeake,VA,7.80
51570,Colonial Heights,VA,12.59
51580,Covington,VA,5.25
51590,Danville,VA,11.14
51595,Emporia,VA,
51600,Fairfax,VA,0.82
51610,Falls Church,VA,29.67
51620,Franklin,VA,10.95
51630,Fredericksburg,VA,17.64
51640,Galax,VA,
51650,Hampton,VA,3.70
51660,Harrisonburg,VA,13.42
51670,Hopewell,VA,3.02
51678,Lexington,VA,
51680,Lynchburg,VA,12.66
51683,Manassas,VA,9.60
51685,Manassas Park,VA,
51690,Martinsville,VA,
51700,Newport News,VA,5.69
51710,Norfolk,VA,9.91
51720,Norton,VA,8.18
51730,Petersburg,VA,6.58
51735,Poquoson,VA,7.96
51740,Portsmouth,VA,6.03
51750,Radford,VA,5.46
51760,Richmond,VA,10.59
51770,Roanoke,VA,11.03
51775,Salem,VA,13.79
51790,Staunton,VA,4.68
51800,Suffolk,VA,7.69
51810,Virginia Beach,VA,7.12
51820,Waynesboro,VA,8.42
51830,Williamsburg,VA,1.28
51840,Winchester,VA,25.58
53001,Adams,WA,3.39
53003,Asotin,WA,6.70
53005,Benton,WA,7.05
53007,Chelan,WA,11.05
53009,Clallam,WA,9.59
53011,Clark,WA,7.59
53013,Columbia,WA,7.42
53015,Cowlitz,WA,5.56
53017,Douglas,WA,2.75
53019,Ferry,WA,11.00
53021,Franklin,WA,2.04
53023,Garfield,WA,8.53
53025,Grant,WA,3.99
53027,Grays Harbor,WA,3.64
53029,Island,WA,4.46
53031,Jefferson,WA,8.33
53033,King,WA,11.92
53035,Kitsap,WA,6.74
53037,Kittitas,WA,5.06
53039,Klickitat,WA,5.62
53041,Lewis,WA,4.62
53043,Lincoln,WA,2.67
53045,Mason,WA,2.66
53047,Okanogan,WA,8.21
53049,Pacific,WA,2.09
53051,Pend Oreille,WA,5.76
53053,Pierce,WA,7.17
53055,San Juan,WA,6.47
53057,Skagit,WA,8.19
53059,Skamania,WA,
53061,Snohomish,WA,5.34
53063,Spokane,WA,8.70
53065,Stevens,WA,6.96
53067,Thurston,WA,8.73
53069,Wahkiakum,WA,
53071,Walla Walla,WA,10.05
53073,Whatcom,WA,9.40
53075,Whitman,WA,6.89
53077,Yakima,WA,6.17
54001,Barbour,WV,3.23
54003,Berkeley,WV,4.20
54005,Boone,WV,3.28
54007,Braxton,WV,4.90
54009,Brooke,WV,2.26
54011,Cabell,WV,16.81
54013,Calhoun,WV,6.48
54015,Clay,WV,
54017,Doddridge,WV,1.29
54019,Fayette,WV,4.01
54021,Gilmer,WV,4.07
54023,Grant,WV,6.37
54025,Greenbrier,WV,15.04
54027,Hampshire,WV,2.57
54029,Hancock,WV,5.93
54031,Hardy,WV,1.41
54033,Harrison,WV,12.58
54035,Jackson,WV,3.60
54037,Jefferson,WV,5.82
54039,Kanawha,WV,12.99
54041,Lewis,WV,4.14
54043,Lincoln,WV,4.97
54045,Logan,WV,4.07
54047,McDowell,WV,2.72
54049,Marion,WV,4.82
54051,Marshall,WV,3.65
54053,Mason,WV,4.77
54055,Mercer,WV,5.08
54057,Mineral,WV,2.98
54059,Mingo,WV,1.30
54061,Monongalia,WV,13.35
54063,Monroe,WV,4.06
54065,Morgan,WV,5.23
54067,Nicholas,WV,8.64
54069,Ohio,WV,13.16
54071,Pendleton,WV,3.26
54073,Pleasants,WV,1.32
54075,Pocahontas,WV,5.10
54077,Preston,WV,3.78
54079,Putnam,WV,10.48
54081,Raleigh,WV,7.73
54083,Randolph,WV,7.55
54085,Ritchie,WV,1.19
54087,Roane,WV,5.76
54089,Summers,WV,2.52
54091,Taylor,WV,2.43
54093,Tucker,WV,6.00
54095,Tyler,WV,2.45
54097,Upshur,WV,5.89
54099,Wayne,WV,4.68
54101,Webster,WV,2.42
54103,Wetzel,WV,4.23
54105,Wirt,WV,1.98
54107,Wood,WV,8.61
54109,Wyoming,WV,2.85
55001,Adams,WI,0.96
55003,Ashland,WI,17.39
55005,Barron,WI,10.06
55007,Bayfield,WI,4.29
55009,Brown,WI,6.93
55011,Buffalo,WI,2.26
55013,Burnett,WI,1.79
55015,Calumet,WI,1.52
55017,Chippewa,WI,7.18
55019,Clark,WI,2.01
55021,Columbia,WI,3.93
55023,Crawford,WI,7.46
55025,Dane,WI,12.80
55027,Dodge,WI,5.71
55029,Door,WI,6.92
55031,Douglas,WI,2.49
55033,Dunn,WI,7.46
55035,Eau Claire,WI,14.18
55037,Florence,WI,6.53
55039,Fond du Lac,WI,4.79
55041,Forest,WI,
55043,Grant,WI,4.22
55045,Green,WI,7.30
55047,Green Lake,WI,8.32
55049,Iowa,WI,5.05
55051,Iron,WI,1.62
55053,Jackson,WI,8.99
55055,Jefferson,WI,3.89
55057,Juneau,WI,7.46
55059,Kenosha,WI,4.92
55061,Kewaunee,WI,5.35
55063,La Crosse,WI,13.95
55065,Lafayette,WI,2.38
55067,Langlade,WI,8.20
55069,Lincoln,WI,4.90
55071,Manitowoc,WI,4.66
55073,Marathon,WI,9.44
55075,Marinette,WI,5.73
55077,Marquette,WI,1.90
55078,Menominee,WI,9.33
55079,Milwaukee,WI,7.70
55081,Monroe,WI,6.28
55083,Oconto,WI,3.05
55085,Oneida,WI,7.06
55087,Outagamie,WI,9.03
55089,Ozaukee,WI,15.04
55091,Pepin,WI,6.79
55093,Pierce,WI,3.76
55095,Polk,WI,7.92
55097,Portage,WI,4.54
55099,Price,WI,1.42
55101,Racine,WI,4.32
55103,Richland,WI,7.55
55105,Rock,WI,5.11
55107,Rusk,WI,4.96
55109,St. Croix,WI,5.26
55111,Sauk,WI,10.05
55113,Sawyer,WI,7.65
55115,Shawano,WI,5.39
55117,Sheboygan,WI,6.12
55119,Taylor,WI,2.51
55121,Trempealeau,WI,2.60
55123,Vernon,WI,10.35
55125,Vilas,WI,7.23
55127,Walworth,WI,4.31
55129,Washburn,WI,9.55
55131,Washington,WI,5.83
55133,Waukesha,WI,14.03
55135,Waupaca,WI,5.82
55137,Waushara,WI,2.82
55139,Winnebago,WI,7.87
55141,Wood,WI,13.77
56001,Albany,WY,7.97
56003,Big Horn,WY,3.44
56005,Campbell,WY,5.60
56007,Carbon,WY,5.46
56009,Converse,WY,5.85
56011,Crook,WY,4.10
56013,Fremont,WY,8.14
56015,Goshen,WY,7.97
56017,Hot Springs,WY,10.88
56019,Johnson,WY,15.08
56021,Laramie,WY,6.35
56023,Lincoln,WY,6.45
56025,Natrona,WY,7.16
56027,Niobrara,WY,8.20
56029,Park,WY,12.95
56031,Platte,WY,4.60
56033,Sheridan,WY,6.64
56035,Sublette,WY,3.45
56037,Sweetwater,WY,4.33
56039,Teton,WY,9.33
56041,Uinta,WY,5.81
56043,Washakie,WY,10.38
56045,Weston,WY,2.96
