geoid,county,state,pm25
01001,Autauga,AL,9.3
01003,Baldwin,AL,7.8
01005,Barbour,AL,8.8
01007,Bibb,AL,8.6
01009,Blount,AL,8.8
01011,Bullock,AL,8.4
01013,Butler,AL,8.4
01015,Calhoun,AL,8.9
01017,Chambers,AL,8.9
01019,Cherokee,AL,8.4
01021,Chilton,AL,8.9
01023,Choctaw,AL,8.7
01025,Clarke,AL,8.8
01027,Clay,AL,6.8
01029,Cleburne,AL,8.3
01031,Coffee,AL,8.9
01033,Colbert,AL,7.5
01035,Conecuh,AL,8.5
01037,Coosa,AL,8.5
01039,Covington,AL,8.6
01041,Crenshaw,AL,8.5
01043,Cullman,AL,8.7
01045,Dale,AL,9
01047,Dallas,AL,8.7
01049,DeKalb,AL,7.2
01051,Elmore,AL,9.4
01053,Escambia,AL,8.9
01055,Etowah,AL,7.9
01057,Fayette,AL,8.3
01059,Franklin,AL,7.5
01061,Geneva,AL,8.9
01063,Greene,AL,8.5
01065,Hale,AL,8.7
01067,Henry,AL,9
01069,Houston,AL,9.3
01071,Jackson,AL,7.9
01073,Jefferson,AL,10.2
01075,Lamar,AL,8.2
01077,Lauderdale,AL,7.3
01079,Lawrence,AL,7.9
01081,Lee,AL,9.3
01083,Limestone,AL,7.8
01085,Lowndes,AL,8.7
01087,Macon,AL,8.9
01089,Madison,AL,7.1
01091,Marengo,AL,8.7
01093,Marion,AL,7.8
01095,Marshall,AL,8.7
01097,Mobile,AL,8
01099,Monroe,AL,8.6
01101,Montgomery,AL,7.9
01103,Morgan,AL,8.1
01105,Perry,AL,8.5
01107,Pickens,AL,8.6
01109,Pike,AL,8.6
01111,Randolph,AL,8.4
01113,Russell,AL,8.7
01115,St. Clair,AL,9.4
01117,Shelby,AL,10
01119,Sumter,AL,8.7
01121,Talladega,AL,9.1
01123,Tallapoosa,AL,8.6
01125,Tuscaloosa,AL,7.5
01127,Walker,AL,9
01129,Washington,AL,9
01131,Wilcox,AL,8.5
01133,Winston,AL,8.1
02013,Aleutians East,AK,
02016,Aleutians West,AK,
02020,Anchorage,AK,5.8
02050,Bethel,AK,
02060,Bristol Bay,AK,
02068,Denali,AK,
02070,Dillingham,AK,
02090,Fairbanks North Star,AK,11.9
02100,Haines,AK,
02105,Hoonah-Angoon,AK,
02110,Juneau,AK,4.8
02122,Kenai Peninsula,AK,
02130,Ketchikan Gateway,AK,
02150,Kodiak Island,AK,
02158,Kusilvak,AK,
02164,Lake and Peninsula,AK,
02170,Matanuska-Susitna,AK,4.7
02180,Nome,AK,
02185,North Slope,AK,
02188,Northwest Arctic,AK,
02195,Petersburg,AK,
02198,Prince of Wales-Hyder,AK,
02220,Sitka,AK,
02230,Skagway,AK,
02240,Southeast Fairbanks,AK,
02261,Valdez-Cordova,AK,
02275,Wrangell,AK,
02282,Yakutat,AK,
02290,Yukon-Koyukuk,AK,
04001,Apache,AZ,3.3
04003,Cochise,AZ,6.5
04005,Coconino,AZ,5.3
04007,Gila,AZ,6
04009,Graham,AZ,5.4
04011,Greenlee,AZ,5.4
04012,La Paz,AZ,4.2
04013,Maricopa,AZ,12.6
04015,Mohave,AZ,6.1
04017,Navajo,AZ,5.3
04019,Pima,AZ,6.2
04021,Pinal,AZ,16.1
04023,Santa Cruz,AZ,10.4
04025,Yavapai,AZ,5.7
04027,Yuma,AZ,9.1
05001,Arkansas,AR,7.2
05003,Ashley,AR,7.4
05005,Baxter,AR,7.6
05007,Benton,AR,9.3
05009,Boone,AR,7.7
05011,Bradley,AR,8.1
05013,Calhoun,AR,8.2
05015,Carroll,AR,7.9
05017,Chicot,AR,8.6
05019,Clark,AR,8.4
05021,Clay,AR,8.1
05023,Cleburne,AR,8.1
05025,Cleveland,AR,8
05027,Columbia,AR,8.5
05029,Conway,AR,8.5
05031,Craighead,AR,8.5
05033,Crawford,AR,8.7
05035,Crittenden,AR,7.5
05037,Cross,AR,8.4
05039,Dallas,AR,8.2
05041,Desha,AR,8.5
05043,Drew,AR,8.3
05045,Faulkner,AR,9.1
05047,Franklin,AR,7.5
05049,Fulton,AR,
05051,Garland,AR,8.1
05053,Grant,AR,8.3
05055,Greene,AR,8.3
05057,Hempstead,AR,8.9
05059,Hot Spring,AR,8.4
05061,Howard,AR,8.9
05063,Independence,AR,8.2
05065,Izard,AR,7.6
05067,Jackson,AR,7.1
05069,Jefferson,AR,8.7
05071,Johnson,AR,7.9
05073,Lafayette,AR,8.5
05075,Lawrence,AR,8.2
05077,Lee,AR,8.5
05079,Lincoln,AR,8.4
05081,Little River,AR,9.3
05083,Logan,AR,8.1
05085,Lonoke,AR,9
05087,Madison,AR,7.7
05089,Marion,AR,7.5
05091,Miller,AR,9.3
05093,Mississippi,AR,8.3
05095,Monroe,AR,8.3
05097,Montgomery,AR,7.8
05099,Nevada,AR,8.6
05101,Newton,AR,7.2
05103,Ouachita,AR,8.4
05105,Perry,AR,8.3
05107,Phillips,AR,8.5
05109,Pike,AR,8.4
05111,Poinsett,AR,8.5
05113,Polk,AR,7.2
05115,Pope,AR,8.3
05117,Prairie,AR,8.4
05119,Pulaski,AR,9.6
05121,Randolph,AR,7.9
05123,St. Francis,AR,8.5
05125,Saline,AR,8.9
05127,Scott,AR,7.7
05129,Searcy,AR,7.3
05131,Sebastian,AR,9
05133,Sevier,AR,9
05135,Sharp,AR,7.6
05137,Stone,AR,7.5
05139,Union,AR,8.5
05141,Van Buren,AR,7.9
05143,Washington,AR,6.9
05145,White,AR,8.5
05147,Woodruff,AR,8.2
05149,Yell,AR,8.2
06001,Alameda,CA,11.8
06003,Alpine,CA,9.7
06005,Amador,CA,14.2
06007,Butte,CA,16.1
06009,Calaveras,CA,12.7
06011,Colusa,CA,12.8
06013,Contra Costa,CA,11.1
06015,Del Norte,CA,10.3
06017,El Dorado,CA,14.6
06019,Fresno,CA,20.3
06021,Glenn,CA,17
06023,Humboldt,CA,8.8
06025,Imperial,CA,11.9
06027,Inyo,CA,12.2
06029,Kern,CA,21.1
06031,Kings,CA,20
06033,Lake,CA,9.6
06035,Lassen,CA,12.4
06037,Los Angeles,CA,15.6
06039,Madera,CA,17.1
06041,Marin,CA,8.6
06043,Mariposa,CA,21.3
06045,Mendocino,CA,12.4
06047,Merced,CA,15.3
06049,Modoc,CA,10.4
06051,Mono,CA,39.1
06053,Monterey,CA,8.8
06055,Napa,CA,10.3
06057,Nevada,CA,12.4
06059,Orange,CA,12.7
06061,Placer,CA,13.1
06063,Plumas,CA,21.1
06065,Riverside,CA,14.8
06067,Sacramento,CA,14.9
06069,San Benito,CA,8.9
06071,San Bernardino,CA,17.4
06073,San Diego,CA,20.6
06075,San Francisco,CA,10.5
06077,San Joaquin,CA,15.1
06079,San Luis Obispo,CA,10
06081,San Mateo,CA,9.8
06083,Santa Barbara,CA,9.3
06085,Santa Clara,CA,12.5
06087,Santa Cruz,CA,11.1
06089,Shasta,CA,9.8
06091,Sierra,CA,10.8
06093,Siskiyou,CA,10.9
06095,Solano,CA,12.4
06097,Sonoma,CA,8.3
06099,Stanislaus,CA,15.6
06101,Sutter,CA,16.7
06103,Tehama,CA,13.3
06105,Trinity,CA,10.2
06107,Tulare,CA,20.8
06109,Tuolumne,CA,16.2
06111,Ventura,CA,7.9
06113,Yolo,CA,15.9
06115,Yuba,CA,16.3
08001,Adams,CO,9.2
08003,Alamosa,CO,5.3
08005,Arapahoe,CO,5.9
08007,Archuleta,CO,5
08009,Baca,CO,5.5
08011,Bent,CO,
08013,Boulder,CO,10.2
08014,Broomfield,CO,9.6
08015,Chaffee,CO,4.7
08017,Cheyenne,CO,5.9
08019,Clear Creek,CO,5.7
08021,Conejos,CO,4.9
08023,Costilla,CO,4.7
08025,Crowley,CO,
08027,Custer,CO,
08029,Delta,CO,5.8
08031,Denver,CO,10.5
08033,Dolores,CO,4.5
08035,Douglas,CO,7
08037,Eagle,CO,5.4
08039,Elbert,CO,7.2
08041,El Paso,CO,6
08043,Fremont,CO,5.3
08045,Garfield,CO,5.4
08047,Gilpin,CO,
08049,Grand,CO,5.4
08051,Gunnison,CO,4.8
08053,Hinsdale,CO,4.4
08055,Huerfano,CO,4.7
08057,Jackson,CO,5.6
08059,Jefferson,CO,9.3
08061,Kiowa,CO,5.9
08063,Kit Carson,CO,5.9
08065,Lake,CO,4.5
08067,La Plata,CO,5.6
08069,Larimer,CO,8.2
08071,Las Animas,CO,5
08073,Lincoln,CO,6
08075,Logan,CO,6.3
08077,Mesa,CO,6.1
08079,Mineral,CO,4.3
08081,Moffat,CO,5.9
08083,Montezuma,CO,5.2
08085,Montrose,CO,5.5
08087,Morgan,CO,7.6
08089,Otero,CO,5.9
08091,Ouray,CO,
08093,Park,CO,5.1
08095,Phillips,CO,5.9
08097,Pitkin,CO,4.7
08099,Prowers,CO,6.1
08101,Pueblo,CO,5.6
08103,Rio Blanco,CO,8.3
08105,Rio Grande,CO,5
08107,Routt,CO,6.7
08109,Saguache,CO,4.6
08111,San Juan,CO,4.5
08113,San Miguel,CO,4.8
08115,Sedgwick,CO,5.7
08117,Summit,CO,
08119,Teller,CO,5.2
08121,Washington,CO,6.4
08123,Weld,CO,9.9
08125,Yuma,CO,6.1
09001,Fairfield,CT,8.1
09003,Hartford,CT,7.8
09005,Litchfield,CT,5.7
09007,Middlesex,CT,
09009,New Haven,CT,8.2
09011,New London,CT,6.9
09013,Tolland,CT,
09015,Windham,CT,
10001,Kent,DE,7.3
10003,New Castle,DE,8.3
10005,Sussex,DE,7.2
11001,District of Columbia,DC,7.8
12001,Alachua,FL,7.8
12003,Baker,FL,7.9
12005,Bay,FL,8.3
12007,Bradford,FL,8
12009,Brevard,FL,7.9
12011,Broward,FL,9.3
12013,Calhoun,FL,8
12015,Charlotte,FL,7.9
12017,Citrus,FL,8.2
12019,Clay,FL,8.8
12021,Collier,FL,7.6
12023,Columbia,FL,8
12027,DeSoto,FL,7.7
12029,Dixie,FL,7.4
12031,Duval,FL,8.3
12033,Escambia,FL,9.7
12035,Flagler,FL,8.1
12037,Franklin,FL,7.5
12039,Gadsden,FL,8.7
12041,Gilchrist,FL,7.7
12043,Glades,FL,7.3
12045,Gulf,FL,7.4
12047,Hamilton,FL,7.5
12049,Hardee,FL,7.9
12051,Hendry,FL,7.5
12053,Hernando,FL,8.3
12055,Highlands,FL,7.8
12057,Hillsborough,FL,8.3
12059,Holmes,FL,8.4
12061,Indian River,FL,7.8
12063,Jackson,FL,8.8
12065,Jefferson,FL,7.9
12067,Lafayette,FL,7.4
12069,Lake,FL,8.9
12071,Lee,FL,7.3
12073,Leon,FL,7.5
12075,Levy,FL,8
12077,Liberty,FL,7.4
12079,Madison,FL,8.1
12081,Manatee,FL,8.5
12083,Marion,FL,8.5
12085,Martin,FL,7.9
12086,Miami-Dade,FL,7.8
12087,Monroe,FL,7.5
12089,Nassau,FL,8.4
12091,Okaloosa,FL,8.9
12093,Okeechobee,FL,7.7
12095,Orange,FL,6.8
12097,Osceola,FL,8.9
12099,Palm Beach,FL,7.3
12101,Pasco,FL,8.7
12103,Pinellas,FL,7.9
12105,Polk,FL,8.4
12107,Putnam,FL,8.3
12109,St. Johns,FL,8.7
12111,St. Lucie,FL,7.9
12113,Santa Rosa,FL,9.7
12115,Sarasota,FL,7.9
12117,Seminole,FL,7.3
12119,Sumter,FL,8.6
12121,Suwannee,FL,7.8
12123,Taylor,FL,7.6
12125,Union,FL,7.8
12127,Volusia,FL,8.1
12129,Wakulla,FL,7.4
12131,Walton,FL,8.6
12133,Washington,FL,8.4
13001,Appling,GA,8.7
13003,Atkinson,GA,8.5
13005,Bacon,GA,8.5
13007,Baker,GA,9.4
13009,Baldwin,GA,8.6
13011,Banks,GA,8.6
13013,Barrow,GA,9.5
13015,Bartow,GA,9.1
13017,Ben Hill,GA,9
13019,Berrien,GA,9
13021,Bibb,GA,8.2
13023,Bleckley,GA,8.9
13025,Brantley,GA,7.8
13027,Brooks,GA,9
13029,Bryan,GA,9
13031,Bulloch,GA,9
13033,Burke,GA,9.5
13035,Butts,GA,8.5
13037,Calhoun,GA,9
13039,Camden,GA,8.1
13043,Candler,GA,8.9
13045,Carroll,GA,8.8
13047,Catoosa,GA,8.5
13049,Charlton,GA,7.5
13051,Chatham,GA,8.9
13053,Chattahoochee,GA,8.8
13055,Chattooga,GA,8.4
13057,Cherokee,GA,9.3
13059,Clarke,GA,8.4
13061,Clay,GA,8.5
13063,Clayton,GA,8.2
13065,Clinch,GA,8
13067,Cobb,GA,8.2
13069,Coffee,GA,6.8
13071,Colquitt,GA,9.5
13073,Columbia,GA,9.7
13075,Cook,GA,9
13077,Coweta,GA,8.8
13079,Crawford,GA,8.8
13081,Crisp,GA,9.3
13083,Dade,GA,7.8
13085,Dawson,GA,
13087,Decatur,GA,9.3
13089,DeKalb,GA,9
13091,Dodge,GA,9.2
13093,Dooly,GA,9.2
13095,Dougherty,GA,10.3
13097,Douglas,GA,9.3
13099,Early,GA,9.3
13101,Echols,GA,8
13103,Effingham,GA,9.1
13105,Elbert,GA,8.4
13107,Emanuel,GA,9.1
13109,Evans,GA,8.8
13111,Fannin,GA,6.9
13113,Fayette,GA,9
13115,Floyd,GA,8.8
13117,Forsyth,GA,9.5
13119,Franklin,GA,8.6
13121,Fulton,GA,9.5
13123,Gilmer,GA,7.2
13125,Glascock,GA,8.9
13127,Glynn,GA,7.7
13129,Gordon,GA,8.6
13131,Grady,GA,9.4
13133,Greene,GA,8.5
13135,Gwinnett,GA,8.3
13137,Habersham,GA,7.8
13139,Hall,GA,8.7
13141,Hancock,GA,8.5
13143,Haralson,GA,8.4
13145,Harris,GA,8.7
13147,Hart,GA,8.6
13149,Heard,GA,8.3
13151,Henry,GA,9.1
13153,Houston,GA,9.5
13155,Irwin,GA,8.9
13157,Jackson,GA,9.2
13159,Jasper,GA,8.5
13161,Jeff Davis,GA,8.5
13163,Jefferson,GA,9.4
13165,Jenkins,GA,9
13167,Johnson,GA,9
13169,Jones,GA,8.6
13171,Lamar,GA,8.5
13173,Lanier,GA,8.1
13175,Laurens,GA,9.3
13177,Lee,GA,9.4
13179,Liberty,GA,8.8
13181,Lincoln,GA,8.5
13183,Long,GA,8.5
13185,Lowndes,GA,8.3
13187,Lumpkin,GA,
13189,McDuffie,GA,9.2
13191,McIntosh,GA,8.1
13193,Macon,GA,9
13195,Madison,GA,8.8
13197,Marion,GA,8.5
13199,Meriwether,GA,8.2
13201,Miller,GA,9.3
13205,Mitchell,GA,9.6
13207,Monroe,GA,8.7
13209,Montgomery,GA,8.9
13211,Morgan,GA,8.8
13213,Murray,GA,8.1
13215,Muscogee,GA,8.4
13217,Newton,GA,9.1
13219,Oconee,GA,8.8
13221,Oglethorpe,GA,8.3
13223,Paulding,GA,9.2
13225,Peach,GA,9.2
13227,Pickens,GA,7.9
13229,Pierce,GA,8.3
13231,Pike,GA,8.4
13233,Polk,GA,8.6
13235,Pulaski,GA,9
13237,Putnam,GA,8.5
13239,Quitman,GA,8.4
13241,Rabun,GA,6.6
13243,Randolph,GA,8.7
13245,Richmond,GA,10.7
13247,Rockdale,GA,9.3
13249,Schley,GA,8.7
13251,Screven,GA,8.8
13253,Seminole,GA,9
13255,Spalding,GA,8.7
13257,Stephens,GA,7.7
13259,Stewart,GA,8.4
13261,Sumter,GA,9.2
13263,Talbot,GA,8.4
13265,Taliaferro,GA,8.3
13267,Tattnall,GA,8.9
13269,Taylor,GA,8.6
13271,Telfair,GA,8.8
13273,Terrell,GA,9.1
13275,Thomas,GA,9.6
13277,Tift,GA,9.3
13279,Toombs,GA,8.9
13281,Towns,GA,6.4
13283,Treutlen,GA,8.9
13285,Troup,GA,8.7
13287,Turner,GA,9
13289,Twiggs,GA,8.8
13291,Union,GA,6.7
13293,Upson,GA,8.5
13295,Walker,GA,8.5
13297,Walton,GA,9.3
13299,Ware,GA,8.4
13301,Warren,GA,8.9
13303,Washington,GA,8.7
13305,Wayne,GA,8.5
13307,Webster,GA,8.6
13309,Wheeler,GA,8.8
13311,White,GA,7
13313,Whitfield,GA,8.6
13315,Wilcox,GA,9.1
13317,Wilkes,GA,8.4
13319,Wilkinson,GA,8.8
13321,Worth,GA,9.5
15001,Hawaii,HI,3.5
15003,Honolulu,HI,3.9
15005,Kalawao,HI,
15007,Kauai,HI,3.3
15009,Maui,HI,3.9
16001,Ada,ID,7.8
16003,Adams,ID,8.2
16005,Bannock,ID,6.7
16007,Bear Lake,ID,5.5
16009,Benewah,ID,10.5
16011,Bingham,ID,6.7
16013,Blaine,ID,
16015,Boise,ID,
16017,Bonner,ID,12.7
16019,Bonneville,ID,6.6
16021,Boundary,ID,9.5
16023,Butte,ID,5.2
16025,Camas,ID,5.3
16027,Canyon,ID,10.5
16029,Caribou,ID,5.7
16031,Cassia,ID,7.2
16033,Clark,ID,4.9
16035,Clearwater,ID,7.9
16037,Custer,ID,4.9
16039,Elmore,ID,7.4
16041,Franklin,ID,6.4
16043,Fremont,ID,4.9
16045,Gem,ID,9.9
16047,Gooding,ID,
16049,Idaho,ID,9
16051,Jefferson,ID,6.4
16053,Jerome,ID,7.2
16055,Kootenai,ID,13
16057,Latah,ID,10.8
16059,Lemhi,ID,10.8
16061,Lewis,ID,9.4
16063,Lincoln,ID,6.2
16065,Madison,ID,5.9
16067,Minidoka,ID,7.1
16069,Nez Perce,ID,10.8
16071,Oneida,ID,6.2
16073,Owyhee,ID,9
16075,Payette,ID,10.2
16077,Power,ID,6.4
16079,Shoshone,ID,11.1
16081,Teton,ID,
16083,Twin Falls,ID,7.2
16085,Valley,ID,7
16087,Washington,ID,9.4
17001,Adams,IL,8.1
17003,Alexander,IL,8.8
17005,Bond,IL,8.6
17007,Boone,IL,9.2
17009,Brown,IL,7.7
17011,Bureau,IL,9.1
17013,Calhoun,IL,8.2
17015,Carroll,IL,9.1
17017,Cass,IL,8
17019,Champaign,IL,7.6
17021,Christian,IL,8.6
17023,Clark,IL,8.6
17025,Clay,IL,8.6
17027,Clinton,IL,8.9
17029,Coles,IL,8.6
17031,Cook,IL,10.8
17033,Crawford,IL,8.7
17035,Cumberland,IL,8.6
17037,DeKalb,IL,9.6
17039,De Witt,IL,8.6
17041,Douglas,IL,8.4
17043,DuPage,IL,9.2
17045,Edgar,IL,8.5
17047,Edwards,IL,8.6
17049,Effingham,IL,8.8
17051,Fayette,IL,8.7
17053,Ford,IL,8.7
17055,Franklin,IL,9.1
17057,Fulton,IL,8.5
17059,Gallatin,IL,8.5
17061,Greene,IL,7.8
17063,Grundy,IL,9.4
17065,Hamilton,IL,8.8
17067,Hancock,IL,8.3
17069,Hardin,IL,8.3
17071,Henderson,IL,8.3
17073,Henry,IL,8.9
17075,Iroquois,IL,8.9
17077,Jackson,IL,9
17079,Jasper,IL,8.6
17081,Jefferson,IL,9
17083,Jersey,IL,7.5
17085,Jo Daviess,IL,9.1
17087,Johnson,IL,8.7
17089,Kane,IL,8.8
17091,Kankakee,IL,9.3
17093,Kendall,IL,9.5
17095,Knox,IL,8.6
17097,Lake,IL,9.1
17099,LaSalle,IL,9.6
17101,Lawrence,IL,8.6
17103,Lee,IL,9.3
17105,Livingston,IL,9
17107,Logan,IL,8.5
17109,McDonough,IL,8.3
17111,McHenry,IL,8.2
17113,McLean,IL,8.9
17115,Macon,IL,8.6
17117,Macoupin,IL,8.6
17119,Madison,IL,10.9
17121,Marion,IL,8.9
17123,Marshall,IL,8.9
17125,Mason,IL,8.3
17127,Massac,IL,8.7
17129,Menard,IL,8.1
17131,Mercer,IL,8.5
17133,Monroe,IL,8.4
17135,Montgomery,IL,8.5
17137,Morgan,IL,8
17139,Moultrie,IL,8.6
17141,Ogle,IL,9.4
17143,Peoria,IL,8.2
17145,Perry,IL,8.8
17147,Piatt,IL,8.5
17149,Pike,IL,7.9
17151,Pope,IL,8.6
17153,Pulaski,IL,8.6
17155,Putnam,IL,8.9
17157,Randolph,IL,8.3
17159,Richland,IL,8.6
17161,Rock Island,IL,8.1
17163,St. Clair,IL,9.5
17165,Saline,IL,8.8
17167,Sangamon,IL,7.6
17169,Schuyler,IL,7.9
17171,Scott,IL,7.7
17173,Shelby,IL,8.7
17175,Stark,IL,8.6
17177,Stephenson,IL,9.2
17179,Tazewell,IL,9
17181,Union,IL,8.8
17183,Vermilion,IL,8.8
17185,Wabash,IL,8.5
17187,Warren,IL,8.4
17189,Washington,IL,8.8
17191,Wayne,IL,8.8
17193,White,IL,8.7
17195,Whiteside,IL,9.1
17197,Will,IL,9.8
17199,Williamson,IL,9
17201,Winnebago,IL,9.1
17203,Woodford,IL,9
18001,Adams,IN,8.1
18003,Allen,IN,8.4
18005,Bartholomew,IN,6.7
18007,Benton,IN,8.7
18009,Blackford,IN,8
18011,Boone,IN,9.7
18013,Brown,IN,8.3
18015,Carroll,IN,8.8
18017,Cass,IN,8.5
18019,Clark,IN,9.8
18021,Clay,IN,8.6
18023,Clinton,IN,8.9
18025,Crawford,IN,8.6
18027,Daviess,IN,8.7
18029,Dearborn,IN,9.2
18031,Decatur,IN,8.4
18033,DeKalb,IN,8.2
18035,Delaware,IN,8
18037,Dubois,IN,8.4
18039,Elkhart,IN,8.2
18041,Fayette,IN,8.4
18043,Floyd,IN,9.6
18045,Fountain,IN,8.8
18047,Franklin,IN,8.8
18049,Fulton,IN,8.4
18051,Gibson,IN,8.6
18053,Grant,IN,8.2
18055,Greene,IN,7.5
18057,Hamilton,IN,9.4
18059,Hancock,IN,9
18061,Harrison,IN,9.1
18063,Hendricks,IN,9.9
18065,Henry,IN,7.3
18067,Howard,IN,6.7
18069,Huntington,IN,8.3
18071,Jackson,IN,8.4
18073,Jasper,IN,8.9
18075,Jay,IN,8.1
18077,Jefferson,IN,8.6
18079,Jennings,IN,8.4
18081,Johnson,IN,9.6
18083,Knox,IN,8.7
18085,Kosciusko,IN,8.6
18087,LaGrange,IN,8.3
18089,Lake,IN,9.8
18091,LaPorte,IN,8.1
18093,Lawrence,IN,8.3
18095,Madison,IN,8.3
18097,Marion,IN,11.1
18099,Marshall,IN,8.7
18101,Martin,IN,8.4
18103,Miami,IN,8.2
18105,Monroe,IN,7.7
18107,Montgomery,IN,9
18109,Morgan,IN,9.5
18111,Newton,IN,8.8
18113,Noble,IN,8.5
18115,Ohio,IN,8.8
18117,Orange,IN,8.5
18119,Owen,IN,8.5
18121,Parke,IN,8.5
18123,Perry,IN,8.7
18125,Pike,IN,8.6
18127,Porter,IN,7.5
18129,Posey,IN,8.7
18131,Pulaski,IN,8.5
18133,Putnam,IN,8.9
18135,Randolph,IN,8.2
18137,Ripley,IN,8.6
18139,Rush,IN,8.4
18141,St. Joseph,IN,9.6
18143,Scott,IN,8.6
18145,Shelby,IN,8.9
18147,Spencer,IN,8
18149,Starke,IN,8.5
18151,Steuben,IN,8.1
18153,Sullivan,IN,8.5
18155,Switzerland,IN,8.7
18157,Tippecanoe,IN,9.4
18159,Tipton,IN,8.3
18161,Union,IN,8.5
18163,Vanderburgh,IN,9.1
18165,Vermillion,IN,8.7
18167,Vigo,IN,8.6
18169,Wabash,IN,8.3
18171,Warren,IN,8.4
18173,Warrick,IN,8.7
18175,Washington,IN,8.6
18177,Wayne,IN,8.5
18179,Wells,IN,8.2
18181,White,IN,9
18183,Whitley,IN,9.8
19001,Adair,IA,7
19003,Adams,IA,7
19005,Allamakee,IA,7.8
19007,Appanoose,IA,7.4
19009,Audubon,IA,7
19011,Benton,IA,8.4
19013,Black Hawk,IA,7.9
19015,Boone,IA,7.5
19017,Bremer,IA,7.8
19019,Buchanan,IA,8.3
19021,Buena Vista,IA,7.1
19023,Butler,IA,7.5
19025,Calhoun,IA,7.2
19027,Carroll,IA,7.2
19029,Cass,IA,7.1
19031,Cedar,IA,8.9
19033,Cerro Gordo,IA,7.1
19035,Cherokee,IA,7
19037,Chickasaw,IA,7.4
19039,Clarke,IA,7.1
19041,Clay,IA,6.8
19043,Clayton,IA,8.3
19045,Clinton,IA,8.5
19047,Crawford,IA,7.1
19049,Dallas,IA,7.6
19051,Davis,IA,7.5
19053,Decatur,IA,7.1
19055,Delaware,IA,8.6
19057,Des Moines,IA,8.4
19059,Dickinson,IA,6.6
19061,Dubuque,IA,9
19063,Emmet,IA,6.7
19065,Fayette,IA,8
19067,Floyd,IA,7.2
19069,Franklin,IA,7.2
19071,Fremont,IA,7.4
19073,Greene,IA,7.2
19075,Grundy,IA,7.7
19077,Guthrie,IA,7.1
19079,Hamilton,IA,7.4
19081,Hancock,IA,6.9
19083,Hardin,IA,7.5
19085,Harrison,IA,7.3
19087,Henry,IA,8.3
19089,Howard,IA,7.1
19091,Humboldt,IA,7
19093,Ida,IA,7
19095,Iowa,IA,8.4
19097,Jackson,IA,8.9
19099,Jasper,IA,7.7
19101,Jefferson,IA,8
19103,Johnson,IA,9.5
19105,Jones,IA,8.8
19107,Keokuk,IA,8.1
19109,Kossuth,IA,6.9
19111,Lee,IA,7.8
19113,Linn,IA,9.6
19115,Louisa,IA,8.4
19117,Lucas,IA,7.2
19119,Lyon,IA,6.6
19121,Madison,IA,7.1
19123,Mahaska,IA,7.8
19125,Marion,IA,7.6
19127,Marshall,IA,7.7
19129,Mills,IA,7.5
19131,Mitchell,IA,6.9
19133,Monona,IA,7.1
19135,Monroe,IA,7.5
19137,Montgomery,IA,6.7
19139,Muscatine,IA,8
19141,O'Brien,IA,6.8
19143,Osceola,IA,6.5
19145,Page,IA,7.4
19147,Palo Alto,IA,7.1
19149,Plymouth,IA,7.1
19151,Pocahontas,IA,7
19153,Polk,IA,8
19155,Pottawattamie,IA,8.3
19157,Poweshiek,IA,7.9
19159,Ringgold,IA,7.1
19161,Sac,IA,7.2
19163,Scott,IA,9.2
19165,Shelby,IA,7.1
19167,Sioux,IA,6.9
19169,Story,IA,7.7
19171,Tama,IA,7.8
19173,Taylor,IA,7.2
19175,Union,IA,7.2
19177,Van Buren,IA,6.8
19179,Wapello,IA,7.8
19181,Warren,IA,7.5
19183,Washington,IA,8.5
19185,Wayne,IA,7.2
19187,Webster,IA,7.3
19189,Winnebago,IA,6.7
19191,Winneshiek,IA,7.6
19193,Woodbury,IA,7.6
19195,Worth,IA,6.7
19197,Wright,IA,7.2
20001,Allen,KS,8.5
20003,Anderson,KS,8.2
20005,Atchison,KS,8.3
20007,Barber,KS,7.4
20009,Barton,KS,6.8
20011,Bourbon,KS,8.1
20013,Brown,KS,7.9
20015,Butler,KS,8.5
20017,Chase,KS,8
20019,Chautauqua,KS,8.5
20021,Cherokee,KS,9.3
20023,Cheyenne,KS,5.8
20025,Clark,KS,6.6
20027,Clay,KS,7.2
20029,Cloud,KS,6.9
20031,Coffey,KS,8.5
20033,Comanche,KS,6.9
20035,Cowley,KS,9
20037,Crawford,KS,8.7
20039,Decatur,KS,
20041,Dickinson,KS,7.8
20043,Doniphan,KS,8
20045,Douglas,KS,8.9
20047,Edwards,KS,6.6
20049,Elk,KS,8.4
20051,Ellis,KS,6.3
20053,Ellsworth,KS,6.9
20055,Finney,KS,6.7
20057,Ford,KS,6.7
20059,Franklin,KS,8.3
20061,Geary,KS,8
20063,Gove,KS,
20065,Graham,KS,
20067,Grant,KS,6.6
20069,Gray,KS,6.7
20071,Greeley,KS,6
20073,Greenwood,KS,8.5
20075,Hamilton,KS,6.1
20077,Harper,KS,8.1
20079,Harvey,KS,7.8
20081,Haskell,KS,6.7
20083,Hodgeman,KS,6.3
20085,Jackson,KS,8.3
20087,Jefferson,KS,8.7
20089,Jewell,KS,
20091,Johnson,KS,8.2
20093,Kearny,KS,6.4
20095,Kingman,KS,7.7
20097,Kiowa,KS,6.7
20099,Labette,KS,9.1
20101,Lane,KS,6.1
20103,Leavenworth,KS,8.9
20105,Lincoln,KS,6.6
20107,Linn,KS,7.6
20109,Logan,KS,6
20111,Lyon,KS,8.6
20113,McPherson,KS,7.6
20115,Marion,KS,7.9
20117,Marshall,KS,7.7
20119,Meade,KS,6.6
20121,Miami,KS,8.1
20123,Mitchell,KS,6.6
20125,Montgomery,KS,9.1
20127,Morris,KS,8.1
20129,Morton,KS,5.9
20131,Nemaha,KS,7.9
20133,Neosho,KS,8.7
20135,Ness,KS,
20137,Norton,KS,5.9
20139,Osage,KS,8.8
20141,Osborne,KS,6.2
20143,Ottawa,KS,7.1
20145,Pawnee,KS,6.5
20147,Phillips,KS,6.1
20149,Pottawatomie,KS,8.5
20151,Pratt,KS,7
20153,Rawlins,KS,5.8
20155,Reno,KS,7.7
20157,Republic,KS,6.7
20159,Rice,KS,7
20161,Riley,KS,8.3
20163,Rooks,KS,6.1
20165,Rush,KS,
20167,Russell,KS,6.5
20169,Saline,KS,7.5
20171,Scott,KS,6.3
20173,Sedgwick,KS,6.7
20175,Seward,KS,6.7
20177,Shawnee,KS,9.6
20179,Sheridan,KS,
20181,Sherman,KS,6
20183,Smith,KS,6.1
20185,Stafford,KS,6.9
20187,Stanton,KS,6
20189,Stevens,KS,6.4
20191,Sumner,KS,8.9
20193,Thomas,KS,5.9
20195,Trego,KS,5.5
20197,Wabaunsee,KS,8.5
20199,Wallace,KS,5.9
20201,Washington,KS,7.1
20203,Wichita,KS,6.2
20205,Wilson,KS,8.9
20207,Woodson,KS,8.5
20209,Wyandotte,KS,11
21001,Adair,KY,7.8
21003,Allen,KY,8
21005,Anderson,KY,8.3
21007,Ballard,KY,8.5
21009,Barren,KY,8.1
21011,Bath,KY,7.8
21013,Bell,KY,7.4
21015,Boone,KY,9.4
21017,Bourbon,KY,8.3
21019,Boyd,KY,7.5
21021,Boyle,KY,8.1
21023,Bracken,KY,8.1
21025,Breathitt,KY,7.3
21027,Breckinridge,KY,8.5
21029,Bullitt,KY,9.4
21031,Butler,KY,8.3
21033,Caldwell,KY,8.1
21035,Calloway,KY,7.8
21037,Campbell,KY,7.9
21039,Carlisle,KY,8.3
21041,Carroll,KY,8.5
21043,Carter,KY,5.6
21045,Casey,KY,7.9
21047,Christian,KY,8.5
21049,Clark,KY,8.3
21051,Clay,KY,7.3
21053,Clinton,KY,7.1
21055,Crittenden,KY,8.4
21057,Cumberland,KY,7.3
21059,Daviess,KY,7.9
21061,Edmonson,KY,8.1
21063,Elliott,KY,7.1
21065,Estill,KY,7.5
21067,Fayette,KY,7.9
21069,Fleming,KY,7.8
21071,Floyd,KY,7.3
21073,Franklin,KY,8.3
21075,Fulton,KY,7.7
21077,Gallatin,KY,8.5
21079,Garrard,KY,7.9
21081,Grant,KY,8
21083,Graves,KY,8.3
21085,Grayson,KY,8.3
21087,Green,KY,8
21089,Greenup,KY,7.9
21091,Hancock,KY,8.5
21093,Hardin,KY,7.4
21095,Harlan,KY,7
21097,Harrison,KY,8.2
21099,Hart,KY,8.1
21101,Henderson,KY,8.7
21103,Henry,KY,8.6
21105,Hickman,KY,7.8
21107,Hopkins,KY,8.4
21109,Jackson,KY,7.5
21111,Jefferson,KY,9.8
21113,Jessamine,KY,8.4
21115,Johnson,KY,7.3
21117,Kenton,KY,9.6
21119,Knott,KY,7.1
21121,Knox,KY,7.4
21123,Larue,KY,8.2
21125,Laurel,KY,7.7
21127,Lawrence,KY,7.3
21129,Lee,KY,7.4
21131,Leslie,KY,6.9
21133,Letcher,KY,6.8
21135,Lewis,KY,7.6
21137,Lincoln,KY,8
21139,Livingston,KY,8.4
21141,Logan,KY,8.2
21143,Lyon,KY,8
21145,McCracken,KY,8.8
21147,McCreary,KY,7.2
21149,McLean,KY,8.4
21151,Madison,KY,8.2
21153,Magoffin,KY,7.2
21155,Marion,KY,8.1
21157,Marshall,KY,8.4
21159,Martin,KY,7.1
21161,Mason,KY,7.9
21163,Meade,KY,8.9
21165,Menifee,KY,7.4
21167,Mercer,KY,8.3
21169,Metcalfe,KY,7.8
21171,Monroe,KY,7.5
21173,Montgomery,KY,8
21175,Morgan,KY,7.3
21177,Muhlenberg,KY,8.3
21179,Nelson,KY,8.5
21181,Nicholas,KY,7.9
21183,Ohio,KY,8.4
21185,Oldham,KY,9.2
21187,Owen,KY,8.3
21189,Owsley,KY,7.3
21191,Pendleton,KY,8.1
21193,Perry,KY,7.3
21195,Pike,KY,6.6
21197,Powell,KY,
21199,Pulaski,KY,7.3
21201,Robertson,KY,7.8
21203,Rockcastle,KY,7.7
21205,Rowan,KY,7.4
21207,Russell,KY,7.7
21209,Scott,KY,8.5
21211,Shelby,KY,8.7
21213,Simpson,KY,8.1
21215,Spencer,KY,8.8
21217,Taylor,KY,7.9
21219,Todd,KY,8.1
21221,Trigg,KY,7.8
21223,Trimble,KY,8.6
21225,Union,KY,8.5
21227,Warren,KY,8.3
21229,Washington,KY,8.2
21231,Wayne,KY,7.1
21233,Webster,KY,8.4
21235,Whitley,KY,7.6
21237,Wolfe,KY,7.3
21239,Woodford,KY,8.5
22001,Acadia,LA,8.3
22003,Allen,LA,7.9
22005,Ascension,LA,8.7
22007,Assumption,LA,8.2
22009,Avoyelles,LA,7.9
22011,Beauregard,LA,8.3
22013,Bienville,LA,8.6
22015,Bossier,LA,9.5
22017,Caddo,LA,9.6
22019,Calcasieu,LA,7.5
22021,Caldwell,LA,7.9
22023,Cameron,LA,7.8
22025,Catahoula,LA,7.7
22027,Claiborne,LA,8.4
22029,Concordia,LA,7.7
22031,De Soto,LA,8.8
22033,East Baton Rouge,LA,8.3
22035,East Carroll,LA,8.3
22037,East Feliciana,LA,8.1
22039,Evangeline,LA,8
22041,Franklin,LA,8.1
22043,Grant,LA,8
22045,Iberia,LA,8.3
22047,Iberville,LA,7.5
22049,Jackson,LA,8.3
22051,Jefferson,LA,8.1
22053,Jefferson Davis,LA,8.2
22055,Lafayette,LA,8.2
22057,Lafourche,LA,8.5
22059,LaSalle,LA,7.7
22061,Lincoln,LA,8.5
22063,Livingston,LA,8.7
22065,Madison,LA,8.3
22067,Morehouse,LA,8.5
22069,Natchitoches,LA,8.4
22071,Orleans,LA,7.9
22073,Ouachita,LA,7.3
22075,Plaquemines,LA,8.3
22077,Pointe Coupee,LA,7.9
22079,Rapides,LA,7.3
22081,Red River,LA,8.5
22083,Richland,LA,8.3
22085,Sabine,LA,8.4
22087,St. Bernard,LA,7.9
22089,St. Charles,LA,8.6
22091,St. Helena,LA,7.8
22093,St. James,LA,8.5
22095,St. John the Baptist,LA,8.6
22097,St. Landry,LA,8.3
22099,St. Martin,LA,8.5
22101,St. Mary,LA,8
22103,St. Tammany,LA,9
22105,Tangipahoa,LA,7.5
22107,Tensas,LA,8
22109,Terrebonne,LA,7.4
22111,Union,LA,8.5
22113,Vermilion,LA,8.3
22115,Vernon,LA,8.1
22117,Washington,LA,8.8
22119,Webster,LA,8.8
22121,West Baton Rouge,LA,8.6
22123,West Carroll,LA,8.3
22125,West Feliciana,LA,
22127,Winn,LA,7.9
23001,Androscoggin,ME,5.1
23003,Aroostook,ME,5.7
23005,Cumberland,ME,7.6
23007,Franklin,ME,5.4
23009,Hancock,ME,2.8
23011,Kennebec,ME,6
23013,Knox,ME,5.1
23015,Lincoln,ME,5.8
23017,Oxford,ME,5.1
23019,Penobscot,ME,4.6
23021,Piscataquis,ME,4.7
23023,Sagadahoc,ME,6.3
23025,Somerset,ME,5.5
23027,Waldo,ME,5.1
23029,Washington,ME,4.3
23031,York,ME,6.9
24001,Allegany,MD,6.3
24003,Anne Arundel,MD,7.1
24005,Baltimore,MD,7.5
24009,Calvert,MD,6.2
24011,Caroline,MD,6.5
24013,Carroll,MD,7.9
24015,Cecil,MD,5.6
24017,Charles,MD,7.1
24019,Dorchester,MD,4.4
24021,Frederick,MD,7.7
24023,Garrett,MD,4.6
24025,Harford,MD,5.8
24027,Howard,MD,7
24029,Kent,MD,4.6
24031,Montgomery,MD,5.9
24033,Prince George's,MD,5.9
24035,Queen Anne's,MD,6.3
24037,St. Mary's,MD,6.3
24039,Somerset,MD,6.3
24041,Talbot,MD,6
24043,Washington,MD,6.6
24045,Wicomico,MD,6.7
24047,Worcester,MD,6.8
24510,Baltimore,MD,6.5
25001,Barnstable,MA,5.9
25003,Berkshire,MA,7.8
25005,Bristol,MA,6.3
25007,Dukes,MA,5.5
25009,Essex,MA,5.6
25011,Franklin,MA,8.4
25013,Hampden,MA,8.6
25015,Hampshire,MA,6.8
25017,Middlesex,MA,6.7
25019,Nantucket,MA,5.3
25021,Norfolk,MA,5.3
25023,Plymouth,MA,7.6
25025,Suffolk,MA,8.5
25027,Worcester,MA,8.1
26001,Alcona,MI,6
26003,Alger,MI,5.3
26005,Allegan,MI,6
26007,Alpena,MI,6.1
26009,Antrim,MI,6.6
26011,Arenac,MI,6.1
26013,Baraga,MI,4.8
26015,Barry,MI,7.7
26017,Bay,MI,4.7
26019,Benzie,MI,6.6
26021,Berrien,MI,8.8
26023,Branch,MI,8
26025,Calhoun,MI,8
26027,Cass,MI,8.7
26029,Charlevoix,MI,6.5
26031,Cheboygan,MI,6.1
26033,Chippewa,MI,5.8
26035,Clare,MI,6.9
26037,Clinton,MI,7.5
26039,Crawford,MI,6.7
26041,Delta,MI,6.3
26043,Dickinson,MI,5.9
26045,Eaton,MI,7.8
26047,Emmet,MI,6.3
26049,Genesee,MI,6.1
26051,Gladwin,MI,6.5
26053,Gogebic,MI,5.3
26055,Grand Traverse,MI,6.9
26057,Gratiot,MI,6.9
26059,Hillsdale,MI,8
26061,Houghton,MI,4.9
26063,Huron,MI,6.3
26065,Ingham,MI,7
26067,Ionia,MI,7.5
26069,Iosco,MI,6.1
26071,Iron,MI,5.4
26073,Isabella,MI,6.8
26075,Jackson,MI,8.2
26077,Kalamazoo,MI,7.7
26079,Kalkaska,MI,6.8
26081,Kent,MI,7.8
26083,Keweenaw,MI,4.4
26085,Lake,MI,6.5
26087,Lapeer,MI,7.4
26089,Leelanau,MI,6.3
26091,Lenawee,MI,8.2
26093,Livingston,MI,8.6
26095,Luce,MI,5.1
26097,Mackinac,MI,5.7
26099,Macomb,MI,6
26101,Manistee,MI,5.1
26103,Marquette,MI,5.6
26105,Mason,MI,6.7
26107,Mecosta,MI,6.9
26109,Menominee,MI,6.8
26111,Midland,MI,6.5
26113,Missaukee,MI,7.9
26115,Monroe,MI,9.1
26117,Montcalm,MI,7.3
26119,Montmorency,MI,6
26121,Muskegon,MI,7.3
26123,Newaygo,MI,7.1
26125,Oakland,MI,7.5
26127,Oceana,MI,6.8
26129,Ogemaw,MI,6.2
26131,Ontonagon,MI,4.9
26133,Osceola,MI,6.8
26135,Oscoda,MI,6.1
26137,Otsego,MI,6.4
26139,Ottawa,MI,7.4
26141,Presque Isle,MI,5.9
26143,Roscommon,MI,6.9
26145,Saginaw,MI,6.6
26147,St. Clair,MI,6.8
26149,St. Joseph,MI,8.4
26151,Sanilac,MI,6.9
26153,Schoolcraft,MI,4.8
26155,Shiawassee,MI,7.3
26157,Tuscola,MI,6.4
26159,Van Buren,MI,8
26161,Washtenaw,MI,8.3
26163,Wayne,MI,10.7
26165,Wexford,MI,6.8
27001,Aitkin,MN,4.6
27003,Anoka,MN,6.2
27005,Becker,MN,4.2
27007,Beltrami,MN,5.7
27009,Benton,MN,6.1
27011,Big Stone,MN,5.9
27013,Blue Earth,MN,6.8
27015,Brown,MN,6.4
27017,Carlton,MN,1.3
27019,Carver,MN,7
27021,Cass,MN,4.4
27023,Chippewa,MN,5.8
27025,Chisago,MN,6.5
27027,Clay,MN,6.4
27029,Clearwater,MN,5.5
27031,Cook,MN,2.6
27033,Cottonwood,MN,6.2
27035,Crow Wing,MN,4.2
27037,Dakota,MN,7.6
27039,Dodge,MN,6.8
27041,Douglas,MN,5.7
27043,Faribault,MN,6.7
27045,Fillmore,MN,7.4
27047,Freeborn,MN,6.7
27049,Goodhue,MN,7.5
27051,Grant,MN,5.6
27053,Hennepin,MN,8.7
27055,Houston,MN,7.9
27057,Hubbard,MN,5.1
27059,Isanti,MN,6.4
27061,Itasca,MN,4.8
27063,Jackson,MN,6.5
27065,Kanabec,MN,5.4
27067,Kandiyohi,MN,5.9
27069,Kittson,MN,6.2
27071,Koochiching,MN,5
27073,Lac qui Parle,MN,5.8
27075,Lake,MN,5.3
27077,Lake of the Woods,MN,5.1
27079,Le Sueur,MN,6.8
27081,Lincoln,MN,5.5
27083,Lyon,MN,5.3
27085,McLeod,MN,6.2
27087,Mahnomen,MN,5.3
27089,Marshall,MN,6.3
27091,Martin,MN,6.6
27093,Meeker,MN,5.9
27095,Mille Lacs,MN,6
27097,Morrison,MN,5.6
27099,Mower,MN,6.8
27101,Murray,MN,6
27103,Nicollet,MN,6.7
27105,Nobles,MN,6.4
27107,Norman,MN,5.9
27109,Olmsted,MN,5.6
27111,Otter Tail,MN,5.8
27113,Pennington,MN,6
27115,Pine,MN,5.4
27117,Pipestone,MN,5.9
27119,Polk,MN,6.6
27121,Pope,MN,5.7
27123,Ramsey,MN,7.9
27125,Red Lake,MN,5.8
27127,Redwood,MN,6.1
27129,Renville,MN,6.1
27131,Rice,MN,7.2
27133,Rock,MN,6.3
27135,Roseau,MN,6
27137,St. Louis,MN,7.3
27139,Scott,MN,5.8
27141,Sherburne,MN,6.7
27143,Sibley,MN,6.3
27145,Stearns,MN,5.8
27147,Steele,MN,6.7
27149,Stevens,MN,5.7
27151,Swift,MN,5.8
27153,Todd,MN,5.6
27155,Traverse,MN,5.8
27157,Wabasha,MN,7.3
27159,Wadena,MN,5.1
27161,Waseca,MN,6.7
27163,Washington,MN,7.8
27165,Watonwan,MN,6.3
27167,Wilkin,MN,5.7
27169,Winona,MN,7.7
27171,Wright,MN,6.2
27173,Yellow Medicine,MN,5.9
28001,Adams,MS,7.7
28003,Alcorn,MS,7.5
28005,Amite,MS,7.9
28007,Attala,MS,8.9
28009,Benton,MS,7.8
28011,Bolivar,MS,8.6
28013,Calhoun,MS,8.4
28015,Carroll,MS,8.3
28017,Chickasaw,MS,8.5
28019,Choctaw,MS,8.6
28021,Claiborne,MS,8.1
28023,Clarke,MS,8.8
28025,Clay,MS,9
28027,Coahoma,MS,8.7
28029,Copiah,MS,9
28031,Covington,MS,9.5
28033,DeSoto,MS,8.2
28035,Forrest,MS,9.7
28037,Franklin,MS,7.5
28039,George,MS,9.1
28041,Greene,MS,
28043,Grenada,MS,8.4
28045,Hancock,MS,8.4
28047,Harrison,MS,9.6
28049,Hinds,MS,10.2
28051,Holmes,MS,8.8
28053,Humphreys,MS,8.8
28055,Issaquena,MS,8.3
28057,Itawamba,MS,8
28059,Jackson,MS,8.7
28061,Jasper,MS,9.1
28063,Jefferson,MS,7.6
28065,Jefferson Davis,MS,9.2
28067,Jones,MS,9.8
28069,Kemper,MS,8.8
28071,Lafayette,MS,8.4
28073,Lamar,MS,9
28075,Lauderdale,MS,9.2
28077,Lawrence,MS,8.8
28079,Leake,MS,9.2
28081,Lee,MS,8.6
28083,Leflore,MS,8.8
28085,Lincoln,MS,8.6
28087,Lowndes,MS,9.1
28089,Madison,MS,10.2
28091,Marion,MS,9.1
28093,Marshall,MS,8
28095,Monroe,MS,8.7
28097,Montgomery,MS,8.4
28099,Neshoba,MS,9.5
28101,Newton,MS,9.3
28103,Noxubee,MS,8.8
28105,Oktibbeha,MS,8.8
28107,Panola,MS,8.3
28109,Pearl River,MS,9
28111,Perry,MS,9.2
28113,Pike,MS,8.4
28115,Pontotoc,MS,8.6
28117,Prentiss,MS,7.8
28119,Quitman,MS,8.6
28121,Rankin,MS,10.1
28123,Scott,MS,9.4
28125,Sharkey,MS,8.5
28127,Simpson,MS,9.2
28129,Smith,MS,9.1
28131,Stone,MS,8.9
28133,Sunflower,MS,9
28135,Tallahatchie,MS,8.6
28137,Tate,MS,8.6
28139,Tippah,MS,7.7
28141,Tishomingo,MS,6.9
28143,Tunica,MS,8.5
28145,Union,MS,8.3
28147,Walthall,MS,8.4
28149,Warren,MS,8.7
28151,Washington,MS,8.9
28153,Wayne,MS,8.7
28155,Webster,MS,8.4
28157,Wilkinson,MS,7.3
28159,Winston,MS,8.9
28161,Yalobusha,MS,8.3
28163,Yazoo,MS,9
29001,Adair,MO,7.4
29003,Andrew,MO,7.8
29005,Atchison,MO,7.5
29007,Audrain,MO,7.8
29009,Barry,MO,8.3
29011,Barton,MO,8.1
29013,Bates,MO,7.4
29015,Benton,MO,7.1
29017,Bollinger,MO,8.2
29019,Boone,MO,7.9
29021,Buchanan,MO,8.2
29023,Butler,MO,8.1
29025,Caldwell,MO,7
29027,Callaway,MO,7.7
29029,Camden,MO,7.3
29031,Cape Girardeau,MO,9
29033,Carroll,MO,7.1
29035,Carter,MO,7.1
29037,Cass,MO,6.2
29039,Cedar,MO,6.5
29041,Chariton,MO,7.3
29043,Christian,MO,8.3
29045,Clark,MO,7.9
29047,Clay,MO,6.2
29049,Clinton,MO,7.7
29051,Cole,MO,7.7
29053,Cooper,MO,7.3
29055,Crawford,MO,7.2
29057,Dade,MO,7.7
29059,Dallas,MO,7.2
29061,Daviess,MO,7.3
29063,DeKalb,MO,7.4
29065,Dent,MO,6.9
29067,Douglas,MO,7.4
29069,Dunklin,MO,8.4
29071,Franklin,MO,8.4
29073,Gasconade,MO,7.5
29075,Gentry,MO,7.4
29077,Greene,MO,7.5
29079,Grundy,MO,7.2
29081,Harrison,MO,7.2
29083,Henry,MO,7.1
29085,Hickory,MO,7
29087,Holt,MO,7.7
29089,Howard,MO,7.3
29091,Howell,MO,7.5
29093,Iron,MO,7.2
29095,Jackson,MO,10.1
29097,Jasper,MO,9.1
29099,Jefferson,MO,7.6
29101,Johnson,MO,7.2
29103,Knox,MO,7.4
29105,Laclede,MO,7.2
29107,Lafayette,MO,7.4
29109,Lawrence,MO,8.3
29111,Lewis,MO,7.9
29113,Lincoln,MO,7.8
29115,Linn,MO,7.3
29117,Livingston,MO,7.2
29119,McDonald,MO,9
29121,Macon,MO,7.4
29123,Madison,MO,7.5
29125,Maries,MO,7.2
29127,Marion,MO,7.9
29129,Mercer,MO,7.1
29131,Miller,MO,7.3
29133,Mississippi,MO,8.5
29135,Moniteau,MO,7.5
29137,Monroe,MO,7.6
29139,Montgomery,MO,7.7
29141,Morgan,MO,7.3
29143,New Madrid,MO,8.3
29145,Newton,MO,9.2
29147,Nodaway,MO,7.5
29149,Oregon,MO,7.4
29151,Osage,MO,7.4
29153,Ozark,MO,7.2
29155,Pemiscot,MO,7.7
29157,Perry,MO,8.6
29159,Pettis,MO,7.2
29161,Phelps,MO,7.2
29163,Pike,MO,7.9
29165,Platte,MO,9
29167,Polk,MO,
29169,Pulaski,MO,7.3
29171,Putnam,MO,7.2
29173,Ralls,MO,7.8
29175,Randolph,MO,7.4
29177,Ray,MO,7.3
29179,Reynolds,MO,6.9
29181,Ripley,MO,7.7
29183,St. Charles,MO,9.4
29185,St. Clair,MO,7
29186,Ste. Genevieve,MO,8.3
29187,St. Francois,MO,7.7
29189,St. Louis,MO,7.7
29195,Saline,MO,7.2
29197,Schuyler,MO,7.4
29199,Scotland,MO,7.5
29201,Scott,MO,8.9
29203,Shannon,MO,6.9
29205,Shelby,MO,7.5
29207,Stoddard,MO,8.5
29209,Stone,MO,
29211,Sullivan,MO,7.3
29213,Taney,MO,8.1
29215,Texas,MO,
29217,Vernon,MO,7.7
29219,Warren,MO,8
29221,Washington,MO,7.3
29223,Wayne,MO,7.5
29225,Webster,MO,7.6
29227,Worth,MO,7.1
29229,Wright,MO,7.3
29510,St. Louis,MO,10.3
30001,Beaverhead,MT,5.3
30003,Big Horn,MT,6.6
30005,Blaine,MT,6
30007,Broadwater,MT,5.2
30009,Carbon,MT,5.7
30011,Carter,MT,5.5
30013,Cascade,MT,5.9
30015,Chouteau,MT,5.6
30017,Custer,MT,5.8
30019,Daniels,MT,5.3
30021,Dawson,MT,4.8
30023,Deer Lodge,MT,5.5
30025,Fallon,MT,4.9
30027,Fergus,MT,4.7
30029,Flathead,MT,6.9
30031,Gallatin,MT,2.3
30033,Garfield,MT,5.2
30035,Glacier,MT,6.4
30037,Golden Valley,MT,5
30039,Granite,MT,
30041,Hill,MT,5.8
30043,Jefferson,MT,5.9
30045,Judith Basin,MT,4.6
30047,Lake,MT,8.5
30049,Lewis and Clark,MT,7.6
30051,Liberty,MT,5.4
30053,Lincoln,MT,13.8
30055,McCone,MT,4.9
30057,Madison,MT,5.2
30059,Meagher,MT,4.5
30061,Mineral,MT,8.4
30063,Missoula,MT,8.7
30065,Musselshell,MT,5.7
30067,Park,MT,5.1
30069,Petroleum,MT,5.3
30071,Phillips,MT,6.3
30073,Pondera,MT,5.8
30075,Powder River,MT,7.6
30077,Powell,MT,5.8
30079,Prairie,MT,5
30081,Ravalli,MT,5.8
30083,Richland,MT,4.3
30085,Roosevelt,MT,5.3
30087,Rosebud,MT,5.9
30089,Sanders,MT,8.9
30091,Sheridan,MT,5.3
30093,Silver Bow,MT,6.5
30095,Stillwater,MT,5.6
30097,Sweet Grass,MT,4.7
30099,Teton,MT,5.7
30101,Toole,MT,5.8
30103,Treasure,MT,6
30105,Valley,MT,5.6
30107,Wheatland,MT,4.7
30109,Wibaux,MT,4.4
30111,Yellowstone,MT,7.1
31001,Adams,NE,6.2
31003,Antelope,NE,6
31005,Arthur,NE,5.3
31007,Banner,NE,5.5
31009,Blaine,NE,5.2
31011,Boone,NE,6
31013,Box Butte,NE,5.4
31015,Boyd,NE,5.4
31017,Brown,NE,5.1
31019,Buffalo,NE,6.2
31021,Burt,NE,7.1
31023,Butler,NE,6.8
31025,Cass,NE,7.8
31027,Cedar,NE,6.3
31029,Chase,NE,5.7
31031,Cherry,NE,4.9
31033,Cheyenne,NE,5.7
31035,Clay,NE,6.3
31037,Colfax,NE,6.8
31039,Cuming,NE,7
31041,Custer,NE,5.9
31043,Dakota,NE,7
31045,Dawes,NE,4.8
31047,Dawson,NE,6.1
31049,Deuel,NE,5.7
31051,Dixon,NE,6.6
31053,Dodge,NE,7.4
31055,Douglas,NE,7.3
31057,Dundy,NE,5.8
31059,Fillmore,NE,6.5
31061,Franklin,NE,6
31063,Frontier,NE,5.8
31065,Furnas,NE,5.9
31067,Gage,NE,7.3
31069,Garden,NE,5.4
31071,Garfield,NE,5.5
31073,Gosper,NE,5.9
31075,Grant,NE,5.1
31077,Greeley,NE,5.8
31079,Hall,NE,5.6
31081,Hamilton,NE,6.2
31083,Harlan,NE,5.9
31085,Hayes,NE,5.7
31087,Hitchcock,NE,5.8
31089,Holt,NE,5.7
31091,Hooker,NE,5.1
31093,Howard,NE,5.9
31095,Jefferson,NE,6.9
31097,Johnson,NE,7.3
31099,Kearney,NE,6
31101,Keith,NE,5.7
31103,Keya Paha,NE,5
31105,Kimball,NE,5.5
31107,Knox,NE,6.1
31109,Lancaster,NE,6.5
31111,Lincoln,NE,5.9
31113,Logan,NE,5.3
31115,Loup,NE,5.4
31117,McPherson,NE,5.3
31119,Madison,NE,6.5
31121,Merrick,NE,6.2
31123,Morrill,NE,5.6
31125,Nance,NE,6.1
31127,Nemaha,NE,7.4
31129,Nuckolls,NE,6.3
31131,Otoe,NE,7.6
31133,Pawnee,NE,7.3
31135,Perkins,NE,5.7
31137,Phelps,NE,6.1
31139,Pierce,NE,6.2
31141,Platte,NE,6.7
31143,Polk,NE,6.4
31145,Red Willow,NE,5.9
31147,Richardson,NE,7.7
31149,Rock,NE,5.2
31151,Saline,NE,7
31153,Sarpy,NE,7.8
31155,Saunders,NE,7.6
31157,Scotts Bluff,NE,6.1
31159,Seward,NE,6.9
31161,Sheridan,NE,5.1
31163,Sherman,NE,5.7
31165,Sioux,NE,4.8
31167,Stanton,NE,6.6
31169,Thayer,NE,6.6
31171,Thomas,NE,5.2
31173,Thurston,NE,6.9
31175,Valley,NE,5.7
31177,Washington,NE,6.2
31179,Wayne,NE,6.5
31181,Webster,NE,6.2
31183,Wheeler,NE,5.7
31185,York,NE,6.5
32001,Churchill,NV,9.6
32003,Clark,NV,12.1
32005,Douglas,NV,9.5
32007,Elko,NV,6.2
32009,Esmeralda,NV,7.8
32011,Eureka,NV,4.9
32013,Humboldt,NV,6.6
32015,Lander,NV,
32017,Lincoln,NV,5.4
32019,Lyon,NV,10.4
32021,Mineral,NV,9.6
32023,Nye,NV,7.4
32027,Pershing,NV,6.7
32029,Storey,NV,9.6
32031,Washoe,NV,11.2
32033,White Pine,NV,4.9
32510,Carson City,NV,8.5
33001,Belknap,NH,4.1
33003,Carroll,NH,5.3
33005,Cheshire,NH,6.4
33007,Coos,NH,4.9
33009,Grafton,NH,4.4
33011,Hillsborough,NH,3.4
33013,Merrimack,NH,5.7
33015,Rockingham,NH,6.9
33017,Strafford,NH,6.3
33019,Sullivan,NH,5.6
34001,Atlantic,NJ,6.9
34003,Bergen,NJ,9.5
34005,Burlington,NJ,8.3
34007,Camden,NJ,8.7
34009,Cape May,NJ,7.3
34011,Cumberland,NJ,8.3
34013,Essex,NJ,8.8
34015,Gloucester,NJ,8.6
34017,Hudson,NJ,8.3
34019,Hunterdon,NJ,7.4
34021,Mercer,NJ,7.2
34023,Middlesex,NJ,7.6
34025,Monmouth,NJ,7.9
34027,Morris,NJ,8
34029,Ocean,NJ,6.5
34031,Passaic,NJ,8.3
34033,Salem,NJ,8.3
34035,Somerset,NJ,8.1
34037,Sussex,NJ,7.5
34039,Union,NJ,9.5
34041,Warren,NJ,7.2
35001,Bernalillo,NM,9.7
35003,Catron,NM,
35005,Chaves,NM,6.3
35006,Cibola,NM,5.1
35007,Colfax,NM,4.9
35009,Curry,NM,5.8
35011,De Baca,NM,5.1
35013,Doña Ana,NM,9.1
35015,Eddy,NM,7
35017,Grant,NM,5.5
35019,Guadalupe,NM,4.9
35021,Harding,NM,4.9
35023,Hidalgo,NM,5.2
35025,Lea,NM,5.6
35027,Lincoln,NM,5.1
35028,Los Alamos,NM,4.9
35029,Luna,NM,5.6
35031,McKinley,NM,5.3
35033,Mora,NM,
35035,Otero,NM,5.8
35037,Quay,NM,5.2
35039,Rio Arriba,NM,5.4
35041,Roosevelt,NM,5.7
35043,Sandoval,NM,7.6
35045,San Juan,NM,6.4
35047,San Miguel,NM,4.9
35049,Santa Fe,NM,4.5
35051,Sierra,NM,5.3
35053,Socorro,NM,5.3
35055,Taos,NM,5.9
35057,Torrance,NM,5.5
35059,Union,NM,4.9
35061,Valencia,NM,6.8
36001,Albany,NY,8.7
36003,Allegany,NY,6.5
36005,Bronx,NY,8.3
36007,Broome,NY,7.2
36009,Cattaraugus,NY,6.8
36011,Cayuga,NY,7
36013,Chautauqua,NY,5.3
36015,Chemung,NY,6.8
36017,Chenango,NY,6.7
36019,Clinton,NY,6.2
36021,Columbia,NY,7.8
36023,Cortland,NY,6.7
36025,Delaware,NY,6.5
36027,Dutchess,NY,8.3
36029,Erie,NY,6.8
36031,Essex,NY,3.2
36033,Franklin,NY,6.5
36035,Fulton,NY,7
36037,Genesee,NY,7.2
36039,Greene,NY,7.4
36041,Hamilton,NY,5.7
36043,Herkimer,NY,6.8
36045,Jefferson,NY,6.5
36047,Kings,NY,8.4
36049,Lewis,NY,6
36051,Livingston,NY,6.8
36053,Madison,NY,6.8
36055,Monroe,NY,6.6
36057,Montgomery,NY,7.3
36059,Nassau,NY,8.2
36061,New York,NY,8.7
36063,Niagara,NY,7.9
36065,Oneida,NY,7
36067,Onondaga,NY,6.4
36069,Ontario,NY,6.9
36071,Orange,NY,8.1
36073,Orleans,NY,7.1
36075,Oswego,NY,6.9
36077,Otsego,NY,6.5
36079,Putnam,NY,8.2
36081,Queens,NY,7.4
36083,Rensselaer,NY,8.1
36085,Richmond,NY,7.7
36087,Rockland,NY,8.4
36089,St. Lawrence,NY,6.9
36091,Saratoga,NY,8.2
36093,Schenectady,NY,8
36095,Schoharie,NY,6.6
36097,Schuyler,NY,6.6
36099,Seneca,NY,6.9
36101,Steuben,NY,5.7
36103,Suffolk,NY,6.4
36105,Sullivan,NY,6.9
36107,Tioga,NY,7.1
36109,Tompkins,NY,6.8
36111,Ulster,NY,8
36113,Warren,NY,7.3
36115,Washington,NY,7.6
36117,Wayne,NY,7.1
36119,Westchester,NY,8.8
36121,Wyoming,NY,6.8
36123,Yates,NY,6.4
37001,Alamance,NC,7.4
37003,Alexander,NC,7.7
37005,Alleghany,NC,6.4
37007,Anson,NC,7.5
37009,Ashe,NC,5.9
37011,Avery,NC,5.7
37013,Beaufort,NC,5.9
37015,Bertie,NC,6.1
37017,Bladen,NC,6.2
37019,Brunswick,NC,6.2
37021,Buncombe,NC,5.1
37023,Burke,NC,7.5
37025,Cabarrus,NC,8.5
37027,Caldwell,NC,7.4
37029,Camden,NC,6
37031,Carteret,NC,5.7
37033,Caswell,NC,7.3
37035,Catawba,NC,7.9
37037,Chatham,NC,7.5
37039,Cherokee,NC,6.1
37041,Chowan,NC,5.7
37043,Clay,NC,
37045,Cleveland,NC,8.1
37047,Columbus,NC,6.5
37049,Craven,NC,5.7
37051,Cumberland,NC,6.8
37053,Currituck,NC,6
37055,Dare,NC,5.9
37057,Davidson,NC,8.3
37059,Davie,NC,8.3
37061,Duplin,NC,5.9
37063,Durham,NC,7.3
37065,Edgecombe,NC,6.7
37067,Forsyth,NC,8.1
37069,Franklin,NC,7.3
37071,Gaston,NC,8.4
37073,Gates,NC,6.1
37075,Graham,NC,5.9
37077,Granville,NC,7.3
37079,Greene,NC,6.4
37081,Guilford,NC,6.4
37083,Halifax,NC,6.7
37085,Harnett,NC,7.5
37087,Haywood,NC,5.8
37089,Henderson,NC,6.3
37091,Hertford,NC,6.2
37093,Hoke,NC,7.3
37095,Hyde,NC,5.5
37097,Iredell,NC,8.6
37099,Jackson,NC,6.3
37101,Johnston,NC,6.6
37103,Jones,NC,5.7
37105,Lee,NC,7.3
37107,Lenoir,NC,6.2
37109,Lincoln,NC,8.4
37111,McDowell,NC,6.2
37113,Macon,NC,6.2
37115,Madison,NC,5.8
37117,Martin,NC,6.1
37119,Mecklenburg,NC,8.4
37121,Mitchell,NC,5.2
37123,Montgomery,NC,7.6
37125,Moore,NC,7.5
37127,Nash,NC,6.9
37129,New Hanover,NC,4.1
37131,Northampton,NC,6.3
37133,Onslow,NC,5.7
37135,Orange,NC,7.4
37137,Pamlico,NC,5.6
37139,Pasquotank,NC,6
37141,Pender,NC,5.7
37143,Perquimans,NC,5.8
37145,Person,NC,7.2
37147,Pitt,NC,5.7
37149,Polk,NC,7.1
37151,Randolph,NC,8.1
37153,Richmond,NC,7.5
37155,Robeson,NC,7.2
37157,Rockingham,NC,7.6
37159,Rowan,NC,7.6
37161,Rutherford,NC,7.6
37163,Sampson,NC,6.6
37165,Scotland,NC,7.2
37167,Stanly,NC,8.1
37169,Stokes,NC,7.5
37171,Surry,NC,7.6
37173,Swain,NC,6.1
37175,Transylvania,NC,5.8
37177,Tyrrell,NC,5.3
37179,Union,NC,8.1
37181,Vance,NC,7
37183,Wake,NC,9
37185,Warren,NC,6.7
37187,Washington,NC,5.6
37189,Watauga,NC,6
37191,Wayne,NC,6.8
37193,Wilkes,NC,7.1
37195,Wilson,NC,6.8
37197,Yadkin,NC,7.9
37199,Yancey,NC,5.5
38001,Adams,ND,4.6
38003,Barnes,ND,6
38005,Benson,ND,5.7
38007,Billings,ND,3.6
38009,Bottineau,ND,5.7
38011,Bowman,ND,4.7
38013,Burke,ND,4.9
38015,Burleigh,ND,6.9
38017,Cass,ND,6.4
38019,Cavalier,ND,6.1
38021,Dickey,ND,5.9
38023,Divide,ND,5.1
38025,Dunn,ND,3.6
38027,Eddy,ND,5.6
38029,Emmons,ND,5.4
38031,Foster,ND,5.6
38033,Golden Valley,ND,4.1
38035,Grand Forks,ND,6.7
38037,Grant,ND,4.8
38039,Griggs,ND,5.7
38041,Hettinger,ND,4.6
38043,Kidder,ND,5.5
38045,LaMoure,ND,5.8
38047,Logan,ND,5.5
38049,McHenry,ND,5.4
38051,McIntosh,ND,5.4
38053,McKenzie,ND,3.5
38055,McLean,ND,5.5
38057,Mercer,ND,5.4
38059,Morton,ND,5.8
38061,Mountrail,ND,5
38063,Nelson,ND,5.8
38065,Oliver,ND,4.8
38067,Pembina,ND,6.6
38069,Pierce,ND,5.6
38071,Ramsey,ND,5.9
38073,Ransom,ND,6
38075,Renville,ND,5.3
38077,Richland,ND,6.1
38079,Rolette,ND,5.9
38081,Sargent,ND,5.9
38083,Sheridan,ND,5.3
38085,Sioux,ND,5.2
38087,Slope,ND,4.3
38089,Stark,ND,4.5
38091,Steele,ND,5.9
38093,Stutsman,ND,5.8
38095,Towner,ND,5.8
38097,Traill,ND,6.2
38099,Walsh,ND,6.5
38101,Ward,ND,4.6
38103,Wells,ND,5.5
38105,Williams,ND,5.2
39001,Adams,OH,7.9
39003,Allen,OH,5.4
39005,Ashland,OH,7.6
39007,Ashtabula,OH,7.5
39009,Athens,OH,6.1
39011,Auglaize,OH,7.7
39013,Belmont,OH,7.7
39015,Brown,OH,8.6
39017,Butler,OH,10.4
39019,Carroll,OH,8.2
39021,Champaign,OH,8
39023,Clark,OH,7.8
39025,Clermont,OH,9.6
39027,Clinton,OH,8.7
39029,Columbiana,OH,8.5
39031,Coshocton,OH,7.8
39033,Crawford,OH,7.4
39035,Cuyahoga,OH,10.8
39037,Darke,OH,8.5
39039,Defiance,OH,7.8
39041,Delaware,OH,8.2
39043,Erie,OH,7.7
39045,Fairfield,OH,8.3
39047,Fayette,OH,8.2
39049,Franklin,OH,8.2
39051,Fulton,OH,8
39053,Gallia,OH,7.9
39055,Geauga,OH,8.4
39057,Greene,OH,9.3
39059,Guernsey,OH,7.7
39061,Hamilton,OH,10.8
39063,Hancock,OH,7.2
39065,Hardin,OH,7
39067,Harrison,OH,7.7
39069,Henry,OH,7.6
39071,Highland,OH,8.3
39073,Hocking,OH,7.6
39075,Holmes,OH,8.1
39077,Huron,OH,7.5
39079,Jackson,OH,7.8
39081,Jefferson,OH,8.2
39083,Knox,OH,7.7
39085,Lake,OH,6.2
39087,Lawrence,OH,8.3
39089,Licking,OH,8.3
39091,Logan,OH,7.5
39093,Lorain,OH,6.8
39095,Lucas,OH,9.4
39097,Madison,OH,8.2
39099,Mahoning,OH,7.9
39101,Marion,OH,7.5
39103,Medina,OH,6.5
39105,Meigs,OH,7.8
39107,Mercer,OH,8
39109,Miami,OH,8.8
39111,Monroe,OH,7.3
39113,Montgomery,OH,10.3
39115,Morgan,OH,7.5
39117,Morrow,OH,7.5
39119,Muskingum,OH,7.8
39121,Noble,OH,7.4
39123,Ottawa,OH,8.2
39125,Paulding,OH,7.7
39127,Perry,OH,7.5
39129,Pickaway,OH,8.2
39131,Pike,OH,7.8
39133,Portage,OH,8.8
39135,Preble,OH,7.7
39137,Putnam,OH,7.1
39139,Richland,OH,7.5
39141,Ross,OH,8.1
39143,Sandusky,OH,7.8
39145,Scioto,OH,6.6
39147,Seneca,OH,7.4
39149,Shelby,OH,8
39151,Stark,OH,9.1
39153,Summit,OH,9.4
39155,Trumbull,OH,6.3
39157,Tuscarawas,OH,8.3
39159,Union,OH,7.9
39161,Van Wert,OH,7.7
39163,Vinton,OH,7.5
39165,Warren,OH,10
39167,Washington,OH,7.9
39169,Wayne,OH,8.4
39171,Williams,OH,7.9
39173,Wood,OH,8.3
39175,Wyandot,OH,7.2
40001,Adair,OK,8.6
40003,Alfalfa,OK,8.3
40005,Atoka,OK,9
40007,Beaver,OK,6.6
40009,Beckham,OK,7.2
40011,Blaine,OK,8.4
40013,Bryan,OK,9
40015,Caddo,OK,8.5
40017,Canadian,OK,9.9
40019,Carter,OK,9.5
40021,Cherokee,OK,8.6
40023,Choctaw,OK,8.7
40025,Cimarron,OK,5.5
40027,Cleveland,OK,9.9
40029,Coal,OK,8.9
40031,Comanche,OK,7.4
40033,Cotton,OK,8
40035,Craig,OK,9.1
40037,Creek,OK,9.5
40039,Custer,OK,7.8
40041,Delaware,OK,9.1
40043,Dewey,OK,7.3
40045,Ellis,OK,6.9
40047,Garfield,OK,9.3
40049,Garvin,OK,9.5
40051,Grady,OK,9.4
40053,Grant,OK,8.8
40055,Greer,OK,6.9
40057,Harmon,OK,6.5
40059,Harper,OK,6.9
40061,Haskell,OK,8.7
40063,Hughes,OK,9.2
40065,Jackson,OK,7.2
40067,Jefferson,OK,8.7
40069,Johnston,OK,9.1
40071,Kay,OK,9.3
40073,Kingfisher,OK,9.1
40075,Kiowa,OK,7.5
40077,Latimer,OK,8.3
40079,Le Flore,OK,9
40081,Lincoln,OK,9.3
40083,Logan,OK,9.3
40085,Love,OK,8.9
40087,McClain,OK,9.5
40089,McCurtain,OK,9
40091,McIntosh,OK,8.9
40093,Major,OK,8.4
40095,Marshall,OK,8.8
40097,Mayes,OK,9.2
40099,Murray,OK,9.1
40101,Muskogee,OK,9.2
40103,Noble,OK,9.2
40105,Nowata,OK,8.9
40107,Okfuskee,OK,9.1
40109,Oklahoma,OK,9.9
40111,Okmulgee,OK,9.2
40113,Osage,OK,9.7
40115,Ottawa,OK,9.6
40117,Pawnee,OK,9
40119,Payne,OK,9.3
40121,Pittsburg,OK,8.5
40123,Pontotoc,OK,9.3
40125,Pottawatomie,OK,9.5
40127,Pushmataha,OK,8.2
40129,Roger Mills,OK,6.8
40131,Rogers,OK,9.7
40133,Seminole,OK,9.3
40135,Sequoyah,OK,7.1
40137,Stephens,OK,9
40139,Texas,OK,6.5
40141,Tillman,OK,7.6
40143,Tulsa,OK,8.9
40145,Wagoner,OK,9.7
40147,Washington,OK,8
40149,Washita,OK,7.7
40151,Woods,OK,7.8
40153,Woodward,OK,7.3
41001,Baker,OR,9.8
41003,Benton,OR,11.4
41005,Clackamas,OR,30.4
41007,Clatsop,OR,7.4
41009,Columbia,OR,10.1
41011,Coos,OR,9.9
41013,Crook,OR,16.2
41015,Curry,OR,9.5
41017,Deschutes,OR,15.8
41019,Douglas,OR,19.3
41021,Gilliam,OR,14
41023,Grant,OR,8.2
41025,Harney,OR,11.9
41027,Hood River,OR,15.5
41029,Jackson,OR,15.6
41031,Jefferson,OR,18.4
41033,Josephine,OR,14.5
41035,Klamath,OR,19.7
41037,Lake,OR,7.8
41039,Lane,OR,15
41041,Lincoln,OR,8.9
41043,Linn,OR,21
41045,Malheur,OR,10.6
41047,Marion,OR,24.9
41049,Morrow,OR,12
41051,Multnomah,OR,10.7
41053,Polk,OR,12.1
41055,Sherman,OR,15.1
41057,Tillamook,OR,7.9
41059,Umatilla,OR,14.7
41061,Union,OR,9.8
41063,Wallowa,OR,8.8
41065,Wasco,OR,16.8
41067,Washington,OR,11.1
41069,Wheeler,OR,11.6
41071,Yamhill,OR,12.7
42001,Adams,PA,7.8
42003,Allegheny,PA,11.3
42005,Armstrong,PA,7.8
42007,Beaver,PA,9.3
42009,Bedford,PA,7.6
42011,Berks,PA,8.7
42013,Blair,PA,7.7
42015,Bradford,PA,6.6
42017,Bucks,PA,8.9
42019,Butler,PA,9
42021,Cambria,PA,8.5
42023,Cameron,PA,6.6
42025,Carbon,PA,8
42027,Centre,PA,7.3
42029,Chester,PA,8.5
42031,Clarion,PA,7.7
42033,Clearfield,PA,7.8
42035,Clinton,PA,7.7
42037,Columbia,PA,8.2
42039,Crawford,PA,7.5
42041,Cumberland,PA,8.9
42043,Dauphin,PA,9.4
42045,Delaware,PA,10.3
42047,Elk,PA,7.1
42049,Erie,PA,6.5
42051,Fayette,PA,7.5
42053,Forest,PA,6.8
42055,Franklin,PA,8
42057,Fulton,PA,7.3
42059,Greene,PA,6.5
42061,Huntingdon,PA,8
42063,Indiana,PA,8.3
42065,Jefferson,PA,7.7
42067,Juniata,PA,8.5
42069,Lackawanna,PA,6.9
42071,Lancaster,PA,9.9
42073,Lawrence,PA,8.6
42075,Lebanon,PA,9.4
42077,Lehigh,PA,7.8
42079,Luzerne,PA,8.1
42081,Lycoming,PA,7.3
42083,McKean,PA,6.8
42085,Mercer,PA,7.4
42087,Mifflin,PA,8.1
42089,Monroe,PA,7.9
42091,Montgomery,PA,7.3
42093,Montour,PA,8.4
42095,Northampton,PA,8.3
42097,Northumberland,PA,8.7
42099,Perry,PA,8.9
42101,Philadelphia,PA,8.2
42103,Pike,PA,7.2
42105,Potter,PA,6.4
42107,Schuylkill,PA,8.6
42109,Snyder,PA,8.6
42111,Somerset,PA,7.7
42113,Sullivan,PA,
42115,Susquehanna,PA,6.1
42117,Tioga,PA,6.1
42119,Union,PA,8.5
42121,Venango,PA,7.5
42123,Warren,PA,6.9
42125,Washington,PA,8.2
42127,Wayne,PA,7.1
42129,Westmoreland,PA,7.1
42131,Wyoming,PA,6.6
42133,York,PA,9.2
44001,Bristol,RI,6.5
44003,Kent,RI,4.6
44005,Newport,RI,6
44007,Providence,RI,8.4
44009,Washington,RI,4
45001,Abbeville,SC,8.3
45003,Aiken,SC,9.8
45005,Allendale,SC,
45007,Anderson,SC,8.8
45009,Bamberg,SC,8
45011,Barnwell,SC,8.6
45013,Beaufort,SC,8.7
45015,Berkeley,SC,8
45017,Calhoun,SC,7.8
45019,Charleston,SC,7.1
45021,Cherokee,SC,8.1
45023,Chester,SC,7.5
45025,Chesterfield,SC,7.1
45027,Clarendon,SC,7.5
45029,Colleton,SC,8.1
45031,Darlington,SC,7.4
45033,Dillon,SC,7
45035,Dorchester,SC,8.1
45037,Edgefield,SC,6.7
45039,Fairfield,SC,7.2
45041,Florence,SC,6.7
45043,Georgetown,SC,6.9
45045,Greenville,SC,8.1
45047,Greenwood,SC,8.3
45049,Hampton,SC,8.4
45051,Horry,SC,7
45053,Jasper,SC,8.7
45055,Kershaw,SC,7.5
45057,Lancaster,SC,7.3
45059,Laurens,SC,8.3
45061,Lee,SC,7.4
45063,Lexington,SC,7.8
45065,McCormick,SC,8.5
45067,Marion,SC,7
45069,Marlboro,SC,7.4
45071,Newberry,SC,7.9
45073,Oconee,SC,8.2
45075,Orangeburg,SC,8.1
45077,Pickens,SC,8.2
45079,Richland,SC,6.9
45081,Saluda,SC,8.2
45083,Spartanburg,SC,8
45085,Sumter,SC,7.7
45087,Union,SC,7.8
45089,Williamsburg,SC,7.2
45091,York,SC,6.7
46003,Aurora,SD,5.4
46005,Beadle,SD,5.7
46007,Bennett,SD,4.7
46009,Bon Homme,SD,5.9
46011,Brookings,SD,4.4
46013,Brown,SD,5.6
46015,Brule,SD,5.2
46017,Buffalo,SD,5.1
46019,Butte,SD,5.2
46021,Campbell,SD,5.2
46023,Charles Mix,SD,5.8
46025,Clark,SD,5.8
46027,Clay,SD,6.3
46029,Codington,SD,6.7
46031,Corson,SD,5.2
46033,Custer,SD,3.3
46035,Davison,SD,5.7
46037,Day,SD,5.9
46039,Deuel,SD,5.6
46041,Dewey,SD,4.9
46043,Douglas,SD,5.5
46045,Edmunds,SD,5.6
46047,Fall River,SD,4.3
46049,Faulk,SD,5.2
46051,Grant,SD,5.9
46053,Gregory,SD,5.3
46055,Haakon,SD,4.7
46057,Hamlin,SD,5.9
46059,Hand,SD,5.2
46061,Hanson,SD,5.7
46063,Harding,SD,4.9
46065,Hughes,SD,4
46067,Hutchinson,SD,5.9
46069,Hyde,SD,4.9
46071,Jackson,SD,4.2
46073,Jerauld,SD,5.3
46075,Jones,SD,4.6
46077,Kingsbury,SD,5.7
46079,Lake,SD,5.6
46081,Lawrence,SD,5.3
46083,Lincoln,SD,6.5
46085,Lyman,SD,4.9
46087,McCook,SD,5.8
46089,McPherson,SD,5.4
46091,Marshall,SD,5.7
46093,Meade,SD,5.9
46095,Mellette,SD,4.6
46097,Miner,SD,5.5
46099,Minnehaha,SD,6.3
46101,Moody,SD,5.6
46102,Oglala Lakota,SD,
46103,Pennington,SD,6.8
46105,Perkins,SD,4.8
46107,Potter,SD,4.9
46109,Roberts,SD,6
46111,Sanborn,SD,5.5
46115,Spink,SD,5.7
46117,Stanley,SD,4.6
46119,Sully,SD,4.7
46121,Todd,SD,4.9
46123,Tripp,SD,4.9
46125,Turner,SD,6.1
46127,Union,SD,6.1
46129,Walworth,SD,5.2
46135,Yankton,SD,6.1
46137,Ziebach,SD,4.8
47001,Anderson,TN,7.7
47003,Bedford,TN,7.1
47005,Benton,TN,6.8
47007,Bledsoe,TN,7
47009,Blount,TN,6.6
47011,Bradley,TN,7.9
47013,Campbell,TN,7.4
47015,Cannon,TN,6.9
47017,Carroll,TN,7
47019,Carter,TN,6.2
47021,Cheatham,TN,7.8
47023,Chester,TN,6.7
47025,Claiborne,TN,7.5
47027,Clay,TN,7.2
47029,Cocke,TN,6.8
47031,Coffee,TN,7
47033,Crockett,TN,7.1
47035,Cumberland,TN,7
47037,Davidson,TN,9.7
47039,Decatur,TN,6.5
47041,DeKalb,TN,6.9
47043,Dickson,TN,7.2
47045,Dyer,TN,6.2
47047,Fayette,TN,8.4
47049,Fentress,TN,6.7
47051,Franklin,TN,7.1
47053,Gibson,TN,7.2
47055,Giles,TN,6.9
47057,Grainger,TN,7.7
47059,Greene,TN,6.9
47061,Grundy,TN,6.8
47063,Hamblen,TN,7.5
47065,Hamilton,TN,8.5
47067,Hancock,TN,7
47069,Hardeman,TN,7.4
47071,Hardin,TN,6.8
47073,Hawkins,TN,7.2
47075,Haywood,TN,7.4
47077,Henderson,TN,6.7
47079,Henry,TN,7.3
47081,Hickman,TN,6.6
47083,Houston,TN,6.9
47085,Humphreys,TN,6.8
47087,Jackson,TN,7
47089,Jefferson,TN,7.8
47091,Johnson,TN,5.9
47093,Knox,TN,8.7
47095,Lake,TN,7.4
47097,Lauderdale,TN,7.6
47099,Lawrence,TN,5.3
47101,Lewis,TN,6.1
47103,Lincoln,TN,7.2
47105,Loudon,TN,6.4
47107,McMinn,TN,6.9
47109,McNairy,TN,7.2
47111,Macon,TN,7.5
47113,Madison,TN,6.3
47115,Marion,TN,7.6
47117,Marshall,TN,6.9
47119,Maury,TN,5.7
47121,Meigs,TN,7.5
47123,Monroe,TN,7
47125,Montgomery,TN,6.8
47127,Moore,TN,6.9
47129,Morgan,TN,7
47131,Obion,TN,7.6
47133,Overton,TN,6.9
47135,Perry,TN,6.2
47137,Pickett,TN,
47139,Polk,TN,7
47141,Putnam,TN,6.1
47143,Rhea,TN,7.3
47145,Roane,TN,6.8
47147,Robertson,TN,8.1
47149,Rutherford,TN,8.1
47151,Scott,TN,6.9
47153,Sequatchie,TN,7.1
47155,Sevier,TN,7.7
47157,Shelby,TN,10
47159,Smith,TN,7.2
47161,Stewart,TN,7.3
47163,Sullivan,TN,5.8
47165,Sumner,TN,7.1
47167,Tipton,TN,8.3
47169,Trousdale,TN,7.4
47171,Unicoi,TN,5.7
47173,Union,TN,7.7
47175,Van Buren,TN,6.7
47177,Warren,TN,6.9
47179,Washington,TN,6.6
47181,Wayne,TN,6.4
47183,Weakley,TN,7.5
47185,White,TN,6.8
47187,Williamson,TN,8.1
47189,Wilson,TN,8.2
48001,Anderson,TX,8.3
48003,Andrews,TX,6.5
48005,Angelina,TX,8.8
48007,Aransas,TX,9.3
48009,Archer,TX,7.7
48011,Armstrong,TX,5.8
48013,Atascosa,TX,8.6
48015,Austin,TX,9.2
48017,Bailey,TX,
48019,Bandera,TX,8
48021,Bastrop,TX,8.4
48023,Baylor,TX,
48025,Bee,TX,8.9
48027,Bell,TX,7.8
48029,Bexar,TX,8.7
48031,Blanco,TX,
48033,Borden,TX,6.1
48035,Bosque,TX,8.2
48037,Bowie,TX,9.3
48039,Brazoria,TX,10.4
48041,Brazos,TX,8.1
48043,Brewster,TX,5.4
48045,Briscoe,TX,5.9
48047,Brooks,TX,9.3
48049,Brown,TX,7.3
48051,Burleson,TX,8.6
48053,Burnet,TX,8
48055,Caldwell,TX,8.9
48057,Calhoun,TX,9.2
48059,Callahan,TX,7
48061,Cameron,TX,12.6
48063,Camp,TX,8.7
48065,Carson,TX,6
48067,Cass,TX,9.1
48069,Castro,TX,6.1
48071,Chambers,TX,9.7
48073,Cherokee,TX,8.6
48075,Childress,TX,6.4
48077,Clay,TX,8
48079,Cochran,TX,5.6
48081,Coke,TX,6.6
48083,Coleman,TX,6.9
48085,Collin,TX,9.4
48087,Collingsworth,TX,6.3
48089,Colorado,TX,8.7
48091,Comal,TX,9
48093,Comanche,TX,7.5
48095,Concho,TX,6.7
48097,Cooke,TX,8.8
48099,Coryell,TX,8.4
48101,Cottle,TX,6.1
48103,Crane,TX,6.6
48105,Crockett,TX,6.6
48107,Crosby,TX,5.9
48109,Culberson,TX,5.6
48111,Dallam,TX,5.7
48113,Dallas,TX,8.8
48115,Dawson,TX,6.2
48117,Deaf Smith,TX,5.9
48119,Delta,TX,8.3
48121,Denton,TX,7.4
48123,DeWitt,TX,8.7
48125,Dickens,TX,5.9
48127,Dimmit,TX,8.4
48129,Donley,TX,6
48131,Duval,TX,9
48133,Eastland,TX,7.3
48135,Ector,TX,7.3
48137,Edwards,TX,6.9
48139,Ellis,TX,8.3
48141,El Paso,TX,9.3
48143,Erath,TX,7.8
48145,Falls,TX,8.4
48147,Fannin,TX,8.8
48149,Fayette,TX,8.6
48151,Fisher,TX,6.5
48153,Floyd,TX,6.1
48155,Foard,TX,6.5
48157,Fort Bend,TX,10.6
48159,Franklin,TX,8.5
48161,Freestone,TX,8.4
48163,Frio,TX,
48165,Gaines,TX,6.1
48167,Galveston,TX,8.3
48169,Garza,TX,
48171,Gillespie,TX,7.6
48173,Glasscock,TX,6.7
48175,Goliad,TX,8.6
48177,Gonzales,TX,8.7
48179,Gray,TX,6.2
48181,Grayson,TX,9
48183,Gregg,TX,9.1
48185,Grimes,TX,9
48187,Guadalupe,TX,9.1
48189,Hale,TX,6.6
48191,Hall,TX,6.1
48193,Hamilton,TX,7.7
48195,Hansford,TX,6.4
48197,Hardeman,TX,6.6
48199,Hardin,TX,8.9
48201,Harris,TX,11.6
48203,Harrison,TX,8.4
48205,Hartley,TX,5.5
48207,Haskell,TX,6.8
48209,Hays,TX,9.2
48211,Hemphill,TX,6.5
48213,Henderson,TX,8.3
48215,Hidalgo,TX,10.8
48217,Hill,TX,8.6
48219,Hockley,TX,6
48221,Hood,TX,8.3
48223,Hopkins,TX,8.6
48225,Houston,TX,8.5
48227,Howard,TX,6.7
48229,Hudspeth,TX,5.8
48231,Hunt,TX,8.7
48233,Hutchinson,TX,6.2
48235,Irion,TX,6.6
48237,Jack,TX,7.7
48239,Jackson,TX,8.7
48241,Jasper,TX,8.6
48243,Jeff Davis,TX,5.2
48245,Jefferson,TX,8.5
48247,Jim Hogg,TX,9.2
48249,Jim Wells,TX,9.2
48251,Johnson,TX,8.9
48253,Jones,TX,7
48255,Karnes,TX,8.5
48257,Kaufman,TX,8.7
48259,Kendall,TX,8.1
48261,Kenedy,TX,10.5
48263,Kent,TX,6
48265,Kerr,TX,7.7
48267,Kimble,TX,6.8
48269,King,TX,6.1
48271,Kinney,TX,7.2
48273,Kleberg,TX,10.5
48275,Knox,TX,6.7
48277,Lamar,TX,8.7
48279,Lamb,TX,6.1
48281,Lampasas,TX,7.8
48283,La Salle,TX,
48285,Lavaca,TX,8.6
48287,Lee,TX,8.5
48289,Leon,TX,
48291,Liberty,TX,9.8
48293,Limestone,TX,8.5
48295,Lipscomb,TX,6.6
48297,Live Oak,TX,8.8
48299,Llano,TX,7.7
48301,Loving,TX,7.8
48303,Lubbock,TX,5.4
48305,Lynn,TX,6
48307,McCulloch,TX,7
48309,McLennan,TX,8.7
48311,McMullen,TX,8.4
48313,Madison,TX,8.5
48315,Marion,TX,9
48317,Martin,TX,6.9
48319,Mason,TX,7
48321,Matagorda,TX,9.5
48323,Maverick,TX,7.9
48325,Medina,TX,8.5
48327,Menard,TX,6.7
48329,Midland,TX,7.1
48331,Milam,TX,8.5
48333,Mills,TX,7.3
48335,Mitchell,TX,6.5
48337,Montague,TX,8.5
48339,Montgomery,TX,10.3
48341,Moore,TX,6
48343,Morris,TX,8.8
48345,Motley,TX,5.8
48347,Nacogdoches,TX,8.8
48349,Navarro,TX,8.5
48351,Newton,TX,8.7
48353,Nolan,TX,6.6
48355,Nueces,TX,9.6
48357,Ochiltree,TX,6.5
48359,Oldham,TX,5.3
48361,Orange,TX,8.7
48363,Palo Pinto,TX,7.8
48365,Panola,TX,9
48367,Parker,TX,8.5
48369,Parmer,TX,5.9
48371,Pecos,TX,6.3
48373,Polk,TX,8.7
48375,Potter,TX,5.4
48377,Presidio,TX,5.4
48379,Rains,TX,8.1
48381,Randall,TX,6.1
48383,Reagan,TX,6.6
48385,Real,TX,6.9
48387,Red River,TX,8.8
48389,Reeves,TX,6.8
48391,Refugio,TX,8.9
48393,Roberts,TX,6.2
48395,Robertson,TX,8.5
48397,Rockwall,TX,8.8
48399,Runnels,TX,6.9
48401,Rusk,TX,9
48403,Sabine,TX,8.2
48405,San Augustine,TX,8.3
48407,San Jacinto,TX,
48409,San Patricio,TX,9.7
48411,San Saba,TX,7.2
48413,Schleicher,TX,6.7
48415,Scurry,TX,6.5
48417,Shackelford,TX,6.8
48419,Shelby,TX,8.8
48421,Sherman,TX,6
48423,Smith,TX,8.7
48425,Somervell,TX,7.9
48427,Starr,TX,9.7
48429,Stephens,TX,7
48431,Sterling,TX,6.5
48433,Stonewall,TX,6.3
48435,Sutton,TX,6.7
48437,Swisher,TX,6.3
48439,Tarrant,TX,9.7
48441,Taylor,TX,7.1
48443,Terrell,TX,6.4
48445,Terry,TX,5.9
48447,Throckmorton,TX,6.8
48449,Titus,TX,8.8
48451,Tom Green,TX,6.9
48453,Travis,TX,9.6
48455,Trinity,TX,8.5
48457,Tyler,TX,8.4
48459,Upshur,TX,8.9
48461,Upton,TX,6.8
48463,Uvalde,TX,7.9
48465,Val Verde,TX,7.5
48467,Van Zandt,TX,8.3
48469,Victoria,TX,9
48471,Walker,TX,8.7
48473,Waller,TX,9.7
48475,Ward,TX,6.9
48477,Washington,TX,8.6
48479,Webb,TX,10.2
48481,Wharton,TX,9.2
48483,Wheeler,TX,6.6
48485,Wichita,TX,8.1
48487,Wilbarger,TX,7
48489,Willacy,TX,11.2
48491,Williamson,TX,9.5
48493,Wilson,TX,8.6
48495,Winkler,TX,6.9
48497,Wise,TX,8.7
48499,Wood,TX,8.6
48501,Yoakum,TX,5.9
48503,Young,TX,7.3
48505,Zapata,TX,
48507,Zavala,TX,8.2
49001,Beaver,UT,5.2
49003,Box Elder,UT,7.9
49005,Cache,UT,9.6
49007,Carbon,UT,6
49009,Daggett,UT,4.6
49011,Davis,UT,9.5
49013,Duchesne,UT,7.6
49015,Emery,UT,5.8
49017,Garfield,UT,4.8
49019,Grand,UT,5.2
49021,Iron,UT,5.4
49023,Juab,UT,6.2
49025,Kane,UT,5.1
49027,Millard,UT,5.9
49029,Morgan,UT,7
49031,Piute,UT,4.7
49033,Rich,UT,5.7
49035,Salt Lake,UT,10.6
49037,San Juan,UT,5.2
49039,Sanpete,UT,5.8
49041,Sevier,UT,5.3
49043,Summit,UT,8
49045,Tooele,UT,7.7
49047,Uintah,UT,6.6
49049,Utah,UT,8.5
49051,Wasatch,UT,6.7
49053,Washington,UT,5.9
49055,Wayne,UT,4.9
49057,Weber,UT,7.4
50001,Addison,VT,6.5
50003,Bennington,VT,5.6
50005,Caledonia,VT,5.3
50007,Chittenden,VT,6.8
50009,Essex,VT,5
50011,Franklin,VT,6.3
50013,Grand Isle,VT,6.4
50015,Lamoille,VT,5.4
50017,Orange,VT,5.6
50019,Orleans,VT,5.5
50021,Rutland,VT,7.6
50023,Washington,VT,5.7
50025,Windham,VT,6.7
50027,Windsor,VT,5.9
51001,Accomack,VA,6.4
51003,Albemarle,VA,6.9
51005,Alleghany,VA,6.5
51007,Amelia,VA,6.7
51009,Amherst,VA,7
51011,Appomattox,VA,6.9
51013,Arlington,VA,6.7
51015,Augusta,VA,6.8
51017,Bath,VA,
51019,Bedford,VA,7.4
51021,Bland,VA,6.3
51023,Botetourt,VA,7
51025,Brunswick,VA,6.6
51027,Buchanan,VA,6.7
51029,Buckingham,VA,6.9
51031,Campbell,VA,7.3
51033,Caroline,VA,6.9
51035,Carroll,VA,6.6
51036,Charles City,VA,5.6
51037,Charlotte,VA,6.9
51041,Chesterfield,VA,5.6
51043,Clarke,VA,6.8
51045,Craig,VA,6.3
51047,Culpeper,VA,6.9
51049,Cumberland,VA,6.7
51051,Dickenson,VA,6.7
51053,Dinwiddie,VA,7
51057,Essex,VA,6.2
51059,Fairfax,VA,7.9
51061,Fauquier,VA,7.1
51063,Floyd,VA,6.4
51065,Fluvanna,VA,6.9
51067,Franklin,VA,7.1
51069,Frederick,VA,7.2
51071,Giles,VA,6.6
51073,Gloucester,VA,6.3
51075,Goochland,VA,7
51077,Grayson,VA,6.4
51079,Greene,VA,6.6
51081,Greensville,VA,6.6
51083,Halifax,VA,7.3
51085,Hanover,VA,7.4
51087,Henrico,VA,7.2
51089,Henry,VA,7.4
51091,Highland,VA,5.5
51093,Isle of Wight,VA,6.6
51095,James City,VA,6.5
51097,King and Queen,VA,6.3
51099,King George,VA,6.5
51101,King William,VA,6.7
51103,Lancaster,VA,6
51105,Lee,VA,7.1
51107,Loudoun,VA,6.3
51109,Louisa,VA,6.9
51111,Lunenburg,VA,6.8
51113,Madison,VA,
51115,Mathews,VA,6
51117,Mecklenburg,VA,7
51119,Middlesex,VA,6.2
51121,Montgomery,VA,6.8
51125,Nelson,VA,6.2
51127,New Kent,VA,6.7
51131,Northampton,VA,6.1
51133,Northumberland,VA,6
51135,Nottoway,VA,6.8
51137,Orange,VA,6.9
51139,Page,VA,6.5
51141,Patrick,VA,6.8
51143,Pittsylvania,VA,7.6
51145,Powhatan,VA,7.1
51147,Prince Edward,VA,6.7
51149,Prince George,VA,6.9
51153,Prince William,VA,7.6
51155,Pulaski,VA,6.8
51157,Rappahannock,VA,6.2
51159,Richmond,VA,6
51161,Roanoke,VA,7.2
51163,Rockbridge,VA,6.5
51165,Rockingham,VA,6.1
51167,Russell,VA,6.6
51169,Scott,VA,6.8
51171,Shenandoah,VA,6.4
51173,Smyth,VA,6.3
51175,Southampton,VA,6.4
51177,Spotsylvania,VA,7.1
51179,Stafford,VA,7.2
51181,Surry,VA,6.3
51183,Sussex,VA,6.5
51185,Tazewell,VA,6.5
51187,Warren,VA,6.5
51191,Washington,VA,6.6
51193,Westmoreland,VA,6.2
51195,Wise,VA,6.7
51197,Wythe,VA,6.4
51199,York,VA,6.6
51510,Alexandria,VA,7.4
51520,Bristol,VA,6
51530,Buena Vista,VA,
51540,Charlottesville,VA,7
51550,Chesapeake,VA,6.8
51570,Colonial Heights,VA,7
51580,Covington,VA,6.3
51590,Danville,VA,7.4
51595,Emporia,VA,6.4
51600,Fairfax,VA,7.5
51610,Falls Church,VA,7.3
51620,Franklin,VA,6.3
51630,Fredericksburg,VA,7
51640,Galax,VA,6.4
51650,Hampton,VA,6
51660,Harrisonburg,VA,6.8
51670,Hopewell,VA,6.9
51678,Lexington,VA,
51680,Lynchburg,VA,5.4
51683,Manassas,VA,7.4
51685,Manassas Park,VA,7.3
51690,Martinsville,VA,7.2
51700,Newport News,VA,6.7
51710,Norfolk,VA,6.1
51720,Norton,VA,6.4
51730,Petersburg,VA,6.9
51735,Poquoson,VA,6.4
51740,Portsmouth,VA,6.8
51750,Radford,VA,6.7
51760,Richmond,VA,7.2
51770,Roanoke,VA,7.1
51775,Salem,VA,5.9
51790,Staunton,VA,6.5
51800,Suffolk,VA,6.7
51810,Virginia Beach,VA,6.2
51820,Waynesboro,VA,6.6
51830,Williamsburg,VA,6.4
51840,Winchester,VA,6.9
53001,Adams,WA,14.5
53003,Asotin,WA,10.7
53005,Benton,WA,16
53007,Chelan,WA,10.1
53009,Clallam,WA,6.9
53011,Clark,WA,13.4
53013,Columbia,WA,10.1
53015,Cowlitz,WA,10.3
53017,Douglas,WA,11.1
53019,Ferry,WA,11.8
53021,Franklin,WA,15.1
53023,Garfield,WA,9.8
53025,Grant,WA,15.3
53027,Grays Harbor,WA,6.8
53029,Island,WA,9.2
53031,Jefferson,WA,8
53033,King,WA,10.2
53035,Kitsap,WA,7.5
53037,Kittitas,WA,9.9
53039,Klickitat,WA,11.4
53041,Lewis,WA,9.3
53043,Lincoln,WA,12.7
53045,Mason,WA,6.8
53047,Okanogan,WA,15.1
53049,Pacific,WA,6.8
53051,Pend Oreille,WA,12.6
53053,Pierce,WA,9.5
53055,San Juan,WA,6.5
53057,Skagit,WA,8
53059,Skamania,WA,15.5
53061,Snohomish,WA,10.7
53063,Spokane,WA,10.4
53065,Stevens,WA,13.5
53067,Thurston,WA,9
53069,Wahkiakum,WA,6.5
53071,Walla Walla,WA,12.9
53073,Whatcom,WA,5.6
53075,Whitman,WA,11.7
53077,Yakima,WA,14.5
54001,Barbour,WV,6.2
54003,Berkeley,WV,7.5
54005,Boone,WV,7
54007,Braxton,WV,6.4
54009,Brooke,WV,8.2
54011,Cabell,WV,6.8
54013,Calhoun,WV,6.8
54015,Clay,WV,6.6
54017,Doddridge,WV,6.8
54019,Fayette,WV,6.8
54021,Gilmer,WV,6.5
54023,Grant,WV,5.6
54025,Greenbrier,WV,6.5
54027,Hampshire,WV,5.7
54029,Hancock,WV,7.1
54031,Hardy,WV,5.5
54033,Harrison,WV,6.6
54035,Jackson,WV,7.6
54037,Jefferson,WV,7.4
54039,Kanawha,WV,7.1
54041,Lewis,WV,6.6
54043,Lincoln,WV,7.4
54045,Logan,WV,7
54047,McDowell,WV,6.6
54049,Marion,WV,7
54051,Marshall,WV,7.6
54053,Mason,WV,7.9
54055,Mercer,WV,6.6
54057,Mineral,WV,6.1
54059,Mingo,WV,7.1
54061,Monongalia,WV,6.3
54063,Monroe,WV,6.5
54065,Morgan,WV,6.7
54067,Nicholas,WV,6.5
54069,Ohio,WV,6.7
54071,Pendleton,WV,5.5
54073,Pleasants,WV,7.3
54075,Pocahontas,WV,5.8
54077,Preston,WV,6.3
54079,Putnam,WV,7.8
54081,Raleigh,WV,6.8
54083,Randolph,WV,5.8
54085,Ritchie,WV,7
54087,Roane,WV,7
54089,Summers,WV,6.6
54091,Taylor,WV,6.7
54093,Tucker,WV,5.7
54095,Tyler,WV,7.1
54097,Upshur,WV,6.2
54099,Wayne,WV,7.9
54101,Webster,WV,5.7
54103,Wetzel,WV,7.1
54105,Wirt,WV,7.1
54107,Wood,WV,7
54109,Wyoming,WV,6.6
55001,Adams,WI,7.8
55003,Ashland,WI,5.2
55005,Barron,WI,6.7
55007,Bayfield,WI,5.6
55009,Brown,WI,7.3
55011,Buffalo,WI,7.5
55013,Burnett,WI,5.7
55015,Calumet,WI,8.2
55017,Chippewa,WI,7.7
55019,Clark,WI,7.5
55021,Columbia,WI,8.4
55023,Crawford,WI,8.1
55025,Dane,WI,8.4
55027,Dodge,WI,7.6
55029,Door,WI,7
55031,Douglas,WI,5.7
55033,Dunn,WI,7.4
55035,Eau Claire,WI,7.7
55037,Florence,WI,5.5
55039,Fond du Lac,WI,8.1
55041,Forest,WI,5.7
55043,Grant,WI,8.2
55045,Green,WI,9.1
55047,Green Lake,WI,7.9
55049,Iowa,WI,8.5
55051,Iron,WI,5.6
55053,Jackson,WI,7.7
55055,Jefferson,WI,9
55057,Juneau,WI,7.9
55059,Kenosha,WI,7.1
55061,Kewaunee,WI,7.2
55063,La Crosse,WI,7.7
55065,Lafayette,WI,8.9
55067,Langlade,WI,6.7
55069,Lincoln,WI,7
55071,Manitowoc,WI,7.7
55073,Marathon,WI,7.8
55075,Marinette,WI,7
55077,Marquette,WI,7.8
55078,Menominee,WI,6.8
55079,Milwaukee,WI,9.1
55081,Monroe,WI,8
55083,Oconto,WI,7.2
55085,Oneida,WI,6.2
55087,Outagamie,WI,7.5
55089,Ozaukee,WI,6.5
55091,Pepin,WI,7.3
55093,Pierce,WI,7.4
55095,Polk,WI,6.7
55097,Portage,WI,7.8
55099,Price,WI,6.2
55101,Racine,WI,9
55103,Richland,WI,8
55105,Rock,WI,9.3
55107,Rusk,WI,6.5
55109,St. Croix,WI,7.3
55111,Sauk,WI,7.4
55113,Sawyer,WI,5.9
55115,Shawano,WI,7.4
55117,Sheboygan,WI,7.7
55119,Taylor,WI,6.2
55121,Trempealeau,WI,7.8
55123,Vernon,WI,8.1
55125,Vilas,WI,5
55127,Walworth,WI,9.1
55129,Washburn,WI,5.8
55131,Washington,WI,8.7
55133,Waukesha,WI,8.8
55135,Waupaca,WI,7.7
55137,Waushara,WI,7.7
55139,Winnebago,WI,8.3
55141,Wood,WI,7.8
56001,Albany,WY,6.4
56003,Big Horn,WY,5.2
56005,Campbell,WY,5.4
56007,Carbon,WY,4.6
56009,Converse,WY,4.5
56011,Crook,WY,5.3
56013,Fremont,WY,7.3
56015,Goshen,WY,5.6
56017,Hot Springs,WY,4.3
56019,Johnson,WY,4.1
56021,Laramie,WY,4.4
56023,Lincoln,WY,5.2
56025,Natrona,WY,4.9
56027,Niobrara,WY,4.5
56029,Park,WY,4.5
56031,Platte,WY,4.5
56033,Sheridan,WY,6.5
56035,Sublette,WY,3.1
56037,Sweetwater,WY,3.6
56039,Teton,WY,4.8
56041,Uinta,WY,
56043,Washakie,WY,4.7
56045,Weston,WY,4.8
72001,Adjuntas,PR,
