geoid,county,state,uninsured_rate
01001,Autauga,AL,8
01003,Baldwin,AL,10
01005,Barbour,AL,12
01007,Bibb,AL,11
01009,Blount,AL,13
01011,Bullock,AL,11
01013,Butler,AL,10
01015,Calhoun,AL,12
01017,Chambers,AL,13
01019,Cherokee,AL,13
01021,Chilton,AL,13
01023,Choctaw,AL,11
01025,Clarke,AL,11
01027,Clay,AL,11
01029,Cleburne,AL,12
01031,Coffee,AL,12
01033,Colbert,AL,11
01035,Conecuh,AL,11
01037,Coosa,AL,9
01039,Covington,AL,11
01041,Crenshaw,AL,13
01043,Cullman,AL,12
01045,Dale,AL,10
01047,Dallas,AL,10
01049,DeKalb,AL,15
01051,Elmore,AL,9
01053,Escambia,AL,12
01055,Etowah,AL,11
01057,Fayette,AL,12
01059,Franklin,AL,14
01061,Geneva,AL,12
01063,Greene,AL,9
01065,Hale,AL,11
01067,Henry,AL,11
01069,Houston,AL,12
01071,Jackson,AL,13
01073,Jefferson,AL,10
01075,Lamar,AL,11
01077,Lauderdale,AL,11
01079,Lawrence,AL,12
01081,Lee,AL,10
01083,Limestone,AL,9
01085,Lowndes,AL,9
01087,Macon,AL,10
01089,Madison,AL,8
01091,Marengo,AL,10
01093,Marion,AL,11
01095,Marshall,AL,12
01097,Mobile,AL,12
01099,Monroe,AL,11
01101,Montgomery,AL,11
01103,Morgan,AL,12
01105,Perry,AL,10
01107,Pickens,AL,10
01109,Pike,AL,11
01111,Randolph,AL,13
01113,Russell,AL,12
01115,St. Clair,AL,10
01117,Shelby,AL,8
01119,Sumter,AL,9
01121,Talladega,AL,10
01123,Tallapoosa,AL,12
01125,Tuscaloosa,AL,9
01127,Walker,AL,12
01129,Washington,AL,10
01131,Wilcox,AL,12
01133,Winston,AL,12
02013,Aleutians East,AK,20
02016,Aleutians West,AK,17
02020,Anchorage,AK,12
02050,Bethel,AK,14
02060,Bristol Bay,AK,17
02068,Denali,AK,13
02070,Dillingham,AK,17
02090,Fairbanks North Star,AK,11
02100,Haines,AK,11
02105,Hoonah-Angoon,AK,17
02110,Juneau,AK,12
02122,Kenai Peninsula,AK,15
02130,Ketchikan Gateway,AK,16
02150,Kodiak Island,AK,18
02158,Kusilvak,AK,14
02164,Lake and Peninsula,AK,19
02170,Matanuska-Susitna,AK,15
02180,Nome,AK,15
02185,North Slope,AK,15
02188,Northwest Arctic,AK,17
02195,Petersburg,AK,18
02198,Prince of Wales-Hyder,AK,19
02220,Sitka,AK,15
02230,Skagway,AK,16
02240,Southeast Fairbanks,AK,16
02261,Valdez-Cordova,AK,
02275,Wrangell,AK,21
02282,Yakutat,AK,19
02290,Yukon-Koyukuk,AK,19
04001,Apache,AZ,13
04003,Cochise,AZ,11
04005,Coconino,AZ,14
04007,Gila,AZ,15
04009,Graham,AZ,11
04011,Greenlee,AZ,9
04012,La Paz,AZ,17
04013,Maricopa,AZ,12
04015,Mohave,AZ,14
04017,Navajo,AZ,15
04019,Pima,AZ,11
04021,Pinal,AZ,13
04023,Santa Cruz,AZ,20
04025,Yavapai,AZ,16
04027,Yuma,AZ,17
05001,Arkansas,AR,8
05003,Ashley,AR,10
05005,Baxter,AR,11
05007,Benton,AR,11
05009,Boone,AR,9
05011,Bradley,AR,12
05013,Calhoun,AR,10
05015,Carroll,AR,14
05017,Chicot,AR,11
05019,Clark,AR,9
05021,Clay,AR,10
05023,Cleburne,AR,10
05025,Cleveland,AR,8
05027,Columbia,AR,9
05029,Conway,AR,9
05031,Craighead,AR,10
05033,Crawford,AR,9
05035,Crittenden,AR,9
05037,Cross,AR,10
05039,Dallas,AR,9
05041,Desha,AR,10
05043,Drew,AR,9
05045,Faulkner,AR,8
05047,Franklin,AR,10
05049,Fulton,AR,9
05051,Garland,AR,10
05053,Grant,AR,7
05055,Greene,AR,8
05057,Hempstead,AR,11
05059,Hot Spring,AR,8
05061,Howard,AR,10
05063,Independence,AR,10
05065,Izard,AR,10
05067,Jackson,AR,9
05069,Jefferson,AR,8
05071,Johnson,AR,11
05073,Lafayette,AR,12
05075,Lawrence,AR,9
05077,Lee,AR,10
05079,Lincoln,AR,10
05081,Little River,AR,8
05083,Logan,AR,9
05085,Lonoke,AR,9
05087,Madison,AR,10
05089,Marion,AR,10
05091,Miller,AR,9
05093,Mississippi,AR,8
05095,Monroe,AR,11
05097,Montgomery,AR,13
05099,Nevada,AR,7
05101,Newton,AR,9
05103,Ouachita,AR,8
05105,Perry,AR,9
05107,Phillips,AR,9
05109,Pike,AR,11
05111,Poinsett,AR,9
05113,Polk,AR,11
05115,Pope,AR,11
05117,Prairie,AR,9
05119,Pulaski,AR,9
05121,Randolph,AR,10
05123,St. Francis,AR,11
05125,Saline,AR,8
05127,Scott,AR,9
05129,Searcy,AR,9
05131,Sebastian,AR,11
05133,Sevier,AR,15
05135,Sharp,AR,11
05137,Stone,AR,12
05139,Union,AR,9
05141,Van Buren,AR,10
05143,Washington,AR,14
05145,White,AR,10
05147,Woodruff,AR,9
05149,Yell,AR,12
06001,Alameda,CA,4
06003,Alpine,CA,6
06005,Amador,CA,6
06007,Butte,CA,8
06009,Calaveras,CA,7
06011,Colusa,CA,10
06013,Contra Costa,CA,5
06015,Del Norte,CA,8
06017,El Dorado,CA,5
06019,Fresno,CA,8
06021,Glenn,CA,9
06023,Humboldt,CA,7
06025,Imperial,CA,9
06027,Inyo,CA,7
06029,Kern,CA,8
06031,Kings,CA,7
06033,Lake,CA,8
06035,Lassen,CA,6
06037,Los Angeles,CA,9
06039,Madera,CA,10
06041,Marin,CA,5
06043,Mariposa,CA,7
06045,Mendocino,CA,10
06047,Merced,CA,9
06049,Modoc,CA,8
06051,Mono,CA,10
06053,Monterey,CA,12
06055,Napa,CA,7
06057,Nevada,CA,6
06059,Orange,CA,7
06061,Placer,CA,4
06063,Plumas,CA,6
06065,Riverside,CA,8
06067,Sacramento,CA,5
06069,San Benito,CA,7
06071,San Bernardino,CA,9
06073,San Diego,CA,7
06075,San Francisco,CA,4
06077,San Joaquin,CA,8
06079,San Luis Obispo,CA,7
06081,San Mateo,CA,5
06083,Santa Barbara,CA,9
06085,Santa Clara,CA,4
06087,Santa Cruz,CA,6
06089,Shasta,CA,7
06091,Sierra,CA,6
06093,Siskiyou,CA,8
06095,Solano,CA,6
06097,Sonoma,CA,7
06099,Stanislaus,CA,7
06101,Sutter,CA,9
06103,Tehama,CA,7
06105,Trinity,CA,6
06107,Tulare,CA,9
06109,Tuolumne,CA,6
06111,Ventura,CA,8
06113,Yolo,CA,6
06115,Yuba,CA,7
08001,Adams,CO,11
08003,Alamosa,CO,11
08005,Arapahoe,CO,10
08007,Archuleta,CO,11
08009,Baca,CO,9
08011,Bent,CO,8
08013,Boulder,CO,6
08014,Broomfield,CO,4
08015,Chaffee,CO,10
08017,Cheyenne,CO,9
08019,Clear Creek,CO,7
08021,Conejos,CO,9
08023,Costilla,CO,11
08025,Crowley,CO,9
08027,Custer,CO,8
08029,Delta,CO,12
08031,Denver,CO,9
08033,Dolores,CO,8
08035,Douglas,CO,4
08037,Eagle,CO,12
08039,Elbert,CO,7
08041,El Paso,CO,8
08043,Fremont,CO,9
08045,Garfield,CO,14
08047,Gilpin,CO,5
08049,Grand,CO,10
08051,Gunnison,CO,7
08053,Hinsdale,CO,14
08055,Huerfano,CO,9
08057,Jackson,CO,17
08059,Jefferson,CO,6
08061,Kiowa,CO,7
08063,Kit Carson,CO,13
08065,Lake,CO,13
08067,La Plata,CO,10
08069,Larimer,CO,7
08071,Las Animas,CO,11
08073,Lincoln,CO,8
08075,Logan,CO,10
08077,Mesa,CO,10
08079,Mineral,CO,8
08081,Moffat,CO,10
08083,Montezuma,CO,12
08085,Montrose,CO,13
08087,Morgan,CO,13
08089,Otero,CO,10
08091,Ouray,CO,6
08093,Park,CO,7
08095,Phillips,CO,13
08097,Pitkin,CO,7
08099,Prowers,CO,13
08101,Pueblo,CO,8
08103,Rio Blanco,CO,9
08105,Rio Grande,CO,14
08107,Routt,CO,9
08109,Saguache,CO,12
08111,San Juan,CO,14
08113,San Miguel,CO,8
08115,Sedgwick,CO,10
08117,Summit,CO,10
08119,Teller,CO,6
08121,Washington,CO,9
08123,Weld,CO,10
08125,Yuma,CO,13
09001,Fairfield,CT,
09003,Hartford,CT,
09005,Litchfield,CT,
09007,Middlesex,CT,
09009,New Haven,CT,
09011,New London,CT,
09013,Tolland,CT,
09015,Windham,CT,
10001,Kent,DE,7
10003,New Castle,DE,6
10005,Sussex,DE,8
11001,District of Columbia,DC,3
12001,Alachua,FL,10
12003,Baker,FL,11
12005,Bay,FL,14
12007,Bradford,FL,12
12009,Brevard,FL,11
12011,Broward,FL,15
12013,Calhoun,FL,15
12015,Charlotte,FL,14
12017,Citrus,FL,13
12019,Clay,FL,10
12021,Collier,FL,19
12023,Columbia,FL,14
12027,DeSoto,FL,23
12029,Dixie,FL,15
12031,Duval,FL,12
12033,Escambia,FL,12
12035,Flagler,FL,11
12037,Franklin,FL,20
12039,Gadsden,FL,16
12041,Gilchrist,FL,14
12043,Glades,FL,25
12045,Gulf,FL,14
12047,Hamilton,FL,15
12049,Hardee,FL,18
12051,Hendry,FL,24
12053,Hernando,FL,14
12055,Highlands,FL,19
12057,Hillsborough,FL,13
12059,Holmes,FL,15
12061,Indian River,FL,14
12063,Jackson,FL,12
12065,Jefferson,FL,15
12067,Lafayette,FL,18
12069,Lake,FL,13
12071,Lee,FL,17
12073,Leon,FL,11
12075,Levy,FL,17
12077,Liberty,FL,16
12079,Madison,FL,16
12081,Manatee,FL,16
12083,Marion,FL,16
12085,Martin,FL,14
12086,Miami-Dade,FL,16
12087,Monroe,FL,15
12089,Nassau,FL,9
12091,Okaloosa,FL,12
12093,Okeechobee,FL,18
12095,Orange,FL,13
12097,Osceola,FL,13
12099,Palm Beach,FL,16
12101,Pasco,FL,12
12103,Pinellas,FL,13
12105,Polk,FL,15
12107,Putnam,FL,17
12109,St. Johns,FL,8
12111,St. Lucie,FL,14
12113,Santa Rosa,FL,10
12115,Sarasota,FL,13
12117,Seminole,FL,12
12119,Sumter,FL,11
12121,Suwannee,FL,16
12123,Taylor,FL,13
12125,Union,FL,11
12127,Volusia,FL,13
12129,Wakulla,FL,11
12131,Walton,FL,14
12133,Washington,FL,17
13001,Appling,GA,19
13003,Atkinson,GA,21
13005,Bacon,GA,17
13007,Baker,GA,11
13009,Baldwin,GA,15
13011,Banks,GA,18
13013,Barrow,GA,16
13015,Bartow,GA,16
13017,Ben Hill,GA,15
13019,Berrien,GA,15
13021,Bibb,GA,16
13023,Bleckley,GA,12
13025,Brantley,GA,18
13027,Brooks,GA,15
13029,Bryan,GA,11
13031,Bulloch,GA,14
13033,Burke,GA,12
13035,Butts,GA,14
13037,Calhoun,GA,15
13039,Camden,GA,12
13043,Candler,GA,20
13045,Carroll,GA,14
13047,Catoosa,GA,12
13049,Charlton,GA,16
13051,Chatham,GA,14
13053,Chattahoochee,GA,8
13055,Chattooga,GA,17
13057,Cherokee,GA,13
13059,Clarke,GA,15
13061,Clay,GA,14
13063,Clayton,GA,15
13065,Clinch,GA,18
13067,Cobb,GA,13
13069,Coffee,GA,19
13071,Colquitt,GA,20
13073,Columbia,GA,10
13075,Cook,GA,17
13077,Coweta,GA,11
13079,Crawford,GA,16
13081,Crisp,GA,14
13083,Dade,GA,14
13085,Dawson,GA,14
13087,Decatur,GA,14
13089,DeKalb,GA,14
13091,Dodge,GA,14
13093,Dooly,GA,15
13095,Dougherty,GA,16
13097,Douglas,GA,14
13099,Early,GA,14
13101,Echols,GA,19
13103,Effingham,GA,11
13105,Elbert,GA,18
13107,Emanuel,GA,17
13109,Evans,GA,18
13111,Fannin,GA,18
13113,Fayette,GA,10
13115,Floyd,GA,16
13117,Forsyth,GA,8
13119,Franklin,GA,17
13121,Fulton,GA,11
13123,Gilmer,GA,17
13125,Glascock,GA,12
13127,Glynn,GA,16
13129,Gordon,GA,20
13131,Grady,GA,18
13133,Greene,GA,14
13135,Gwinnett,GA,15
13137,Habersham,GA,18
13139,Hall,GA,19
13141,Hancock,GA,14
13143,Haralson,GA,14
13145,Harris,GA,9
13147,Hart,GA,15
13149,Heard,GA,15
13151,Henry,GA,10
13153,Houston,GA,11
13155,Irwin,GA,15
13157,Jackson,GA,14
13159,Jasper,GA,14
13161,Jeff Davis,GA,18
13163,Jefferson,GA,19
13165,Jenkins,GA,15
13167,Johnson,GA,17
13169,Jones,GA,12
13171,Lamar,GA,13
13173,Lanier,GA,14
13175,Laurens,GA,14
13177,Lee,GA,12
13179,Liberty,GA,12
13181,Lincoln,GA,20
13183,Long,GA,16
13185,Lowndes,GA,14
13187,Lumpkin,GA,16
13189,McDuffie,GA,13
13191,McIntosh,GA,17
13193,Macon,GA,19
13195,Madison,GA,18
13197,Marion,GA,18
13199,Meriwether,GA,17
13201,Miller,GA,14
13205,Mitchell,GA,14
13207,Monroe,GA,12
13209,Montgomery,GA,14
13211,Morgan,GA,13
13213,Murray,GA,18
13215,Muscogee,GA,12
13217,Newton,GA,13
13219,Oconee,GA,7
13221,Oglethorpe,GA,16
13223,Paulding,GA,11
13225,Peach,GA,15
13227,Pickens,GA,16
13229,Pierce,GA,16
13231,Pike,GA,13
13233,Polk,GA,15
13235,Pulaski,GA,16
13237,Putnam,GA,16
13239,Quitman,GA,17
13241,Rabun,GA,20
13243,Randolph,GA,16
13245,Richmond,GA,12
13247,Rockdale,GA,15
13249,Schley,GA,12
13251,Screven,GA,15
13253,Seminole,GA,15
13255,Spalding,GA,15
13257,Stephens,GA,14
13259,Stewart,GA,17
13261,Sumter,GA,14
13263,Talbot,GA,14
13265,Taliaferro,GA,11
13267,Tattnall,GA,16
13269,Taylor,GA,16
13271,Telfair,GA,16
13273,Terrell,GA,16
13275,Thomas,GA,13
13277,Tift,GA,17
13279,Toombs,GA,16
13281,Towns,GA,14
13283,Treutlen,GA,19
13285,Troup,GA,14
13287,Turner,GA,15
13289,Twiggs,GA,15
13291,Union,GA,17
13293,Upson,GA,14
13295,Walker,GA,14
13297,Walton,GA,13
13299,Ware,GA,15
13301,Warren,GA,15
13303,Washington,GA,14
13305,Wayne,GA,18
13307,Webster,GA,20
13309,Wheeler,GA,18
13311,White,GA,17
13313,Whitfield,GA,21
13315,Wilcox,GA,14
13317,Wilkes,GA,18
13319,Wilkinson,GA,15
13321,Worth,GA,14
15001,Hawaii,HI,5
15003,Honolulu,HI,4
15005,Kalawao,HI,
15007,Kauai,HI,5
15009,Maui,HI,5
16001,Ada,ID,7
16003,Adams,ID,11
16005,Bannock,ID,8
16007,Bear Lake,ID,9
16009,Benewah,ID,14
16011,Bingham,ID,11
16013,Blaine,ID,15
16015,Boise,ID,10
16017,Bonner,ID,11
16019,Bonneville,ID,9
16021,Boundary,ID,14
16023,Butte,ID,10
16025,Camas,ID,14
16027,Canyon,ID,12
16029,Caribou,ID,9
16031,Cassia,ID,13
16033,Clark,ID,22
16035,Clearwater,ID,9
16037,Custer,ID,13
16039,Elmore,ID,12
16041,Franklin,ID,10
16043,Fremont,ID,13
16045,Gem,ID,11
16047,Gooding,ID,18
16049,Idaho,ID,11
16051,Jefferson,ID,9
16053,Jerome,ID,16
16055,Kootenai,ID,9
16057,Latah,ID,7
16059,Lemhi,ID,13
16061,Lewis,ID,11
16063,Lincoln,ID,14
16065,Madison,ID,8
16067,Minidoka,ID,14
16069,Nez Perce,ID,9
16071,Oneida,ID,8
16073,Owyhee,ID,17
16075,Payette,ID,12
16077,Power,ID,14
16079,Shoshone,ID,11
16081,Teton,ID,14
16083,Twin Falls,ID,11
16085,Valley,ID,11
16087,Washington,ID,9
17001,Adams,IL,6
17003,Alexander,IL,6
17005,Bond,IL,6
17007,Boone,IL,7
17009,Brown,IL,4
17011,Bureau,IL,7
17013,Calhoun,IL,5
17015,Carroll,IL,8
17017,Cass,IL,8
17019,Champaign,IL,6
17021,Christian,IL,6
17023,Clark,IL,6
17025,Clay,IL,6
17027,Clinton,IL,6
17029,Coles,IL,7
17031,Cook,IL,10
17033,Crawford,IL,6
17035,Cumberland,IL,5
17037,DeKalb,IL,6
17039,De Witt,IL,6
17041,Douglas,IL,12
17043,DuPage,IL,6
17045,Edgar,IL,6
17047,Edwards,IL,6
17049,Effingham,IL,5
17051,Fayette,IL,8
17053,Ford,IL,7
17055,Franklin,IL,8
17057,Fulton,IL,6
17059,Gallatin,IL,6
17061,Greene,IL,7
17063,Grundy,IL,5
17065,Hamilton,IL,7
17067,Hancock,IL,6
17069,Hardin,IL,6
17071,Henderson,IL,6
17073,Henry,IL,6
17075,Iroquois,IL,8
17077,Jackson,IL,7
17079,Jasper,IL,6
17081,Jefferson,IL,6
17083,Jersey,IL,5
17085,Jo Daviess,IL,7
17087,Johnson,IL,7
17089,Kane,IL,9
17091,Kankakee,IL,7
17093,Kendall,IL,5
17095,Knox,IL,7
17097,Lake,IL,7
17099,LaSalle,IL,6
17101,Lawrence,IL,7
17103,Lee,IL,6
17105,Livingston,IL,6
17107,Logan,IL,5
17109,McDonough,IL,6
17111,McHenry,IL,6
17113,McLean,IL,5
17115,Macon,IL,5
17117,Macoupin,IL,6
17119,Madison,IL,5
17121,Marion,IL,7
17123,Marshall,IL,6
17125,Mason,IL,7
17127,Massac,IL,7
17129,Menard,IL,5
17131,Mercer,IL,6
17133,Monroe,IL,4
17135,Montgomery,IL,7
17137,Morgan,IL,6
17139,Moultrie,IL,9
17141,Ogle,IL,6
17143,Peoria,IL,6
17145,Perry,IL,6
17147,Piatt,IL,5
17149,Pike,IL,8
17151,Pope,IL,5
17153,Pulaski,IL,6
17155,Putnam,IL,7
17157,Randolph,IL,7
17159,Richland,IL,7
17161,Rock Island,IL,7
17163,St. Clair,IL,5
17165,Saline,IL,6
17167,Sangamon,IL,5
17169,Schuyler,IL,8
17171,Scott,IL,5
17173,Shelby,IL,6
17175,Stark,IL,7
17177,Stephenson,IL,5
17179,Tazewell,IL,5
17181,Union,IL,7
17183,Vermilion,IL,5
17185,Wabash,IL,6
17187,Warren,IL,7
17189,Washington,IL,5
17191,Wayne,IL,9
17193,White,IL,6
17195,Whiteside,IL,6
17197,Will,IL,6
17199,Williamson,IL,5
17201,Winnebago,IL,7
17203,Woodford,IL,5
18001,Adams,IN,14
18003,Allen,IN,8
18005,Bartholomew,IN,8
18007,Benton,IN,10
18009,Blackford,IN,8
18011,Boone,IN,5
18013,Brown,IN,8
18015,Carroll,IN,10
18017,Cass,IN,9
18019,Clark,IN,7
18021,Clay,IN,7
18023,Clinton,IN,10
18025,Crawford,IN,10
18027,Daviess,IN,17
18029,Dearborn,IN,7
18031,Decatur,IN,7
18033,DeKalb,IN,8
18035,Delaware,IN,9
18037,Dubois,IN,8
18039,Elkhart,IN,13
18041,Fayette,IN,7
18043,Floyd,IN,7
18045,Fountain,IN,8
18047,Franklin,IN,7
18049,Fulton,IN,9
18051,Gibson,IN,7
18053,Grant,IN,7
18055,Greene,IN,8
18057,Hamilton,IN,5
18059,Hancock,IN,6
18061,Harrison,IN,7
18063,Hendricks,IN,6
18065,Henry,IN,7
18067,Howard,IN,7
18069,Huntington,IN,7
18071,Jackson,IN,9
18073,Jasper,IN,8
18075,Jay,IN,9
18077,Jefferson,IN,7
18079,Jennings,IN,7
18081,Johnson,IN,7
18083,Knox,IN,8
18085,Kosciusko,IN,10
18087,LaGrange,IN,33
18089,Lake,IN,8
18091,LaPorte,IN,8
18093,Lawrence,IN,8
18095,Madison,IN,8
18097,Marion,IN,10
18099,Marshall,IN,13
18101,Martin,IN,9
18103,Miami,IN,9
18105,Monroe,IN,6
18107,Montgomery,IN,8
18109,Morgan,IN,8
18111,Newton,IN,10
18113,Noble,IN,10
18115,Ohio,IN,8
18117,Orange,IN,9
18119,Owen,IN,9
18121,Parke,IN,12
18123,Perry,IN,6
18125,Pike,IN,8
18127,Porter,IN,7
18129,Posey,IN,6
18131,Pulaski,IN,9
18133,Putnam,IN,7
18135,Randolph,IN,9
18137,Ripley,IN,7
18139,Rush,IN,9
18141,St. Joseph,IN,8
18143,Scott,IN,9
18145,Shelby,IN,8
18147,Spencer,IN,7
18149,Starke,IN,9
18151,Steuben,IN,8
18153,Sullivan,IN,7
18155,Switzerland,IN,9
18157,Tippecanoe,IN,9
18159,Tipton,IN,7
18161,Union,IN,8
18163,Vanderburgh,IN,8
18165,Vermillion,IN,7
18167,Vigo,IN,9
18169,Wabash,IN,8
18171,Warren,IN,6
18173,Warrick,IN,5
18175,Washington,IN,8
18177,Wayne,IN,8
18179,Wells,IN,7
18181,White,IN,10
18183,Whitley,IN,7
19001,Adair,IA,5
19003,Adams,IA,5
19005,Allamakee,IA,8
19007,Appanoose,IA,6
19009,Audubon,IA,6
19011,Benton,IA,4
19013,Black Hawk,IA,5
19015,Boone,IA,5
19017,Bremer,IA,4
19019,Buchanan,IA,5
19021,Buena Vista,IA,10
19023,Butler,IA,5
19025,Calhoun,IA,6
19027,Carroll,IA,5
19029,Cass,IA,7
19031,Cedar,IA,5
19033,Cerro Gordo,IA,5
19035,Cherokee,IA,5
19037,Chickasaw,IA,6
19039,Clarke,IA,7
19041,Clay,IA,5
19043,Clayton,IA,7
19045,Clinton,IA,5
19047,Crawford,IA,10
19049,Dallas,IA,4
19051,Davis,IA,14
19053,Decatur,IA,6
19055,Delaware,IA,5
19057,Des Moines,IA,5
19059,Dickinson,IA,6
19061,Dubuque,IA,5
19063,Emmet,IA,8
19065,Fayette,IA,6
19067,Floyd,IA,5
19069,Franklin,IA,8
19071,Fremont,IA,5
19073,Greene,IA,6
19075,Grundy,IA,4
19077,Guthrie,IA,6
19079,Hamilton,IA,5
19081,Hancock,IA,6
19083,Hardin,IA,6
19085,Harrison,IA,6
19087,Henry,IA,5
19089,Howard,IA,7
19091,Humboldt,IA,6
19093,Ida,IA,6
19095,Iowa,IA,4
19097,Jackson,IA,5
19099,Jasper,IA,5
19101,Jefferson,IA,8
19103,Johnson,IA,5
19105,Jones,IA,5
19107,Keokuk,IA,5
19109,Kossuth,IA,5
19111,Lee,IA,5
19113,Linn,IA,4
19115,Louisa,IA,7
19117,Lucas,IA,5
19119,Lyon,IA,6
19121,Madison,IA,5
19123,Mahaska,IA,5
19125,Marion,IA,4
19127,Marshall,IA,7
19129,Mills,IA,4
19131,Mitchell,IA,7
19133,Monona,IA,6
19135,Monroe,IA,5
19137,Montgomery,IA,6
19139,Muscatine,IA,5
19141,O'Brien,IA,6
19143,Osceola,IA,7
19145,Page,IA,6
19147,Palo Alto,IA,5
19149,Plymouth,IA,5
19151,Pocahontas,IA,8
19153,Polk,IA,5
19155,Pottawattamie,IA,6
19157,Poweshiek,IA,5
19159,Ringgold,IA,6
19161,Sac,IA,6
19163,Scott,IA,6
19165,Shelby,IA,6
19167,Sioux,IA,6
19169,Story,IA,5
19171,Tama,IA,6
19173,Taylor,IA,7
19175,Union,IA,6
19177,Van Buren,IA,8
19179,Wapello,IA,7
19181,Warren,IA,4
19183,Washington,IA,7
19185,Wayne,IA,6
19187,Webster,IA,6
19189,Winnebago,IA,6
19191,Winneshiek,IA,4
19193,Woodbury,IA,7
19195,Worth,IA,5
19197,Wright,IA,5
20001,Allen,KS,11
20003,Anderson,KS,13
20005,Atchison,KS,8
20007,Barber,KS,12
20009,Barton,KS,13
20011,Bourbon,KS,10
20013,Brown,KS,12
20015,Butler,KS,8
20017,Chase,KS,9
20019,Chautauqua,KS,14
20021,Cherokee,KS,11
20023,Cheyenne,KS,15
20025,Clark,KS,8
20027,Clay,KS,9
20029,Cloud,KS,9
20031,Coffey,KS,9
20033,Comanche,KS,9
20035,Cowley,KS,10
20037,Crawford,KS,11
20039,Decatur,KS,11
20041,Dickinson,KS,9
20043,Doniphan,KS,9
20045,Douglas,KS,10
20047,Edwards,KS,14
20049,Elk,KS,13
20051,Ellis,KS,11
20053,Ellsworth,KS,10
20055,Finney,KS,17
20057,Ford,KS,16
20059,Franklin,KS,9
20061,Geary,KS,8
20063,Gove,KS,10
20065,Graham,KS,12
20067,Grant,KS,17
20069,Gray,KS,18
20071,Greeley,KS,12
20073,Greenwood,KS,11
20075,Hamilton,KS,20
20077,Harper,KS,12
20079,Harvey,KS,11
20081,Haskell,KS,21
20083,Hodgeman,KS,11
20085,Jackson,KS,10
20087,Jefferson,KS,9
20089,Jewell,KS,12
20091,Johnson,KS,6
20093,Kearny,KS,17
20095,Kingman,KS,10
20097,Kiowa,KS,12
20099,Labette,KS,11
20101,Lane,KS,13
20103,Leavenworth,KS,8
20105,Lincoln,KS,10
20107,Linn,KS,10
20109,Logan,KS,11
20111,Lyon,KS,13
20113,McPherson,KS,10
20115,Marion,KS,11
20117,Marshall,KS,10
20119,Meade,KS,16
20121,Miami,KS,8
20123,Mitchell,KS,11
20125,Montgomery,KS,11
20127,Morris,KS,11
20129,Morton,KS,15
20131,Nemaha,KS,8
20133,Neosho,KS,10
20135,Ness,KS,13
20137,Norton,KS,10
20139,Osage,KS,10
20141,Osborne,KS,10
20143,Ottawa,KS,8
20145,Pawnee,KS,10
20147,Phillips,KS,12
20149,Pottawatomie,KS,7
20151,Pratt,KS,11
20153,Rawlins,KS,11
20155,Reno,KS,10
20157,Republic,KS,10
20159,Rice,KS,11
20161,Riley,KS,10
20163,Rooks,KS,13
20165,Rush,KS,12
20167,Russell,KS,9
20169,Saline,KS,10
20171,Scott,KS,18
20173,Sedgwick,KS,12
20175,Seward,KS,18
20177,Shawnee,KS,10
20179,Sheridan,KS,7
20181,Sherman,KS,13
20183,Smith,KS,9
20185,Stafford,KS,13
20187,Stanton,KS,15
20189,Stevens,KS,19
20191,Sumner,KS,10
20193,Thomas,KS,13
20195,Trego,KS,11
20197,Wabaunsee,KS,8
20199,Wallace,KS,9
20201,Washington,KS,12
20203,Wichita,KS,16
20205,Wilson,KS,10
20207,Woodson,KS,9
20209,Wyandotte,KS,15
21001,Adair,KY,7
21003,Allen,KY,6
21005,Anderson,KY,6
21007,Ballard,KY,6
21009,Barren,KY,8
21011,Bath,KY,6
21013,Bell,KY,7
21015,Boone,KY,5
21017,Bourbon,KY,7
21019,Boyd,KY,6
21021,Boyle,KY,6
21023,Bracken,KY,6
21025,Breathitt,KY,7
21027,Breckinridge,KY,8
21029,Bullitt,KY,5
21031,Butler,KY,9
21033,Caldwell,KY,7
21035,Calloway,KY,7
21037,Campbell,KY,5
21039,Carlisle,KY,8
21041,Carroll,KY,7
21043,Carter,KY,8
21045,Casey,KY,9
21047,Christian,KY,7
21049,Clark,KY,5
21051,Clay,KY,8
21053,Clinton,KY,8
21055,Crittenden,KY,8
21057,Cumberland,KY,7
21059,Daviess,KY,6
21061,Edmonson,KY,8
21063,Elliott,KY,5
21065,Estill,KY,8
21067,Fayette,KY,8
21069,Fleming,KY,8
21071,Floyd,KY,7
21073,Franklin,KY,6
21075,Fulton,KY,7
21077,Gallatin,KY,7
21079,Garrard,KY,9
21081,Grant,KY,7
21083,Graves,KY,7
21085,Grayson,KY,7
21087,Green,KY,8
21089,Greenup,KY,6
21091,Hancock,KY,6
21093,Hardin,KY,6
21095,Harlan,KY,7
21097,Harrison,KY,6
21099,Hart,KY,8
21101,Henderson,KY,7
21103,Henry,KY,8
21105,Hickman,KY,7
21107,Hopkins,KY,7
21109,Jackson,KY,7
21111,Jefferson,KY,6
21113,Jessamine,KY,8
21115,Johnson,KY,7
21117,Kenton,KY,5
21119,Knott,KY,7
21121,Knox,KY,7
21123,Larue,KY,9
21125,Laurel,KY,7
21127,Lawrence,KY,8
21129,Lee,KY,7
21131,Leslie,KY,5
21133,Letcher,KY,7
21135,Lewis,KY,8
21137,Lincoln,KY,8
21139,Livingston,KY,6
21141,Logan,KY,7
21143,Lyon,KY,9
21145,McCracken,KY,7
21147,McCreary,KY,8
21149,McLean,KY,7
21151,Madison,KY,6
21153,Magoffin,KY,8
21155,Marion,KY,6
21157,Marshall,KY,6
21159,Martin,KY,7
21161,Mason,KY,7
21163,Meade,KY,6
21165,Menifee,KY,7
21167,Mercer,KY,6
21169,Metcalfe,KY,6
21171,Monroe,KY,8
21173,Montgomery,KY,7
21175,Morgan,KY,9
21177,Muhlenberg,KY,7
21179,Nelson,KY,5
21181,Nicholas,KY,7
21183,Ohio,KY,8
21185,Oldham,KY,4
21187,Owen,KY,8
21189,Owsley,KY,6
21191,Pendleton,KY,7
21193,Perry,KY,7
21195,Pike,KY,7
21197,Powell,KY,6
21199,Pulaski,KY,8
21201,Robertson,KY,7
21203,Rockcastle,KY,7
21205,Rowan,KY,6
21207,Russell,KY,8
21209,Scott,KY,4
21211,Shelby,KY,7
21213,Simpson,KY,6
21215,Spencer,KY,5
21217,Taylor,KY,6
21219,Todd,KY,13
21221,Trigg,KY,8
21223,Trimble,KY,7
21225,Union,KY,7
21227,Warren,KY,9
21229,Washington,KY,7
21231,Wayne,KY,8
21233,Webster,KY,9
21235,Whitley,KY,7
21237,Wolfe,KY,8
21239,Woodford,KY,6
22001,Acadia,LA,8
22003,Allen,LA,7
22005,Ascension,LA,6
22007,Assumption,LA,10
22009,Avoyelles,LA,9
22011,Beauregard,LA,9
22013,Bienville,LA,7
22015,Bossier,LA,8
22017,Caddo,LA,8
22019,Calcasieu,LA,8
22021,Caldwell,LA,9
22023,Cameron,LA,7
22025,Catahoula,LA,8
22027,Claiborne,LA,10
22029,Concordia,LA,9
22031,De Soto,LA,8
22033,East Baton Rouge,LA,8
22035,East Carroll,LA,9
22037,East Feliciana,LA,7
22039,Evangeline,LA,8
22041,Franklin,LA,9
22043,Grant,LA,8
22045,Iberia,LA,9
22047,Iberville,LA,8
22049,Jackson,LA,7
22051,Jefferson,LA,11
22053,Jefferson Davis,LA,8
22055,Lafayette,LA,9
22057,Lafourche,LA,8
22059,LaSalle,LA,9
22061,Lincoln,LA,8
22063,Livingston,LA,7
22065,Madison,LA,7
22067,Morehouse,LA,8
22069,Natchitoches,LA,7
22071,Orleans,LA,8
22073,Ouachita,LA,8
22075,Plaquemines,LA,8
22077,Pointe Coupee,LA,8
22079,Rapides,LA,8
22081,Red River,LA,8
22083,Richland,LA,9
22085,Sabine,LA,10
22087,St. Bernard,LA,9
22089,St. Charles,LA,5
22091,St. Helena,LA,8
22093,St. James,LA,6
22095,St. John the Baptist,LA,7
22097,St. Landry,LA,9
22099,St. Martin,LA,8
22101,St. Mary,LA,9
22103,St. Tammany,LA,8
22105,Tangipahoa,LA,8
22107,Tensas,LA,10
22109,Terrebonne,LA,10
22111,Union,LA,7
22113,Vermilion,LA,8
22115,Vernon,LA,8
22117,Washington,LA,7
22119,Webster,LA,8
22121,West Baton Rouge,LA,6
22123,West Carroll,LA,9
22125,West Feliciana,LA,5
22127,Winn,LA,8
23001,Androscoggin,ME,8
23003,Aroostook,ME,10
23005,Cumberland,ME,7
23007,Franklin,ME,9
23009,Hancock,ME,11
23011,Kennebec,ME,8
23013,Knox,ME,10
23015,Lincoln,ME,10
23017,Oxford,ME,11
23019,Penobscot,ME,9
23021,Piscataquis,ME,9
23023,Sagadahoc,ME,8
23025,Somerset,ME,10
23027,Waldo,ME,10
23029,Washington,ME,12
23031,York,ME,7
24001,Allegany,MD,6
24003,Anne Arundel,MD,5
24005,Baltimore,MD,6
24009,Calvert,MD,4
24011,Caroline,MD,9
24013,Carroll,MD,4
24015,Cecil,MD,5
24017,Charles,MD,5
24019,Dorchester,MD,7
24021,Frederick,MD,5
24023,Garrett,MD,8
24025,Harford,MD,5
24027,Howard,MD,4
24029,Kent,MD,7
24031,Montgomery,MD,8
24033,Prince George's,MD,11
24035,Queen Anne's,MD,6
24037,St. Mary's,MD,5
24039,Somerset,MD,6
24041,Talbot,MD,8
24043,Washington,MD,8
24045,Wicomico,MD,8
24047,Worcester,MD,7
24510,Baltimore,MD,7
25001,Barnstable,MA,3
25003,Berkshire,MA,3
25005,Bristol,MA,3
25007,Dukes,MA,4
25009,Essex,MA,3
25011,Franklin,MA,3
25013,Hampden,MA,3
25015,Hampshire,MA,3
25017,Middlesex,MA,2
25019,Nantucket,MA,4
25021,Norfolk,MA,2
25023,Plymouth,MA,2
25025,Suffolk,MA,3
25027,Worcester,MA,3
26001,Alcona,MI,7
26003,Alger,MI,6
26005,Allegan,MI,6
26007,Alpena,MI,6
26009,Antrim,MI,7
26011,Arenac,MI,6
26013,Baraga,MI,7
26015,Barry,MI,5
26017,Bay,MI,6
26019,Benzie,MI,7
26021,Berrien,MI,7
26023,Branch,MI,8
26025,Calhoun,MI,6
26027,Cass,MI,7
26029,Charlevoix,MI,6
26031,Cheboygan,MI,8
26033,Chippewa,MI,7
26035,Clare,MI,8
26037,Clinton,MI,4
26039,Crawford,MI,6
26041,Delta,MI,6
26043,Dickinson,MI,5
26045,Eaton,MI,5
26047,Emmet,MI,6
26049,Genesee,MI,5
26051,Gladwin,MI,8
26053,Gogebic,MI,6
26055,Grand Traverse,MI,6
26057,Gratiot,MI,5
26059,Hillsdale,MI,7
26061,Houghton,MI,6
26063,Huron,MI,7
26065,Ingham,MI,6
26067,Ionia,MI,6
26069,Iosco,MI,6
26071,Iron,MI,8
26073,Isabella,MI,7
26075,Jackson,MI,6
26077,Kalamazoo,MI,5
26079,Kalkaska,MI,7
26081,Kent,MI,5
26083,Keweenaw,MI,5
26085,Lake,MI,8
26087,Lapeer,MI,6
26089,Leelanau,MI,7
26091,Lenawee,MI,5
26093,Livingston,MI,4
26095,Luce,MI,6
26097,Mackinac,MI,11
26099,Macomb,MI,6
26101,Manistee,MI,7
26103,Marquette,MI,6
26105,Mason,MI,6
26107,Mecosta,MI,7
26109,Menominee,MI,6
26111,Midland,MI,5
26113,Missaukee,MI,8
26115,Monroe,MI,5
26117,Montcalm,MI,7
26119,Montmorency,MI,8
26121,Muskegon,MI,5
26123,Newaygo,MI,7
26125,Oakland,MI,5
26127,Oceana,MI,7
26129,Ogemaw,MI,7
26131,Ontonagon,MI,7
26133,Osceola,MI,7
26135,Oscoda,MI,10
26137,Otsego,MI,7
26139,Ottawa,MI,5
26141,Presque Isle,MI,6
26143,Roscommon,MI,7
26145,Saginaw,MI,6
26147,St. Clair,MI,5
26149,St. Joseph,MI,8
26151,Sanilac,MI,7
26153,Schoolcraft,MI,7
26155,Shiawassee,MI,6
26157,Tuscola,MI,6
26159,Van Buren,MI,7
26161,Washtenaw,MI,4
26163,Wayne,MI,6
26165,Wexford,MI,7
27001,Aitkin,MN,7
27003,Anoka,MN,5
27005,Becker,MN,7
27007,Beltrami,MN,8
27009,Benton,MN,5
27011,Big Stone,MN,6
27013,Blue Earth,MN,5
27015,Brown,MN,5
27017,Carlton,MN,5
27019,Carver,MN,3
27021,Cass,MN,8
27023,Chippewa,MN,7
27025,Chisago,MN,5
27027,Clay,MN,5
27029,Clearwater,MN,9
27031,Cook,MN,7
27033,Cottonwood,MN,7
27035,Crow Wing,MN,6
27037,Dakota,MN,4
27039,Dodge,MN,4
27041,Douglas,MN,5
27043,Faribault,MN,7
27045,Fillmore,MN,8
27047,Freeborn,MN,8
27049,Goodhue,MN,5
27051,Grant,MN,6
27053,Hennepin,MN,5
27055,Houston,MN,4
27057,Hubbard,MN,8
27059,Isanti,MN,6
27061,Itasca,MN,6
27063,Jackson,MN,6
27065,Kanabec,MN,7
27067,Kandiyohi,MN,6
27069,Kittson,MN,5
27071,Koochiching,MN,6
27073,Lac qui Parle,MN,5
27075,Lake,MN,6
27077,Lake of the Woods,MN,5
27079,Le Sueur,MN,5
27081,Lincoln,MN,6
27083,Lyon,MN,5
27085,McLeod,MN,5
27087,Mahnomen,MN,8
27089,Marshall,MN,7
27091,Martin,MN,6
27093,Meeker,MN,6
27095,Mille Lacs,MN,7
27097,Morrison,MN,5
27099,Mower,MN,7
27101,Murray,MN,7
27103,Nicollet,MN,5
27105,Nobles,MN,11
27107,Norman,MN,7
27109,Olmsted,MN,4
27111,Otter Tail,MN,7
27113,Pennington,MN,3
27115,Pine,MN,7
27117,Pipestone,MN,7
27119,Polk,MN,6
27121,Pope,MN,4
27123,Ramsey,MN,7
27125,Red Lake,MN,5
27127,Redwood,MN,7
27129,Renville,MN,8
27131,Rice,MN,6
27133,Rock,MN,5
27135,Roseau,MN,5
27137,St. Louis,MN,6
27139,Scott,MN,4
27141,Sherburne,MN,5
27143,Sibley,MN,6
27145,Stearns,MN,5
27147,Steele,MN,5
27149,Stevens,MN,5
27151,Swift,MN,9
27153,Todd,MN,8
27155,Traverse,MN,6
27157,Wabasha,MN,5
27159,Wadena,MN,6
27161,Waseca,MN,6
27163,Washington,MN,4
27165,Watonwan,MN,10
27167,Wilkin,MN,4
27169,Winona,MN,6
27171,Wright,MN,4
27173,Yellow Medicine,MN,7
28001,Adams,MS,15
28003,Alcorn,MS,14
28005,Amite,MS,15
28007,Attala,MS,14
28009,Benton,MS,18
28011,Bolivar,MS,14
28013,Calhoun,MS,17
28015,Carroll,MS,15
28017,Chickasaw,MS,14
28019,Choctaw,MS,13
28021,Claiborne,MS,12
28023,Clarke,MS,13
28025,Clay,MS,12
28027,Coahoma,MS,14
28029,Copiah,MS,13
28031,Covington,MS,13
28033,DeSoto,MS,11
28035,Forrest,MS,12
28037,Franklin,MS,14
28039,George,MS,14
28041,Greene,MS,12
28043,Grenada,MS,14
28045,Hancock,MS,12
28047,Harrison,MS,14
28049,Hinds,MS,13
28051,Holmes,MS,14
28053,Humphreys,MS,15
28055,Issaquena,MS,23
28057,Itawamba,MS,13
28059,Jackson,MS,13
28061,Jasper,MS,12
28063,Jefferson,MS,15
28065,Jefferson Davis,MS,14
28067,Jones,MS,13
28069,Kemper,MS,13
28071,Lafayette,MS,14
28073,Lamar,MS,13
28075,Lauderdale,MS,13
28077,Lawrence,MS,13
28079,Leake,MS,16
28081,Lee,MS,13
28083,Leflore,MS,12
28085,Lincoln,MS,14
28087,Lowndes,MS,11
28089,Madison,MS,10
28091,Marion,MS,14
28093,Marshall,MS,14
28095,Monroe,MS,14
28097,Montgomery,MS,16
28099,Neshoba,MS,15
28101,Newton,MS,13
28103,Noxubee,MS,16
28105,Oktibbeha,MS,13
28107,Panola,MS,14
28109,Pearl River,MS,15
28111,Perry,MS,13
28113,Pike,MS,15
28115,Pontotoc,MS,15
28117,Prentiss,MS,13
28119,Quitman,MS,15
28121,Rankin,MS,11
28123,Scott,MS,15
28125,Sharkey,MS,14
28127,Simpson,MS,14
28129,Smith,MS,14
28131,Stone,MS,15
28133,Sunflower,MS,13
28135,Tallahatchie,MS,14
28137,Tate,MS,13
28139,Tippah,MS,17
28141,Tishomingo,MS,17
28143,Tunica,MS,12
28145,Union,MS,13
28147,Walthall,MS,16
28149,Warren,MS,12
28151,Washington,MS,14
28153,Wayne,MS,16
28155,Webster,MS,14
28157,Wilkinson,MS,13
28159,Winston,MS,14
28161,Yalobusha,MS,12
28163,Yazoo,MS,13
29001,Adair,MO,11
29003,Andrew,MO,9
29005,Atchison,MO,13
29007,Audrain,MO,14
29009,Barry,MO,14
29011,Barton,MO,14
29013,Bates,MO,13
29015,Benton,MO,15
29017,Bollinger,MO,14
29019,Boone,MO,8
29021,Buchanan,MO,12
29023,Butler,MO,14
29025,Caldwell,MO,13
29027,Callaway,MO,10
29029,Camden,MO,14
29031,Cape Girardeau,MO,10
29033,Carroll,MO,12
29035,Carter,MO,13
29037,Cass,MO,9
29039,Cedar,MO,15
29041,Chariton,MO,11
29043,Christian,MO,11
29045,Clark,MO,13
29047,Clay,MO,8
29049,Clinton,MO,10
29051,Cole,MO,9
29053,Cooper,MO,10
29055,Crawford,MO,15
29057,Dade,MO,14
29059,Dallas,MO,15
29061,Daviess,MO,16
29063,DeKalb,MO,10
29065,Dent,MO,14
29067,Douglas,MO,12
29069,Dunklin,MO,13
29071,Franklin,MO,10
29073,Gasconade,MO,13
29075,Gentry,MO,15
29077,Greene,MO,11
29079,Grundy,MO,15
29081,Harrison,MO,11
29083,Henry,MO,12
29085,Hickory,MO,13
29087,Holt,MO,11
29089,Howard,MO,11
29091,Howell,MO,13
29093,Iron,MO,13
29095,Jackson,MO,11
29097,Jasper,MO,14
29099,Jefferson,MO,9
29101,Johnson,MO,10
29103,Knox,MO,17
29105,Laclede,MO,12
29107,Lafayette,MO,12
29109,Lawrence,MO,15
29111,Lewis,MO,13
29113,Lincoln,MO,10
29115,Linn,MO,11
29117,Livingston,MO,13
29119,McDonald,MO,18
29121,Macon,MO,11
29123,Madison,MO,11
29125,Maries,MO,13
29127,Marion,MO,10
29129,Mercer,MO,15
29131,Miller,MO,13
29133,Mississippi,MO,15
29135,Moniteau,MO,18
29137,Monroe,MO,13
29139,Montgomery,MO,12
29141,Morgan,MO,21
29143,New Madrid,MO,13
29145,Newton,MO,13
29147,Nodaway,MO,10
29149,Oregon,MO,14
29151,Osage,MO,9
29153,Ozark,MO,16
29155,Pemiscot,MO,12
29157,Perry,MO,11
29159,Pettis,MO,14
29161,Phelps,MO,12
29163,Pike,MO,13
29165,Platte,MO,7
29167,Polk,MO,13
29169,Pulaski,MO,10
29171,Putnam,MO,11
29173,Ralls,MO,10
29175,Randolph,MO,11
29177,Ray,MO,12
29179,Reynolds,MO,15
29181,Ripley,MO,14
29183,St. Charles,MO,6
29185,St. Clair,MO,12
29186,Ste. Genevieve,MO,10
29187,St. Francois,MO,14
29189,St. Louis,MO,7
29195,Saline,MO,11
29197,Schuyler,MO,14
29199,Scotland,MO,23
29201,Scott,MO,13
29203,Shannon,MO,13
29205,Shelby,MO,13
29207,Stoddard,MO,14
29209,Stone,MO,14
29211,Sullivan,MO,12
29213,Taney,MO,14
29215,Texas,MO,14
29217,Vernon,MO,12
29219,Warren,MO,11
29221,Washington,MO,14
29223,Wayne,MO,14
29225,Webster,MO,13
29227,Worth,MO,13
29229,Wright,MO,15
29510,St. Louis,MO,10
30001,Beaverhead,MT,12
30003,Big Horn,MT,12
30005,Blaine,MT,13
30007,Broadwater,MT,12
30009,Carbon,MT,10
30011,Carter,MT,12
30013,Cascade,MT,11
30015,Chouteau,MT,14
30017,Custer,MT,12
30019,Daniels,MT,12
30021,Dawson,MT,8
30023,Deer Lodge,MT,11
30025,Fallon,MT,9
30027,Fergus,MT,11
30029,Flathead,MT,12
30031,Gallatin,MT,8
30033,Garfield,MT,12
30035,Glacier,MT,13
30037,Golden Valley,MT,12
30039,Granite,MT,14
30041,Hill,MT,13
30043,Jefferson,MT,10
30045,Judith Basin,MT,11
30047,Lake,MT,16
30049,Lewis and Clark,MT,10
30051,Liberty,MT,17
30053,Lincoln,MT,15
30055,McCone,MT,11
30057,Madison,MT,13
30059,Meagher,MT,15
30061,Mineral,MT,12
30063,Missoula,MT,9
30065,Musselshell,MT,12
30067,Park,MT,10
30069,Petroleum,MT,6
30071,Phillips,MT,11
30073,Pondera,MT,14
30075,Powder River,MT,14
30077,Powell,MT,13
30079,Prairie,MT,15
30081,Ravalli,MT,12
30083,Richland,MT,10
30085,Roosevelt,MT,13
30087,Rosebud,MT,11
30089,Sanders,MT,17
30091,Sheridan,MT,12
30093,Silver Bow,MT,10
30095,Stillwater,MT,9
30097,Sweet Grass,MT,10
30099,Teton,MT,12
30101,Toole,MT,12
30103,Treasure,MT,12
30105,Valley,MT,13
30107,Wheatland,MT,17
30109,Wibaux,MT,12
30111,Yellowstone,MT,9
31001,Adams,NE,8
31003,Antelope,NE,8
31005,Arthur,NE,7
31007,Banner,NE,6
31009,Blaine,NE,7
31011,Boone,NE,6
31013,Box Butte,NE,11
31015,Boyd,NE,9
31017,Brown,NE,10
31019,Buffalo,NE,8
31021,Burt,NE,8
31023,Butler,NE,7
31025,Cass,NE,6
31027,Cedar,NE,7
31029,Chase,NE,11
31031,Cherry,NE,8
31033,Cheyenne,NE,8
31035,Clay,NE,9
31037,Colfax,NE,15
31039,Cuming,NE,11
31041,Custer,NE,7
31043,Dakota,NE,11
31045,Dawes,NE,8
31047,Dawson,NE,13
31049,Deuel,NE,7
31051,Dixon,NE,10
31053,Dodge,NE,9
31055,Douglas,NE,8
31057,Dundy,NE,10
31059,Fillmore,NE,7
31061,Franklin,NE,7
31063,Frontier,NE,8
31065,Furnas,NE,8
31067,Gage,NE,7
31069,Garden,NE,8
31071,Garfield,NE,6
31073,Gosper,NE,9
31075,Grant,NE,8
31077,Greeley,NE,9
31079,Hall,NE,10
31081,Hamilton,NE,6
31083,Harlan,NE,9
31085,Hayes,NE,8
31087,Hitchcock,NE,7
31089,Holt,NE,9
31091,Hooker,NE,9
31093,Howard,NE,6
31095,Jefferson,NE,7
31097,Johnson,NE,7
31099,Kearney,NE,6
31101,Keith,NE,8
31103,Keya Paha,NE,9
31105,Kimball,NE,12
31107,Knox,NE,9
31109,Lancaster,NE,7
31111,Lincoln,NE,7
31113,Logan,NE,7
31115,Loup,NE,5
31117,McPherson,NE,6
31119,Madison,NE,9
31121,Merrick,NE,7
31123,Morrill,NE,9
31125,Nance,NE,7
31127,Nemaha,NE,10
31129,Nuckolls,NE,9
31131,Otoe,NE,7
31133,Pawnee,NE,9
31135,Perkins,NE,11
31137,Phelps,NE,7
31139,Pierce,NE,6
31141,Platte,NE,9
31143,Polk,NE,8
31145,Red Willow,NE,8
31147,Richardson,NE,8
31149,Rock,NE,7
31151,Saline,NE,12
31153,Sarpy,NE,5
31155,Saunders,NE,5
31157,Scotts Bluff,NE,10
31159,Seward,NE,7
31161,Sheridan,NE,11
31163,Sherman,NE,8
31165,Sioux,NE,6
31167,Stanton,NE,6
31169,Thayer,NE,7
31171,Thomas,NE,9
31173,Thurston,NE,7
31175,Valley,NE,9
31177,Washington,NE,5
31179,Wayne,NE,7
31181,Webster,NE,7
31183,Wheeler,NE,5
31185,York,NE,6
32001,Churchill,NV,10
32003,Clark,NV,14
32005,Douglas,NV,10
32007,Elko,NV,10
32009,Esmeralda,NV,19
32011,Eureka,NV,7
32013,Humboldt,NV,12
32015,Lander,NV,11
32017,Lincoln,NV,12
32019,Lyon,NV,12
32021,Mineral,NV,11
32023,Nye,NV,10
32027,Pershing,NV,10
32029,Storey,NV,14
32031,Washoe,NV,13
32033,White Pine,NV,9
32510,Carson City,NV,14
33001,Belknap,NH,7
33003,Carroll,NH,8
33005,Cheshire,NH,6
33007,Coos,NH,8
33009,Grafton,NH,7
33011,Hillsborough,NH,7
33013,Merrimack,NH,7
33015,Rockingham,NH,5
33017,Strafford,NH,6
33019,Sullivan,NH,7
34001,Atlantic,NJ,9
34003,Bergen,NJ,7
34005,Burlington,NJ,5
34007,Camden,NJ,8
34009,Cape May,NJ,8
34011,Cumberland,NJ,10
34013,Essex,NJ,11
34015,Gloucester,NJ,5
34017,Hudson,NJ,10
34019,Hunterdon,NJ,4
34021,Mercer,NJ,9
34023,Middlesex,NJ,7
34025,Monmouth,NJ,6
34027,Morris,NJ,5
34029,Ocean,NJ,6
34031,Passaic,NJ,12
34033,Salem,NJ,6
34035,Somerset,NJ,5
34037,Sussex,NJ,5
34039,Union,NJ,13
34041,Warren,NJ,6
35001,Bernalillo,NM,10
35003,Catron,NM,8
35005,Chaves,NM,11
35006,Cibola,NM,9
35007,Colfax,NM,10
35009,Curry,NM,11
35011,De Baca,NM,13
35013,Doña Ana,NM,12
35015,Eddy,NM,11
35017,Grant,NM,9
35019,Guadalupe,NM,9
35021,Harding,NM,11
35023,Hidalgo,NM,11
35025,Lea,NM,13
35027,Lincoln,NM,12
35028,Los Alamos,NM,2
35029,Luna,NM,12
35031,McKinley,NM,14
35033,Mora,NM,6
35035,Otero,NM,9
35037,Quay,NM,10
35039,Rio Arriba,NM,9
35041,Roosevelt,NM,11
35043,Sandoval,NM,8
35045,San Juan,NM,13
35047,San Miguel,NM,9
35049,Santa Fe,NM,12
35051,Sierra,NM,9
35053,Socorro,NM,10
35055,Taos,NM,11
35057,Torrance,NM,9
35059,Union,NM,12
35061,Valencia,NM,11
36001,Albany,NY,5
36003,Allegany,NY,5
36005,Bronx,NY,7
36007,Broome,NY,5
36009,Cattaraugus,NY,7
36011,Cayuga,NY,6
36013,Chautauqua,NY,6
36015,Chemung,NY,5
36017,Chenango,NY,5
36019,Clinton,NY,5
36021,Columbia,NY,6
36023,Cortland,NY,5
36025,Delaware,NY,6
36027,Dutchess,NY,5
36029,Erie,NY,4
36031,Essex,NY,5
36033,Franklin,NY,6
36035,Fulton,NY,6
36037,Genesee,NY,4
36039,Greene,NY,5
36041,Hamilton,NY,9
36043,Herkimer,NY,5
36045,Jefferson,NY,5
36047,Kings,NY,6
36049,Lewis,NY,5
36051,Livingston,NY,4
36053,Madison,NY,4
36055,Monroe,NY,4
36057,Montgomery,NY,5
36059,Nassau,NY,4
36061,New York,NY,5
36063,Niagara,NY,4
36065,Oneida,NY,5
36067,Onondaga,NY,4
36069,Ontario,NY,4
36071,Orange,NY,5
36073,Orleans,NY,6
36075,Oswego,NY,5
36077,Otsego,NY,5
36079,Putnam,NY,4
36081,Queens,NY,9
36083,Rensselaer,NY,4
36085,Richmond,NY,5
36087,Rockland,NY,5
36089,St. Lawrence,NY,6
36091,Saratoga,NY,4
36093,Schenectady,NY,5
36095,Schoharie,NY,5
36097,Schuyler,NY,6
36099,Seneca,NY,6
36101,Steuben,NY,5
36103,Suffolk,NY,6
36105,Sullivan,NY,6
36107,Tioga,NY,4
36109,Tompkins,NY,5
36111,Ulster,NY,7
36113,Warren,NY,5
36115,Washington,NY,5
36117,Wayne,NY,5
36119,Westchester,NY,5
36121,Wyoming,NY,5
36123,Yates,NY,10
37001,Alamance,NC,13
37003,Alexander,NC,12
37005,Alleghany,NC,17
37007,Anson,NC,12
37009,Ashe,NC,14
37011,Avery,NC,16
37013,Beaufort,NC,12
37015,Bertie,NC,12
37017,Bladen,NC,14
37019,Brunswick,NC,10
37021,Buncombe,NC,13
37023,Burke,NC,13
37025,Cabarrus,NC,9
37027,Caldwell,NC,13
37029,Camden,NC,9
37031,Carteret,NC,12
37033,Caswell,NC,12
37035,Catawba,NC,12
37037,Chatham,NC,11
37039,Cherokee,NC,13
37041,Chowan,NC,11
37043,Clay,NC,13
37045,Cleveland,NC,11
37047,Columbus,NC,14
37049,Craven,NC,11
37051,Cumberland,NC,11
37053,Currituck,NC,10
37055,Dare,NC,11
37057,Davidson,NC,12
37059,Davie,NC,10
37061,Duplin,NC,16
37063,Durham,NC,11
37065,Edgecombe,NC,11
37067,Forsyth,NC,11
37069,Franklin,NC,13
37071,Gaston,NC,11
37073,Gates,NC,9
37075,Graham,NC,16
37077,Granville,NC,12
37079,Greene,NC,18
37081,Guilford,NC,10
37083,Halifax,NC,12
37085,Harnett,NC,12
37087,Haywood,NC,12
37089,Henderson,NC,14
37091,Hertford,NC,12
37093,Hoke,NC,11
37095,Hyde,NC,19
37097,Iredell,NC,10
37099,Jackson,NC,16
37101,Johnston,NC,13
37103,Jones,NC,14
37105,Lee,NC,14
37107,Lenoir,NC,13
37109,Lincoln,NC,10
37111,McDowell,NC,14
37113,Macon,NC,16
37115,Madison,NC,11
37117,Martin,NC,13
37119,Mecklenburg,NC,11
37121,Mitchell,NC,11
37123,Montgomery,NC,16
37125,Moore,NC,10
37127,Nash,NC,14
37129,New Hanover,NC,11
37131,Northampton,NC,10
37133,Onslow,NC,9
37135,Orange,NC,8
37137,Pamlico,NC,12
37139,Pasquotank,NC,10
37141,Pender,NC,12
37143,Perquimans,NC,11
37145,Person,NC,11
37147,Pitt,NC,10
37149,Polk,NC,12
37151,Randolph,NC,13
37153,Richmond,NC,12
37155,Robeson,NC,15
37157,Rockingham,NC,13
37159,Rowan,NC,11
37161,Rutherford,NC,12
37163,Sampson,NC,17
37165,Scotland,NC,11
37167,Stanly,NC,13
37169,Stokes,NC,10
37171,Surry,NC,13
37173,Swain,NC,19
37175,Transylvania,NC,14
37177,Tyrrell,NC,16
37179,Union,NC,10
37181,Vance,NC,13
37183,Wake,NC,9
37185,Warren,NC,15
37187,Washington,NC,12
37189,Watauga,NC,12
37191,Wayne,NC,14
37193,Wilkes,NC,13
37195,Wilson,NC,13
37197,Yadkin,NC,13
37199,Yancey,NC,13
38001,Adams,ND,8
38003,Barnes,ND,6
38005,Benson,ND,7
38007,Billings,ND,8
38009,Bottineau,ND,8
38011,Bowman,ND,9
38013,Burke,ND,7
38015,Burleigh,ND,6
38017,Cass,ND,7
38019,Cavalier,ND,6
38021,Dickey,ND,9
38023,Divide,ND,7
38025,Dunn,ND,10
38027,Eddy,ND,8
38029,Emmons,ND,8
38031,Foster,ND,8
38033,Golden Valley,ND,7
38035,Grand Forks,ND,6
38037,Grant,ND,6
38039,Griggs,ND,6
38041,Hettinger,ND,8
38043,Kidder,ND,8
38045,LaMoure,ND,10
38047,Logan,ND,6
38049,McHenry,ND,5
38051,McIntosh,ND,8
38053,McKenzie,ND,8
38055,McLean,ND,7
38057,Mercer,ND,7
38059,Morton,ND,7
38061,Mountrail,ND,12
38063,Nelson,ND,7
38065,Oliver,ND,6
38067,Pembina,ND,8
38069,Pierce,ND,5
38071,Ramsey,ND,8
38073,Ransom,ND,7
38075,Renville,ND,7
38077,Richland,ND,7
38079,Rolette,ND,10
38081,Sargent,ND,5
38083,Sheridan,ND,9
38085,Sioux,ND,7
38087,Slope,ND,6
38089,Stark,ND,8
38091,Steele,ND,6
38093,Stutsman,ND,7
38095,Towner,ND,10
38097,Traill,ND,6
38099,Walsh,ND,11
38101,Ward,ND,6
38103,Wells,ND,7
38105,Williams,ND,10
39001,Adams,OH,9
39003,Allen,OH,7
39005,Ashland,OH,8
39007,Ashtabula,OH,9
39009,Athens,OH,8
39011,Auglaize,OH,5
39013,Belmont,OH,7
39015,Brown,OH,8
39017,Butler,OH,7
39019,Carroll,OH,9
39021,Champaign,OH,7
39023,Clark,OH,8
39025,Clermont,OH,6
39027,Clinton,OH,6
39029,Columbiana,OH,9
39031,Coshocton,OH,10
39033,Crawford,OH,8
39035,Cuyahoga,OH,7
39037,Darke,OH,7
39039,Defiance,OH,7
39041,Delaware,OH,4
39043,Erie,OH,6
39045,Fairfield,OH,6
39047,Fayette,OH,9
39049,Franklin,OH,8
39051,Fulton,OH,6
39053,Gallia,OH,8
39055,Geauga,OH,9
39057,Greene,OH,5
39059,Guernsey,OH,8
39061,Hamilton,OH,6
39063,Hancock,OH,6
39065,Hardin,OH,9
39067,Harrison,OH,9
39069,Henry,OH,6
39071,Highland,OH,9
39073,Hocking,OH,8
39075,Holmes,OH,35
39077,Huron,OH,8
39079,Jackson,OH,8
39081,Jefferson,OH,6
39083,Knox,OH,9
39085,Lake,OH,6
39087,Lawrence,OH,7
39089,Licking,OH,6
39091,Logan,OH,6
39093,Lorain,OH,7
39095,Lucas,OH,7
39097,Madison,OH,7
39099,Mahoning,OH,6
39101,Marion,OH,7
39103,Medina,OH,6
39105,Meigs,OH,9
39107,Mercer,OH,7
39109,Miami,OH,6
39111,Monroe,OH,8
39113,Montgomery,OH,8
39115,Morgan,OH,9
39117,Morrow,OH,8
39119,Muskingum,OH,7
39121,Noble,OH,9
39123,Ottawa,OH,7
39125,Paulding,OH,8
39127,Perry,OH,8
39129,Pickaway,OH,7
39131,Pike,OH,7
39133,Portage,OH,6
39135,Preble,OH,6
39137,Putnam,OH,6
39139,Richland,OH,7
39141,Ross,OH,7
39143,Sandusky,OH,6
39145,Scioto,OH,7
39147,Seneca,OH,6
39149,Shelby,OH,7
39151,Stark,OH,6
39153,Summit,OH,7
39155,Trumbull,OH,9
39157,Tuscarawas,OH,9
39159,Union,OH,4
39161,Van Wert,OH,6
39163,Vinton,OH,9
39165,Warren,OH,4
39167,Washington,OH,8
39169,Wayne,OH,13
39171,Williams,OH,7
39173,Wood,OH,5
39175,Wyandot,OH,6
40001,Adair,OK,16
40003,Alfalfa,OK,15
40005,Atoka,OK,18
40007,Beaver,OK,20
40009,Beckham,OK,16
40011,Blaine,OK,15
40013,Bryan,OK,17
40015,Caddo,OK,16
40017,Canadian,OK,10
40019,Carter,OK,16
40021,Cherokee,OK,17
40023,Choctaw,OK,15
40025,Cimarron,OK,15
40027,Cleveland,OK,12
40029,Coal,OK,19
40031,Comanche,OK,13
40033,Cotton,OK,14
40035,Craig,OK,15
40037,Creek,OK,13
40039,Custer,OK,15
40041,Delaware,OK,18
40043,Dewey,OK,15
40045,Ellis,OK,15
40047,Garfield,OK,16
40049,Garvin,OK,16
40051,Grady,OK,13
40053,Grant,OK,14
40055,Greer,OK,12
40057,Harmon,OK,18
40059,Harper,OK,18
40061,Haskell,OK,16
40063,Hughes,OK,15
40065,Jackson,OK,14
40067,Jefferson,OK,15
40069,Johnston,OK,14
40071,Kay,OK,14
40073,Kingfisher,OK,18
40075,Kiowa,OK,14
40077,Latimer,OK,14
40079,Le Flore,OK,19
40081,Lincoln,OK,16
40083,Logan,OK,13
40085,Love,OK,16
40087,McClain,OK,14
40089,McCurtain,OK,16
40091,McIntosh,OK,17
40093,Major,OK,17
40095,Marshall,OK,19
40097,Mayes,OK,14
40099,Murray,OK,16
40101,Muskogee,OK,15
40103,Noble,OK,12
40105,Nowata,OK,14
40107,Okfuskee,OK,15
40109,Oklahoma,OK,15
40111,Okmulgee,OK,15
40113,Osage,OK,14
40115,Ottawa,OK,16
40117,Pawnee,OK,14
40119,Payne,OK,14
40121,Pittsburg,OK,16
40123,Pontotoc,OK,16
40125,Pottawatomie,OK,14
40127,Pushmataha,OK,16
40129,Roger Mills,OK,13
40131,Rogers,OK,13
40133,Seminole,OK,18
40135,Sequoyah,OK,17
40137,Stephens,OK,14
40139,Texas,OK,19
40141,Tillman,OK,18
40143,Tulsa,OK,14
40145,Wagoner,OK,12
40147,Washington,OK,13
40149,Washita,OK,15
40151,Woods,OK,13
40153,Woodward,OK,17
41001,Baker,OR,7
41003,Benton,OR,6
41005,Clackamas,OR,6
41007,Clatsop,OR,9
41009,Columbia,OR,7
41011,Coos,OR,7
41013,Crook,OR,6
41015,Curry,OR,8
41017,Deschutes,OR,7
41019,Douglas,OR,7
41021,Gilliam,OR,8
41023,Grant,OR,8
41025,Harney,OR,8
41027,Hood River,OR,12
41029,Jackson,OR,8
41031,Jefferson,OR,8
41033,Josephine,OR,8
41035,Klamath,OR,9
41037,Lake,OR,10
41039,Lane,OR,8
41041,Lincoln,OR,9
41043,Linn,OR,8
41045,Malheur,OR,10
41047,Marion,OR,10
41049,Morrow,OR,11
41051,Multnomah,OR,7
41053,Polk,OR,7
41055,Sherman,OR,7
41057,Tillamook,OR,8
41059,Umatilla,OR,9
41061,Union,OR,7
41063,Wallowa,OR,8
41065,Wasco,OR,10
41067,Washington,OR,6
41069,Wheeler,OR,9
41071,Yamhill,OR,8
42001,Adams,PA,7
42003,Allegheny,PA,5
42005,Armstrong,PA,6
42007,Beaver,PA,5
42009,Bedford,PA,7
42011,Berks,PA,7
42013,Blair,PA,6
42015,Bradford,PA,8
42017,Bucks,PA,5
42019,Butler,PA,4
42021,Cambria,PA,5
42023,Cameron,PA,7
42025,Carbon,PA,7
42027,Centre,PA,6
42029,Chester,PA,6
42031,Clarion,PA,8
42033,Clearfield,PA,6
42035,Clinton,PA,9
42037,Columbia,PA,6
42039,Crawford,PA,10
42041,Cumberland,PA,5
42043,Dauphin,PA,7
42045,Delaware,PA,5
42047,Elk,PA,6
42049,Erie,PA,6
42051,Fayette,PA,6
42053,Forest,PA,8
42055,Franklin,PA,9
42057,Fulton,PA,6
42059,Greene,PA,6
42061,Huntingdon,PA,6
42063,Indiana,PA,8
42065,Jefferson,PA,9
42067,Juniata,PA,12
42069,Lackawanna,PA,6
42071,Lancaster,PA,12
42073,Lawrence,PA,7
42075,Lebanon,PA,10
42077,Lehigh,PA,7
42079,Luzerne,PA,7
42081,Lycoming,PA,7
42083,McKean,PA,6
42085,Mercer,PA,7
42087,Mifflin,PA,11
42089,Monroe,PA,7
42091,Montgomery,PA,4
42093,Montour,PA,4
42095,Northampton,PA,6
42097,Northumberland,PA,7
42099,Perry,PA,10
42101,Philadelphia,PA,8
42103,Pike,PA,7
42105,Potter,PA,7
42107,Schuylkill,PA,7
42109,Snyder,PA,10
42111,Somerset,PA,8
42113,Sullivan,PA,8
42115,Susquehanna,PA,9
42117,Tioga,PA,8
42119,Union,PA,9
42121,Venango,PA,7
42123,Warren,PA,6
42125,Washington,PA,6
42127,Wayne,PA,7
42129,Westmoreland,PA,5
42131,Wyoming,PA,5
42133,York,PA,6
44001,Bristol,RI,4
44003,Kent,RI,4
44005,Newport,RI,4
44007,Providence,RI,6
44009,Washington,RI,4
45001,Abbeville,SC,12
45003,Aiken,SC,11
45005,Allendale,SC,14
45007,Anderson,SC,12
45009,Bamberg,SC,14
45011,Barnwell,SC,13
45013,Beaufort,SC,11
45015,Berkeley,SC,10
45017,Calhoun,SC,11
45019,Charleston,SC,10
45021,Cherokee,SC,11
45023,Chester,SC,11
45025,Chesterfield,SC,12
45027,Clarendon,SC,13
45029,Colleton,SC,13
45031,Darlington,SC,11
45033,Dillon,SC,13
45035,Dorchester,SC,10
45037,Edgefield,SC,13
45039,Fairfield,SC,10
45041,Florence,SC,11
45043,Georgetown,SC,12
45045,Greenville,SC,10
45047,Greenwood,SC,12
45049,Hampton,SC,13
45051,Horry,SC,15
45053,Jasper,SC,16
45055,Kershaw,SC,10
45057,Lancaster,SC,10
45059,Laurens,SC,13
45061,Lee,SC,11
45063,Lexington,SC,10
45065,McCormick,SC,10
45067,Marion,SC,12
45069,Marlboro,SC,12
45071,Newberry,SC,12
45073,Oconee,SC,13
45075,Orangeburg,SC,11
45077,Pickens,SC,12
45079,Richland,SC,10
45081,Saluda,SC,14
45083,Spartanburg,SC,12
45085,Sumter,SC,11
45087,Union,SC,11
45089,Williamsburg,SC,11
45091,York,SC,9
46003,Aurora,SD,11
46005,Beadle,SD,13
46007,Bennett,SD,14
46009,Bon Homme,SD,9
46011,Brookings,SD,8
46013,Brown,SD,10
46015,Brule,SD,13
46017,Buffalo,SD,13
46019,Butte,SD,14
46021,Campbell,SD,10
46023,Charles Mix,SD,16
46025,Clark,SD,9
46027,Clay,SD,10
46029,Codington,SD,10
46031,Corson,SD,10
46033,Custer,SD,13
46035,Davison,SD,11
46037,Day,SD,13
46039,Deuel,SD,10
46041,Dewey,SD,18
46043,Douglas,SD,13
46045,Edmunds,SD,10
46047,Fall River,SD,13
46049,Faulk,SD,11
46051,Grant,SD,10
46053,Gregory,SD,15
46055,Haakon,SD,10
46057,Hamlin,SD,12
46059,Hand,SD,10
46061,Hanson,SD,9
46063,Harding,SD,11
46065,Hughes,SD,8
46067,Hutchinson,SD,9
46069,Hyde,SD,9
46071,Jackson,SD,16
46073,Jerauld,SD,9
46075,Jones,SD,9
46077,Kingsbury,SD,10
46079,Lake,SD,10
46081,Lawrence,SD,11
46083,Lincoln,SD,7
46085,Lyman,SD,14
46087,McCook,SD,11
46089,McPherson,SD,8
46091,Marshall,SD,10
46093,Meade,SD,9
46095,Mellette,SD,14
46097,Miner,SD,11
46099,Minnehaha,SD,9
46101,Moody,SD,12
46102,Oglala Lakota,SD,14
46103,Pennington,SD,11
46105,Perkins,SD,12
46107,Potter,SD,8
46109,Roberts,SD,15
46111,Sanborn,SD,11
46115,Spink,SD,11
46117,Stanley,SD,10
46119,Sully,SD,7
46121,Todd,SD,13
46123,Tripp,SD,16
46125,Turner,SD,10
46127,Union,SD,7
46129,Walworth,SD,12
46135,Yankton,SD,10
46137,Ziebach,SD,12
47001,Anderson,TN,11
47003,Bedford,TN,13
47005,Benton,TN,13
47007,Bledsoe,TN,16
47009,Blount,TN,11
47011,Bradley,TN,11
47013,Campbell,TN,12
47015,Cannon,TN,13
47017,Carroll,TN,10
47019,Carter,TN,13
47021,Cheatham,TN,12
47023,Chester,TN,11
47025,Claiborne,TN,12
47027,Clay,TN,13
47029,Cocke,TN,13
47031,Coffee,TN,11
47033,Crockett,TN,13
47035,Cumberland,TN,13
47037,Davidson,TN,13
47039,Decatur,TN,12
47041,DeKalb,TN,14
47043,Dickson,TN,11
47045,Dyer,TN,11
47047,Fayette,TN,10
47049,Fentress,TN,13
47051,Franklin,TN,10
47053,Gibson,TN,12
47055,Giles,TN,11
47057,Grainger,TN,12
47059,Greene,TN,12
47061,Grundy,TN,14
47063,Hamblen,TN,13
47065,Hamilton,TN,11
47067,Hancock,TN,11
47069,Hardeman,TN,10
47071,Hardin,TN,13
47073,Hawkins,TN,11
47075,Haywood,TN,12
47077,Henderson,TN,12
47079,Henry,TN,12
47081,Hickman,TN,13
47083,Houston,TN,13
47085,Humphreys,TN,13
47087,Jackson,TN,14
47089,Jefferson,TN,12
47091,Johnson,TN,13
47093,Knox,TN,10
47095,Lake,TN,14
47097,Lauderdale,TN,12
47099,Lawrence,TN,13
47101,Lewis,TN,14
47103,Lincoln,TN,11
47105,Loudon,TN,11
47107,McMinn,TN,12
47109,McNairy,TN,13
47111,Macon,TN,14
47113,Madison,TN,11
47115,Marion,TN,12
47117,Marshall,TN,11
47119,Maury,TN,10
47121,Meigs,TN,11
47123,Monroe,TN,12
47125,Montgomery,TN,9
47127,Moore,TN,10
47129,Morgan,TN,12
47131,Obion,TN,13
47133,Overton,TN,12
47135,Perry,TN,14
47137,Pickett,TN,17
47139,Polk,TN,13
47141,Putnam,TN,11
47143,Rhea,TN,13
47145,Roane,TN,9
47147,Robertson,TN,12
47149,Rutherford,TN,10
47151,Scott,TN,13
47153,Sequatchie,TN,15
47155,Sevier,TN,15
47157,Shelby,TN,11
47159,Smith,TN,12
47161,Stewart,TN,12
47163,Sullivan,TN,11
47165,Sumner,TN,10
47167,Tipton,TN,10
47169,Trousdale,TN,9
47171,Unicoi,TN,11
47173,Union,TN,13
47175,Van Buren,TN,11
47177,Warren,TN,15
47179,Washington,TN,12
47181,Wayne,TN,11
47183,Weakley,TN,12
47185,White,TN,14
47187,Williamson,TN,6
47189,Wilson,TN,9
48001,Anderson,TX,18
48003,Andrews,TX,23
48005,Angelina,TX,20
48007,Aransas,TX,21
48009,Archer,TX,17
48011,Armstrong,TX,12
48013,Atascosa,TX,20
48015,Austin,TX,19
48017,Bailey,TX,27
48019,Bandera,TX,19
48021,Bastrop,TX,21
48023,Baylor,TX,17
48025,Bee,TX,16
48027,Bell,TX,16
48029,Bexar,TX,18
48031,Blanco,TX,18
48033,Borden,TX,13
48035,Bosque,TX,20
48037,Bowie,TX,16
48039,Brazoria,TX,15
48041,Brazos,TX,16
48043,Brewster,TX,23
48045,Briscoe,TX,21
48047,Brooks,TX,18
48049,Brown,TX,18
48051,Burleson,TX,21
48053,Burnet,TX,20
48055,Caldwell,TX,23
48057,Calhoun,TX,17
48059,Callahan,TX,18
48061,Cameron,TX,25
48063,Camp,TX,20
48065,Carson,TX,15
48067,Cass,TX,18
48069,Castro,TX,25
48071,Chambers,TX,14
48073,Cherokee,TX,20
48075,Childress,TX,18
48077,Clay,TX,16
48079,Cochran,TX,23
48081,Coke,TX,18
48083,Coleman,TX,22
48085,Collin,TX,11
48087,Collingsworth,TX,26
48089,Colorado,TX,23
48091,Comal,TX,13
48093,Comanche,TX,22
48095,Concho,TX,17
48097,Cooke,TX,18
48099,Coryell,TX,15
48101,Cottle,TX,17
48103,Crane,TX,23
48105,Crockett,TX,27
48107,Crosby,TX,22
48109,Culberson,TX,23
48111,Dallam,TX,28
48113,Dallas,TX,24
48115,Dawson,TX,22
48117,Deaf Smith,TX,23
48119,Delta,TX,14
48121,Denton,TX,12
48123,DeWitt,TX,19
48125,Dickens,TX,19
48127,Dimmit,TX,19
48129,Donley,TX,21
48131,Duval,TX,18
48133,Eastland,TX,20
48135,Ector,TX,22
48137,Edwards,TX,29
48139,Ellis,TX,17
48141,El Paso,TX,23
48143,Erath,TX,21
48145,Falls,TX,18
48147,Fannin,TX,17
48149,Fayette,TX,19
48151,Fisher,TX,16
48153,Floyd,TX,25
48155,Foard,TX,18
48157,Fort Bend,TX,12
48159,Franklin,TX,15
48161,Freestone,TX,19
48163,Frio,TX,22
48165,Gaines,TX,32
48167,Galveston,TX,16
48169,Garza,TX,22
48171,Gillespie,TX,25
48173,Glasscock,TX,17
48175,Goliad,TX,16
48177,Gonzales,TX,23
48179,Gray,TX,22
48181,Grayson,TX,19
48183,Gregg,TX,20
48185,Grimes,TX,20
48187,Guadalupe,TX,14
48189,Hale,TX,22
48191,Hall,TX,25
48193,Hamilton,TX,22
48195,Hansford,TX,27
48197,Hardeman,TX,20
48199,Hardin,TX,17
48201,Harris,TX,22
48203,Harrison,TX,17
48205,Hartley,TX,17
48207,Haskell,TX,24
48209,Hays,TX,14
48211,Hemphill,TX,21
48213,Henderson,TX,22
48215,Hidalgo,TX,30
48217,Hill,TX,20
48219,Hockley,TX,22
48221,Hood,TX,17
48223,Hopkins,TX,20
48225,Houston,TX,20
48227,Howard,TX,20
48229,Hudspeth,TX,26
48231,Hunt,TX,19
48233,Hutchinson,TX,16
48235,Irion,TX,21
48237,Jack,TX,22
48239,Jackson,TX,20
48241,Jasper,TX,20
48243,Jeff Davis,TX,22
48245,Jefferson,TX,20
48247,Jim Hogg,TX,21
48249,Jim Wells,TX,19
48251,Johnson,TX,18
48253,Jones,TX,18
48255,Karnes,TX,18
48257,Kaufman,TX,17
48259,Kendall,TX,15
48261,Kenedy,TX,38
48263,Kent,TX,11
48265,Kerr,TX,19
48267,Kimble,TX,22
48269,King,TX,20
48271,Kinney,TX,13
48273,Kleberg,TX,19
48275,Knox,TX,21
48277,Lamar,TX,18
48279,Lamb,TX,23
48281,Lampasas,TX,18
48283,La Salle,TX,22
48285,Lavaca,TX,15
48287,Lee,TX,20
48289,Leon,TX,22
48291,Liberty,TX,23
48293,Limestone,TX,20
48295,Lipscomb,TX,22
48297,Live Oak,TX,21
48299,Llano,TX,20
48301,Loving,TX,2
48303,Lubbock,TX,16
48305,Lynn,TX,17
48307,McCulloch,TX,22
48309,McLennan,TX,19
48311,McMullen,TX,16
48313,Madison,TX,24
48315,Marion,TX,17
48317,Martin,TX,21
48319,Mason,TX,24
48321,Matagorda,TX,22
48323,Maverick,TX,26
48325,Medina,TX,17
48327,Menard,TX,26
48329,Midland,TX,19
48331,Milam,TX,19
48333,Mills,TX,22
48335,Mitchell,TX,17
48337,Montague,TX,21
48339,Montgomery,TX,15
48341,Moore,TX,26
48343,Morris,TX,17
48345,Motley,TX,16
48347,Nacogdoches,TX,19
48349,Navarro,TX,19
48351,Newton,TX,20
48353,Nolan,TX,19
48355,Nueces,TX,19
48357,Ochiltree,TX,28
48359,Oldham,TX,16
48361,Orange,TX,15
48363,Palo Pinto,TX,21
48365,Panola,TX,18
48367,Parker,TX,16
48369,Parmer,TX,24
48371,Pecos,TX,22
48373,Polk,TX,19
48375,Potter,TX,23
48377,Presidio,TX,34
48379,Rains,TX,22
48381,Randall,TX,13
48383,Reagan,TX,21
48385,Real,TX,21
48387,Red River,TX,19
48389,Reeves,TX,22
48391,Refugio,TX,19
48393,Roberts,TX,12
48395,Robertson,TX,17
48397,Rockwall,TX,11
48399,Runnels,TX,21
48401,Rusk,TX,19
48403,Sabine,TX,19
48405,San Augustine,TX,20
48407,San Jacinto,TX,20
48409,San Patricio,TX,19
48411,San Saba,TX,27
48413,Schleicher,TX,23
48415,Scurry,TX,21
48417,Shackelford,TX,21
48419,Shelby,TX,22
48421,Sherman,TX,27
48423,Smith,TX,19
48425,Somervell,TX,16
48427,Starr,TX,25
48429,Stephens,TX,21
48431,Sterling,TX,14
48433,Stonewall,TX,16
48435,Sutton,TX,21
48437,Swisher,TX,28
48439,Tarrant,TX,18
48441,Taylor,TX,19
48443,Terrell,TX,19
48445,Terry,TX,24
48447,Throckmorton,TX,19
48449,Titus,TX,24
48451,Tom Green,TX,18
48453,Travis,TX,13
48455,Trinity,TX,18
48457,Tyler,TX,19
48459,Upshur,TX,17
48461,Upton,TX,20
48463,Uvalde,TX,23
48465,Val Verde,TX,21
48467,Van Zandt,TX,19
48469,Victoria,TX,19
48471,Walker,TX,19
48473,Waller,TX,18
48475,Ward,TX,23
48477,Washington,TX,16
48479,Webb,TX,27
48481,Wharton,TX,21
48483,Wheeler,TX,26
48485,Wichita,TX,17
48487,Wilbarger,TX,21
48489,Willacy,TX,22
48491,Williamson,TX,10
48493,Wilson,TX,15
48495,Winkler,TX,20
48497,Wise,TX,18
48499,Wood,TX,20
48501,Yoakum,TX,27
48503,Young,TX,21
48505,Zapata,TX,24
48507,Zavala,TX,17
49001,Beaver,UT,12
49003,Box Elder,UT,8
49005,Cache,UT,8
49007,Carbon,UT,9
49009,Daggett,UT,7
49011,Davis,UT,6
49013,Duchesne,UT,11
49015,Emery,UT,10
49017,Garfield,UT,11
49019,Grand,UT,13
49021,Iron,UT,11
49023,Juab,UT,10
49025,Kane,UT,10
49027,Millard,UT,12
49029,Morgan,UT,6
49031,Piute,UT,12
49033,Rich,UT,11
49035,Salt Lake,UT,10
49037,San Juan,UT,14
49039,Sanpete,UT,11
49041,Sevier,UT,12
49043,Summit,UT,9
49045,Tooele,UT,8
49047,Uintah,UT,12
49049,Utah,UT,8
49051,Wasatch,UT,8
49053,Washington,UT,12
49055,Wayne,UT,15
49057,Weber,UT,9
50001,Addison,VT,4
50003,Bennington,VT,5
50005,Caledonia,VT,5
50007,Chittenden,VT,4
50009,Essex,VT,5
50011,Franklin,VT,5
50013,Grand Isle,VT,5
50015,Lamoille,VT,6
50017,Orange,VT,5
50019,Orleans,VT,5
50021,Rutland,VT,5
50023,Washington,VT,5
50025,Windham,VT,5
50027,Windsor,VT,5
51001,Accomack,VA,11
51003,Albemarle,VA,7
51005,Alleghany,VA,6
51007,Amelia,VA,10
51009,Amherst,VA,8
51011,Appomattox,VA,9
51013,Arlington,VA,5
51015,Augusta,VA,7
51017,Bath,VA,7
51019,Bedford,VA,8
51021,Bland,VA,7
51023,Botetourt,VA,5
51025,Brunswick,VA,9
51027,Buchanan,VA,10
51029,Buckingham,VA,10
51031,Campbell,VA,7
51033,Caroline,VA,8
51035,Carroll,VA,10
51036,Charles City,VA,11
51037,Charlotte,VA,9
51041,Chesterfield,VA,7
51043,Clarke,VA,8
51045,Craig,VA,8
51047,Culpeper,VA,9
51049,Cumberland,VA,8
51051,Dickenson,VA,8
51053,Dinwiddie,VA,7
51057,Essex,VA,10
51059,Fairfax,VA,8
51061,Fauquier,VA,7
51063,Floyd,VA,8
51065,Fluvanna,VA,6
51067,Franklin,VA,8
51069,Frederick,VA,8
51071,Giles,VA,7
51073,Gloucester,VA,8
51075,Goochland,VA,4
51077,Grayson,VA,7
51079,Greene,VA,9
51081,Greensville,VA,6
51083,Halifax,VA,9
51085,Hanover,VA,6
51087,Henrico,VA,7
51089,Henry,VA,8
51091,Highland,VA,8
51093,Isle of Wight,VA,6
51095,James City,VA,6
51097,King and Queen,VA,9
51099,King George,VA,6
51101,King William,VA,7
51103,Lancaster,VA,10
51105,Lee,VA,8
51107,Loudoun,VA,6
51109,Louisa,VA,8
51111,Lunenburg,VA,11
51113,Madison,VA,9
51115,Mathews,VA,7
51117,Mecklenburg,VA,9
51119,Middlesex,VA,11
51121,Montgomery,VA,6
51125,Nelson,VA,12
51127,New Kent,VA,7
51131,Northampton,VA,10
51133,Northumberland,VA,10
51135,Nottoway,VA,9
51137,Orange,VA,8
51139,Page,VA,9
51141,Patrick,VA,8
51143,Pittsylvania,VA,9
51145,Powhatan,VA,6
51147,Prince Edward,VA,8
51149,Prince George,VA,6
51153,Prince William,VA,10
51155,Pulaski,VA,6
51157,Rappahannock,VA,10
51159,Richmond,VA,10
51161,Roanoke,VA,7
51163,Rockbridge,VA,7
51165,Rockingham,VA,9
51167,Russell,VA,8
51169,Scott,VA,7
51171,Shenandoah,VA,9
51173,Smyth,VA,8
51175,Southampton,VA,7
51177,Spotsylvania,VA,8
51179,Stafford,VA,6
51181,Surry,VA,7
51183,Sussex,VA,8
51185,Tazewell,VA,8
51187,Warren,VA,9
51191,Washington,VA,7
51193,Westmoreland,VA,10
51195,Wise,VA,8
51197,Wythe,VA,7
51199,York,VA,6
51510,Alexandria,VA,8
51520,Bristol,VA,8
51530,Buena Vista,VA,7
51540,Charlottesville,VA,8
51550,Chesapeake,VA,7
51570,Colonial Heights,VA,7
51580,Covington,VA,7
51590,Danville,VA,8
51595,Emporia,VA,8
51600,Fairfax,VA,9
51610,Falls Church,VA,4
51620,Franklin,VA,7
51630,Fredericksburg,VA,9
51640,Galax,VA,10
51650,Hampton,VA,6
51660,Harrisonburg,VA,13
51670,Hopewell,VA,7
51678,Lexington,VA,4
51680,Lynchburg,VA,7
51683,Manassas,VA,14
51685,Manassas Park,VA,14
51690,Martinsville,VA,8
51700,Newport News,VA,7
51710,Norfolk,VA,8
51720,Norton,VA,6
51730,Petersburg,VA,8
51735,Poquoson,VA,5
51740,Portsmouth,VA,7
51750,Radford,VA,6
51760,Richmond,VA,9
51770,Roanoke,VA,9
51775,Salem,VA,6
51790,Staunton,VA,7
51800,Suffolk,VA,6
51810,Virginia Beach,VA,7
51820,Waynesboro,VA,9
51830,Williamsburg,VA,8
51840,Winchester,VA,11
53001,Adams,WA,13
53003,Asotin,WA,7
53005,Benton,WA,8
53007,Chelan,WA,13
53009,Clallam,WA,9
53011,Clark,WA,7
53013,Columbia,WA,8
53015,Cowlitz,WA,7
53017,Douglas,WA,13
53019,Ferry,WA,9
53021,Franklin,WA,13
53023,Garfield,WA,7
53025,Grant,WA,13
53027,Grays Harbor,WA,10
53029,Island,WA,7
53031,Jefferson,WA,8
53033,King,WA,6
53035,Kitsap,WA,7
53037,Kittitas,WA,8
53039,Klickitat,WA,10
53041,Lewis,WA,9
53043,Lincoln,WA,8
53045,Mason,WA,10
53047,Okanogan,WA,16
53049,Pacific,WA,10
53051,Pend Oreille,WA,8
53053,Pierce,WA,7
53055,San Juan,WA,10
53057,Skagit,WA,9
53059,Skamania,WA,7
53061,Snohomish,WA,7
53063,Spokane,WA,6
53065,Stevens,WA,8
53067,Thurston,WA,7
53069,Wahkiakum,WA,9
53071,Walla Walla,WA,9
53073,Whatcom,WA,8
53075,Whitman,WA,7
53077,Yakima,WA,14
54001,Barbour,WV,8
54003,Berkeley,WV,7
54005,Boone,WV,7
54007,Braxton,WV,8
54009,Brooke,WV,6
54011,Cabell,WV,8
54013,Calhoun,WV,8
54015,Clay,WV,7
54017,Doddridge,WV,8
54019,Fayette,WV,8
54021,Gilmer,WV,9
54023,Grant,WV,9
54025,Greenbrier,WV,9
54027,Hampshire,WV,8
54029,Hancock,WV,7
54031,Hardy,WV,8
54033,Harrison,WV,8
54035,Jackson,WV,7
54037,Jefferson,WV,6
54039,Kanawha,WV,8
54041,Lewis,WV,7
54043,Lincoln,WV,7
54045,Logan,WV,8
54047,McDowell,WV,10
54049,Marion,WV,7
54051,Marshall,WV,6
54053,Mason,WV,6
54055,Mercer,WV,8
54057,Mineral,WV,5
54059,Mingo,WV,10
54061,Monongalia,WV,6
54063,Monroe,WV,8
54065,Morgan,WV,8
54067,Nicholas,WV,8
54069,Ohio,WV,7
54071,Pendleton,WV,9
54073,Pleasants,WV,6
54075,Pocahontas,WV,10
54077,Preston,WV,8
54079,Putnam,WV,6
54081,Raleigh,WV,8
54083,Randolph,WV,7
54085,Ritchie,WV,9
54087,Roane,WV,9
54089,Summers,WV,8
54091,Taylor,WV,7
54093,Tucker,WV,9
54095,Tyler,WV,6
54097,Upshur,WV,7
54099,Wayne,WV,8
54101,Webster,WV,7
54103,Wetzel,WV,6
54105,Wirt,WV,7
54107,Wood,WV,8
54109,Wyoming,WV,9
55001,Adams,WI,9
55003,Ashland,WI,7
55005,Barron,WI,7
55007,Bayfield,WI,8
55009,Brown,WI,7
55011,Buffalo,WI,6
55013,Burnett,WI,8
55015,Calumet,WI,4
55017,Chippewa,WI,6
55019,Clark,WI,20
55021,Columbia,WI,6
55023,Crawford,WI,7
55025,Dane,WI,5
55027,Dodge,WI,6
55029,Door,WI,7
55031,Douglas,WI,6
55033,Dunn,WI,6
55035,Eau Claire,WI,6
55037,Florence,WI,7
55039,Fond du Lac,WI,6
55041,Forest,WI,10
55043,Grant,WI,9
55045,Green,WI,6
55047,Green Lake,WI,9
55049,Iowa,WI,5
55051,Iron,WI,6
55053,Jackson,WI,7
55055,Jefferson,WI,6
55057,Juneau,WI,7
55059,Kenosha,WI,6
55061,Kewaunee,WI,6
55063,La Crosse,WI,5
55065,Lafayette,WI,10
55067,Langlade,WI,8
55069,Lincoln,WI,6
55071,Manitowoc,WI,6
55073,Marathon,WI,7
55075,Marinette,WI,7
55077,Marquette,WI,7
55078,Menominee,WI,4
55079,Milwaukee,WI,8
55081,Monroe,WI,9
55083,Oconto,WI,6
55085,Oneida,WI,7
55087,Outagamie,WI,5
55089,Ozaukee,WI,4
55091,Pepin,WI,9
55093,Pierce,WI,5
55095,Polk,WI,7
55097,Portage,WI,6
55099,Price,WI,7
55101,Racine,WI,7
55103,Richland,WI,8
55105,Rock,WI,7
55107,Rusk,WI,8
55109,St. Croix,WI,5
55111,Sauk,WI,8
55113,Sawyer,WI,9
55115,Shawano,WI,8
55117,Sheboygan,WI,5
55119,Taylor,WI,8
55121,Trempealeau,WI,8
55123,Vernon,WI,12
55125,Vilas,WI,9
55127,Walworth,WI,8
55129,Washburn,WI,8
55131,Washington,WI,4
55133,Waukesha,WI,4
55135,Waupaca,WI,7
55137,Waushara,WI,9
55139,Winnebago,WI,6
55141,Wood,WI,6
56001,Albany,WY,14
56003,Big Horn,WY,19
56005,Campbell,WY,15
56007,Carbon,WY,17
56009,Converse,WY,13
56011,Crook,WY,15
56013,Fremont,WY,18
56015,Goshen,WY,14
56017,Hot Springs,WY,15
56019,Johnson,WY,11
56021,Laramie,WY,12
56023,Lincoln,WY,17
56025,Natrona,WY,13
56027,Niobrara,WY,16
56029,Park,WY,14
56031,Platte,WY,16
56033,Sheridan,WY,13
56035,Sublette,WY,16
56037,Sweetwater,WY,13
56039,Teton,WY,15
56041,Uinta,WY,14
56043,Washakie,WY,15
56045,Weston,WY,15
