FIPS,State,County,Dentist Ratio
1000,Alabama,,2016:1
1001,Alabama,Autauga,3320:1
1003,Alabama,Baldwin,2124:1
1005,Alabama,Barbour,3088:1
1007,Alabama,Bibb,4401:1
1009,Alabama,Blount,5951:1
1011,Alabama,Bullock,5101:1
1013,Alabama,Butler,2664:1
1015,Alabama,Calhoun,1544:1
1017,Alabama,Chambers,4870:1
1019,Alabama,Cherokee,6326:1
1021,Alabama,Chilton,3824:1
1023,Alabama,Choctaw,2073:1
1025,Alabama,Clarke,2814:1
1027,Alabama,Clay,7099:1
1029,Alabama,Cleburne,
1031,Alabama,Coffee,2884:1
1033,Alabama,Colbert,2001:1
1035,Alabama,Conecuh,5603:1
1037,Alabama,Coosa,
1039,Alabama,Covington,2686:1
1041,Alabama,Crenshaw,4342:1
1043,Alabama,Cullman,2061:1
1045,Alabama,Dale,2914:1
1047,Alabama,Dallas,2828:1
1049,Alabama,DeKalb,3428:1
1051,Alabama,Elmore,7464:1
1053,Alabama,Escambia,2292:1
1055,Alabama,Etowah,1982:1
1057,Alabama,Fayette,3224:1
1059,Alabama,Franklin,4562:1
1061,Alabama,Geneva,13392:1
1063,Alabama,Greene,
1065,Alabama,Hale,7298:1
1067,Alabama,Henry,3531:1
1069,Alabama,Houston,1566:1
1071,Alabama,Jackson,3111:1
1073,Alabama,Jefferson,1065:1
1075,Alabama,Lamar,4568:1
1077,Alabama,Lauderdale,1712:1
1079,Alabama,Lawrence,11071:1
1081,Alabama,Lee,2916:1
1083,Alabama,Limestone,3361:1
1085,Alabama,Lowndes,
1087,Alabama,Macon,3703:1
1089,Alabama,Madison,1860:1
1091,Alabama,Marengo,3749:1
1093,Alabama,Marion,4859:1
1095,Alabama,Marshall,2762:1
1097,Alabama,Mobile,1845:1
1099,Alabama,Monroe,4851:1
1101,Alabama,Montgomery,1258:1
1103,Alabama,Morgan,1911:1
1105,Alabama,Perry,4018:1
1107,Alabama,Pickens,4674:1
1109,Alabama,Pike,3301:1
1111,Alabama,Randolph,11240:1
1113,Alabama,Russell,3660:1
1115,Alabama,St. Clair,3479:1
1117,Alabama,Shelby,1967:1
1119,Alabama,Sumter,5927:1
1121,Alabama,Talladega,2783:1
1123,Alabama,Tallapoosa,3152:1
1125,Alabama,Tuscaloosa,2234:1
1127,Alabama,Walker,2145:1
1129,Alabama,Washington,7561:1
1131,Alabama,Wilcox,10059:1
1133,Alabama,Winston,5939:1
2000,Alaska,,954:1
2013,Alaska,Aleutians East,3398:1
2016,Alaska,Aleutians West,854:1
2020,Alaska,Anchorage,750:1
2050,Alaska,Bethel,630:1
2060,Alaska,Bristol Bay,865:1
2063,Alaska,Chugach,2291:1
2066,Alaska,Copper River,1295:1
2068,Alaska,Denali,1585:0
2070,Alaska,Dillingham,787:1
2090,Alaska,Fairbanks North Star,706:1
2100,Alaska,Haines,685:1
2105,Alaska,Hoonah-Angoon,2287:0
2110,Alaska,Juneau,905:1
2122,Alaska,Kenai Peninsula,1349:1
2130,Alaska,Ketchikan Gateway,1249:1
2150,Alaska,Kodiak Island,1817:1
2158,Alaska,Kusilvak,
2164,Alaska,Lake and Peninsula,1381:0
2170,Alaska,Matanuska-Susitna,1954:1
2180,Alaska,Nome,984:1
2185,Alaska,North Slope,1544:1
2188,Alaska,Northwest Arctic,2474:1
2195,Alaska,Petersburg,1120:1
2198,Alaska,Prince of Wales-Hyder,1883:1
2201,Alaska,Prince of Wales-Outer Ketchikan,
2220,Alaska,Sitka,762:1
2230,Alaska,Skagway,1081:0
2232,Alaska,Skagway-Hoonah-Angoon,
2240,Alaska,Southeast Fairbanks,1755:1
2261,Alaska,Valdez-Cordova,
2270,Alaska,Wade Hampton,
2275,Alaska,Wrangell,2070:1
2280,Alaska,Wrangell-Petersburg,
2282,Alaska,Yakutat,700:0
2290,Alaska,Yukon-Koyukuk,2590:1
4000,Arizona,,1509:1
4001,Arizona,Apache,1335:1
4003,Arizona,Cochise,1745:1
4005,Arizona,Coconino,1201:1
4007,Arizona,Gila,1634:1
4009,Arizona,Graham,1847:1
4011,Arizona,Greenlee,4651:1
4012,Arizona,La Paz,1651:1
4013,Arizona,Maricopa,1387:1
4015,Arizona,Mohave,2253:1
4017,Arizona,Navajo,1468:1
4019,Arizona,Pima,1487:1
4021,Arizona,Pinal,2919:1
4023,Arizona,Santa Cruz,4433:1
4025,Arizona,Yavapai,1474:1
4027,Arizona,Yuma,3102:1
5000,Arkansas,,2044:1
5001,Arkansas,Arkansas,2064:1
5003,Arkansas,Ashley,2294:1
5005,Arkansas,Baxter,1768:1
5007,Arkansas,Benton,2277:1
5009,Arkansas,Boone,1740:1
5011,Arkansas,Bradley,2534:1
5013,Arkansas,Calhoun,
5015,Arkansas,Carroll,3593:1
5017,Arkansas,Chicot,1975:1
5019,Arkansas,Clark,1932:1
5021,Arkansas,Clay,2378:1
5023,Arkansas,Cleburne,2299:1
5025,Arkansas,Cleveland,
5027,Arkansas,Columbia,2222:1
5029,Arkansas,Conway,2338:1
5031,Arkansas,Craighead,1256:1
5033,Arkansas,Crawford,4363:1
5035,Arkansas,Crittenden,1518:1
5037,Arkansas,Cross,1845:1
5039,Arkansas,Dallas,3096:1
5041,Arkansas,Desha,3590:1
5043,Arkansas,Drew,3382:1
5045,Arkansas,Faulkner,2321:1
5047,Arkansas,Franklin,5757:1
5049,Arkansas,Fulton,6191:1
5051,Arkansas,Garland,1641:1
5053,Arkansas,Grant,2594:1
5055,Arkansas,Greene,3097:1
5057,Arkansas,Hempstead,2779:1
5059,Arkansas,Hot Spring,3689:1
5061,Arkansas,Howard,4186:1
5063,Arkansas,Independence,2232:1
5065,Arkansas,Izard,4683:1
5067,Arkansas,Jackson,3325:1
5069,Arkansas,Jefferson,2570:1
5071,Arkansas,Johnson,3714:1
5073,Arkansas,Lafayette,
5075,Arkansas,Lawrence,3241:1
5077,Arkansas,Lee,2091:1
5079,Arkansas,Lincoln,6458:1
5081,Arkansas,Little River,2364:1
5083,Arkansas,Logan,2361:1
5085,Arkansas,Lonoke,3419:1
5087,Arkansas,Madison,2914:1
5089,Arkansas,Marion,5751:1
5091,Arkansas,Miller,3039:1
5093,Arkansas,Mississippi,2431:1
5095,Arkansas,Monroe,1641:1
5097,Arkansas,Montgomery,4278:1
5099,Arkansas,Nevada,
5101,Arkansas,Newton,
5103,Arkansas,Ouachita,2205:1
5105,Arkansas,Perry,
5107,Arkansas,Phillips,3061:1
5109,Arkansas,Pike,3393:1
5111,Arkansas,Poinsett,7498:1
5113,Arkansas,Polk,2417:1
5115,Arkansas,Pope,2136:1
5117,Arkansas,Prairie,8069:1
5119,Arkansas,Pulaski,1300:1
5121,Arkansas,Randolph,3767:1
5123,Arkansas,St. Francis,2245:1
5125,Arkansas,Saline,2962:1
5127,Arkansas,Scott,9805:1
5129,Arkansas,Searcy,2639:1
5131,Arkansas,Sebastian,1265:1
5133,Arkansas,Sevier,3922:1
5135,Arkansas,Sharp,3562:1
5137,Arkansas,Stone,4192:1
5139,Arkansas,Union,2221:1
5141,Arkansas,Van Buren,1789:1
5143,Arkansas,Washington,1590:1
5145,Arkansas,White,2880:1
5147,Arkansas,Woodruff,2016:1
5149,Arkansas,Yell,3355:1
6000,California,,1076:1
6001,California,Alameda,962:1
6003,California,Alpine,1190:0
6005,California,Amador,1593:1
6007,California,Butte,1234:1
6009,California,Calaveras,2024:1
6011,California,Colusa,2739:1
6013,California,Contra Costa,1070:1
6015,California,Del Norte,1177:1
6017,California,El Dorado,1259:1
6019,California,Fresno,1562:1
6021,California,Glenn,1134:1
6023,California,Humboldt,1216:1
6025,California,Imperial,3081:1
6027,California,Inyo,1248:1
6029,California,Kern,1901:1
6031,California,Kings,1577:1
6033,California,Lake,2273:1
6035,California,Lassen,880:1
6037,California,Los Angeles,1032:1
6039,California,Madera,2081:1
6041,California,Marin,803:1
6043,California,Mariposa,1891:1
6045,California,Mendocino,1247:1
6047,California,Merced,2148:1
6049,California,Modoc,1419:1
6051,California,Mono,2163:1
6053,California,Monterey,1357:1
6055,California,Napa,988:1
6057,California,Nevada,1162:1
6059,California,Orange,810:1
6061,California,Placer,949:1
6063,California,Plumas,1209:1
6065,California,Riverside,1734:1
6067,California,Sacramento,1215:1
6069,California,San Benito,1931:1
6071,California,San Bernardino,1299:1
6073,California,San Diego,1013:1
6075,California,San Francisco,571:1
6077,California,San Joaquin,1659:1
6079,California,San Luis Obispo,1097:1
6081,California,San Mateo,862:1
6083,California,Santa Barbara,1093:1
6085,California,Santa Clara,782:1
6087,California,Santa Cruz,1106:1
6089,California,Shasta,1256:1
6091,California,Sierra,1609:1
6093,California,Siskiyou,1506:1
6095,California,Solano,1025:1
6097,California,Sonoma,1020:1
6099,California,Stanislaus,1414:1
6101,California,Sutter,1173:1
6103,California,Tehama,1591:1
6105,California,Trinity,3156:1
6107,California,Tulare,1749:1
6109,California,Tuolumne,826:1
6111,California,Ventura,1022:1
6113,California,Yolo,1610:1
6115,California,Yuba,3372:1
8000,Colorado,,1161:1
8001,Colorado,Adams,1414:1
8003,Colorado,Alamosa,691:1
8005,Colorado,Arapahoe,844:1
8007,Colorado,Archuleta,1750:1
8009,Colorado,Baca,1716:1
8011,Colorado,Bent,5399:1
8013,Colorado,Boulder,900:1
8014,Colorado,Broomfield,1043:1
8015,Colorado,Chaffee,1556:1
8017,Colorado,Cheyenne,1732:0
8019,Colorado,Clear Creek,2339:1
8021,Colorado,Conejos,3790:1
8023,Colorado,Costilla,3603:0
8025,Colorado,Crowley,5614:1
8027,Colorado,Custer,
8029,Colorado,Delta,2107:1
8031,Colorado,Denver,1207:1
8033,Colorado,Dolores,1228:1
8035,Colorado,Douglas,1403:1
8037,Colorado,Eagle,1494:1
8039,Colorado,Elbert,6950:1
8041,Colorado,El Paso,966:1
8043,Colorado,Fremont,2919:1
8045,Colorado,Garfield,1297:1
8047,Colorado,Gilpin,
8049,Colorado,Grand,2628:1
8051,Colorado,Gunnison,2158:1
8053,Colorado,Hinsdale,775:0
8055,Colorado,Huerfano,3541:1
8057,Colorado,Jackson,1302:0
8059,Colorado,Jefferson,963:1
8061,Colorado,Kiowa,1424:0
8063,Colorado,Kit Carson,6961:1
8065,Colorado,Lake,2442:1
8067,Colorado,La Plata,1011:1
8069,Colorado,Larimer,1179:1
8071,Colorado,Las Animas,1592:1
8073,Colorado,Lincoln,1102:1
8075,Colorado,Logan,1602:1
8077,Colorado,Mesa,1344:1
8079,Colorado,Mineral,931:0
8081,Colorado,Moffat,1647:1
8083,Colorado,Montezuma,1470:1
8085,Colorado,Montrose,932:1
8087,Colorado,Morgan,1462:1
8089,Colorado,Otero,3051:1
8091,Colorado,Ouray,850:1
8093,Colorado,Park,5980:1
8095,Colorado,Phillips,
8097,Colorado,Pitkin,1534:1
8099,Colorado,Prowers,1976:1
8101,Colorado,Pueblo,1425:1
8103,Colorado,Rio Blanco,1314:1
8105,Colorado,Rio Grande,2265:1
8107,Colorado,Routt,926:1
8109,Colorado,Saguache,
8111,Colorado,San Juan,803:0
8113,Colorado,San Miguel,1601:1
8115,Colorado,Sedgwick,2295:1
8117,Colorado,Summit,955:1
8119,Colorado,Teller,2071:1
8121,Colorado,Washington,2406:1
8123,Colorado,Weld,2060:1
8125,Colorado,Yuma,1650:1
9000,Connecticut,,1152:1
9001,Connecticut,Fairfield,1063:1
9003,Connecticut,Hartford,929:1
9005,Connecticut,Litchfield,1555:1
9007,Connecticut,Middlesex,1277:1
9009,Connecticut,New Haven,1287:1
9011,Connecticut,New London,1268:1
9013,Connecticut,Tolland,2059:1
9015,Connecticut,Windham,2007:1
9110,Connecticut,Capitol,
9120,Connecticut,Greater Bridgeport,
9130,Connecticut,Lower Connecticut River Valley,
9140,Connecticut,Naugatuck Valley,
9150,Connecticut,Northeastern Connecticut,
9160,Connecticut,Northwest Hills,
9170,Connecticut,South Central Connecticut,
9180,Connecticut,Southeastern Connecticut,
9190,Connecticut,Western Connecticut,
10000,Delaware,,2181:1
10001,Delaware,Kent,2460:1
10003,Delaware,New Castle,1723:1
10005,Delaware,Sussex,4490:1
11000,District of Columbia,,775:1
11001,District of Columbia,District of Columbia,775:1
12000,Florida,,1563:1
12001,Florida,Alachua,523:1
12003,Florida,Baker,2139:1
12005,Florida,Bay,1698:1
12007,Florida,Bradford,3902:1
12009,Florida,Brevard,1664:1
12011,Florida,Broward,1175:1
12013,Florida,Calhoun,1683:1
12015,Florida,Charlotte,1876:1
12017,Florida,Citrus,3251:1
12019,Florida,Clay,1873:1
12021,Florida,Collier,1427:1
12023,Florida,Columbia,1598:1
12027,Florida,DeSoto,5045:1
12029,Florida,Dixie,17124:1
12031,Florida,Duval,1261:1
12033,Florida,Escambia,1413:1
12035,Florida,Flagler,2947:1
12037,Florida,Franklin,4166:1
12039,Florida,Gadsden,4823:1
12041,Florida,Gilchrist,3798:1
12043,Florida,Glades,2491:1
12045,Florida,Gulf,2552:1
12047,Florida,Hamilton,4406:1
12049,Florida,Hardee,1710:1
12051,Florida,Hendry,2584:1
12053,Florida,Hernando,2687:1
12055,Florida,Highlands,2112:1
12057,Florida,Hillsborough,1570:1
12059,Florida,Holmes,2456:1
12061,Florida,Indian River,1361:1
12063,Florida,Jackson,3444:1
12065,Florida,Jefferson,3761:1
12067,Florida,Lafayette,
12069,Florida,Lake,2082:1
12071,Florida,Lee,1886:1
12073,Florida,Leon,1836:1
12075,Florida,Levy,4526:1
12077,Florida,Liberty,3802:1
12079,Florida,Madison,4550:1
12081,Florida,Manatee,1696:1
12083,Florida,Marion,2403:1
12085,Florida,Martin,1246:1
12086,Florida,Miami-Dade,1276:1
12087,Florida,Monroe,1602:1
12089,Florida,Nassau,3376:1
12091,Florida,Okaloosa,1216:1
12093,Florida,Okeechobee,2245:1
12095,Florida,Orange,1917:1
12097,Florida,Osceola,3380:1
12099,Florida,Palm Beach,1259:1
12101,Florida,Pasco,2818:1
12103,Florida,Pinellas,1243:1
12105,Florida,Polk,2822:1
12107,Florida,Putnam,3397:1
12109,Florida,St. Johns,2019:1
12111,Florida,St. Lucie,2424:1
12113,Florida,Santa Rosa,3360:1
12115,Florida,Sarasota,1380:1
12117,Florida,Seminole,1570:1
12119,Florida,Sumter,2843:1
12121,Florida,Suwannee,5676:1
12123,Florida,Taylor,3040:1
12125,Florida,Union,3865:1
12127,Florida,Volusia,2025:1
12129,Florida,Wakulla,8795:1
12131,Florida,Walton,1937:1
12133,Florida,Washington,3177:1
13000,Georgia,,1856:1
13001,Georgia,Appling,9214:1
13003,Georgia,Atkinson,8183:1
13005,Georgia,Bacon,3730:1
13007,Georgia,Baker,2788:0
13009,Georgia,Baldwin,2424:1
13011,Georgia,Banks,19328:1
13013,Georgia,Barrow,5253:1
13015,Georgia,Bartow,3049:1
13017,Georgia,Ben Hill,1897:1
13019,Georgia,Berrien,9107:1
13021,Georgia,Bibb,1562:1
13023,Georgia,Bleckley,6129:1
13025,Georgia,Brantley,18183:1
13027,Georgia,Brooks,16253:1
13029,Georgia,Bryan,3710:1
13031,Georgia,Bulloch,2769:1
13033,Georgia,Burke,8129:1
13035,Georgia,Butts,6662:1
13037,Georgia,Calhoun,2735:1
13039,Georgia,Camden,3167:1
13043,Georgia,Candler,11000:1
13045,Georgia,Carroll,2897:1
13047,Georgia,Catoosa,4049:1
13049,Georgia,Charlton,
13051,Georgia,Chatham,1394:1
13053,Georgia,Chattahoochee,122:1
13055,Georgia,Chattooga,2771:1
13057,Georgia,Cherokee,1967:1
13059,Georgia,Clarke,1938:1
13061,Georgia,Clay,2845:0
13063,Georgia,Clayton,4298:1
13065,Georgia,Clinch,6662:1
13067,Georgia,Cobb,1386:1
13069,Georgia,Coffee,2698:1
13071,Georgia,Colquitt,3814:1
13073,Georgia,Columbia,1728:1
13075,Georgia,Cook,3481:1
13077,Georgia,Coweta,2591:1
13079,Georgia,Crawford,
13081,Georgia,Crisp,1971:1
13083,Georgia,Dade,3216:1
13085,Georgia,Dawson,2153:1
13087,Georgia,Decatur,3220:1
13089,Georgia,DeKalb,1606:1
13091,Georgia,Dodge,2200:1
13093,Georgia,Dooly,2643:1
13095,Georgia,Dougherty,1406:1
13097,Georgia,Douglas,2266:1
13099,Georgia,Early,2644:1
13101,Georgia,Echols,3686:0
13103,Georgia,Effingham,6276:1
13105,Georgia,Elbert,3963:1
13107,Georgia,Emanuel,7643:1
13109,Georgia,Evans,3565:1
13111,Georgia,Fannin,3677:1
13113,Georgia,Fayette,946:1
13115,Georgia,Floyd,2617:1
13117,Georgia,Forsyth,2570:1
13119,Georgia,Franklin,4826:1
13121,Georgia,Fulton,1315:1
13123,Georgia,Gilmer,4051:1
13125,Georgia,Glascock,2939:0
13127,Georgia,Glynn,1891:1
13129,Georgia,Gordon,4535:1
13131,Georgia,Grady,3715:1
13133,Georgia,Greene,1060:1
13135,Georgia,Gwinnett,1534:1
13137,Georgia,Habersham,2261:1
13139,Georgia,Hall,1934:1
13141,Georgia,Hancock,8387:1
13143,Georgia,Haralson,4477:1
13145,Georgia,Harris,5182:1
13147,Georgia,Hart,2990:1
13149,Georgia,Heard,
13151,Georgia,Henry,2791:1
13153,Georgia,Houston,1950:1
13155,Georgia,Irwin,9126:1
13157,Georgia,Jackson,2047:1
13159,Georgia,Jasper,7976:1
13161,Georgia,Jeff Davis,14889:1
13163,Georgia,Jefferson,5105:1
13165,Georgia,Jenkins,
13167,Georgia,Johnson,9242:1
13169,Georgia,Jones,9491:1
13171,Georgia,Lamar,9734:1
13173,Georgia,Lanier,10171:1
13175,Georgia,Laurens,2069:1
13177,Georgia,Lee,2243:1
13179,Georgia,Liberty,791:1
13181,Georgia,Lincoln,
13183,Georgia,Long,
13185,Georgia,Lowndes,1787:1
13187,Georgia,Lumpkin,4350:1
13189,Georgia,McDuffie,1809:1
13191,Georgia,McIntosh,3727:1
13193,Georgia,Macon,5883:1
13195,Georgia,Madison,31473:1
13197,Georgia,Marion,7449:1
13199,Georgia,Meriwether,4169:1
13201,Georgia,Miller,1936:1
13205,Georgia,Mitchell,7039:1
13207,Georgia,Monroe,5885:1
13209,Georgia,Montgomery,
13211,Georgia,Morgan,2629:1
13213,Georgia,Murray,10118:1
13215,Georgia,Muscogee,1717:1
13217,Georgia,Newton,4901:1
13219,Georgia,Oconee,1503:1
13221,Georgia,Oglethorpe,15469:1
13223,Georgia,Paulding,6152:1
13225,Georgia,Peach,2040:1
13227,Georgia,Pickens,3166:1
13229,Georgia,Pierce,10084:1
13231,Georgia,Pike,4998:1
13233,Georgia,Polk,4371:1
13235,Georgia,Pulaski,9984:1
13237,Georgia,Putnam,4597:1
13239,Georgia,Quitman,2249:1
13241,Georgia,Rabun,3441:1
13243,Georgia,Randolph,
13245,Georgia,Richmond,462:1
13247,Georgia,Rockdale,1319:1
13249,Georgia,Schley,
13251,Georgia,Screven,4659:1
13253,Georgia,Seminole,2282:1
13255,Georgia,Spalding,2872:1
13257,Georgia,Stephens,2677:1
13259,Georgia,Stewart,
13261,Georgia,Sumter,1925:1
13263,Georgia,Talbot,
13265,Georgia,Taliaferro,1600:0
13267,Georgia,Tattnall,8021:1
13269,Georgia,Taylor,7737:1
13271,Georgia,Telfair,6177:1
13273,Georgia,Terrell,8754:1
13275,Georgia,Thomas,2278:1
13277,Georgia,Tift,2588:1
13279,Georgia,Toombs,1917:1
13281,Georgia,Towns,1853:1
13283,Georgia,Treutlen,6365:1
13285,Georgia,Troup,1671:1
13287,Georgia,Turner,2211:1
13289,Georgia,Twiggs,
13291,Georgia,Union,3299:1
13293,Georgia,Upson,4681:1
13295,Georgia,Walker,6265:1
13297,Georgia,Walton,2712:1
13299,Georgia,Ware,1696:1
13301,Georgia,Warren,5155:1
13303,Georgia,Washington,4935:1
13305,Georgia,Wayne,6179:1
13307,Georgia,Webster,2328:0
13309,Georgia,Wheeler,
13311,Georgia,White,2881:1
13313,Georgia,Whitfield,2242:1
13315,Georgia,Wilcox,2920:1
13317,Georgia,Wilkes,4800:1
13319,Georgia,Wilkinson,8681:1
13321,Georgia,Worth,10212:1
15000,Hawaii,,1111:1
15001,Hawaii,Hawaii,1587:1
15003,Hawaii,Honolulu,994:1
15005,Hawaii,Kalawao,82:0
15007,Hawaii,Kauai,1476:1
15009,Hawaii,Maui,1442:1
16000,Idaho,,1534:1
16001,Idaho,Ada,1221:1
16003,Idaho,Adams,1606:1
16005,Idaho,Bannock,984:1
16007,Idaho,Bear Lake,2241:1
16009,Idaho,Benewah,1152:1
16011,Idaho,Bingham,2377:1
16013,Idaho,Blaine,1243:1
16015,Idaho,Boise,
16017,Idaho,Bonner,2057:1
16019,Idaho,Bonneville,1257:1
16021,Idaho,Boundary,1668:1
16023,Idaho,Butte,2684:0
16025,Idaho,Camas,1153:0
16027,Idaho,Canyon,2222:1
16029,Idaho,Caribou,1438:1
16031,Idaho,Cassia,1350:1
16033,Idaho,Clark,806:0
16035,Idaho,Clearwater,2254:1
16037,Idaho,Custer,4506:1
16039,Idaho,Elmore,1225:1
16041,Idaho,Franklin,1688:1
16043,Idaho,Fremont,1553:1
16045,Idaho,Gem,2552:1
16047,Idaho,Gooding,3929:1
16049,Idaho,Idaho,2513:1
16051,Idaho,Jefferson,4775:1
16053,Idaho,Jerome,3616:1
16055,Idaho,Kootenai,1380:1
16057,Idaho,Latah,2157:1
16059,Idaho,Lemhi,2747:1
16061,Idaho,Lewis,1882:1
16063,Idaho,Lincoln,5329:1
16065,Idaho,Madison,2199:1
16067,Idaho,Minidoka,2774:1
16069,Idaho,Nez Perce,1229:1
16071,Idaho,Oneida,1571:1
16073,Idaho,Owyhee,3153:1
16075,Idaho,Payette,1925:1
16077,Idaho,Power,4034:1
16079,Idaho,Shoshone,1752:1
16081,Idaho,Teton,2509:1
16083,Idaho,Twin Falls,1339:1
16085,Idaho,Valley,2493:1
16087,Idaho,Washington,5544:1
17000,Illinois,,1189:1
17001,Illinois,Adams,1177:1
17003,Illinois,Alexander,1215:1
17005,Illinois,Bond,5522:1
17007,Illinois,Boone,2658:1
17009,Illinois,Brown,
17011,Illinois,Bureau,2736:1
17013,Illinois,Calhoun,4360:1
17015,Illinois,Carroll,3882:1
17017,Illinois,Cass,1406:1
17019,Illinois,Champaign,1497:1
17021,Illinois,Christian,4180:1
17023,Illinois,Clark,5076:1
17025,Illinois,Clay,2175:1
17027,Illinois,Clinton,3076:1
17029,Illinois,Coles,1853:1
17031,Illinois,Cook,1018:1
17033,Illinois,Crawford,2317:1
17035,Illinois,Cumberland,10324:1
17037,Illinois,DeKalb,1474:1
17039,Illinois,De Witt,2552:1
17041,Illinois,Douglas,1976:1
17043,Illinois,DuPage,845:1
17045,Illinois,Edgar,3287:1
17047,Illinois,Edwards,6071:1
17049,Illinois,Effingham,563:1
17051,Illinois,Fayette,2131:1
17053,Illinois,Ford,2650:1
17055,Illinois,Franklin,2865:1
17057,Illinois,Fulton,4128:1
17059,Illinois,Gallatin,
17061,Illinois,Greene,2913:1
17063,Illinois,Grundy,2792:1
17065,Illinois,Hamilton,7984:1
17067,Illinois,Hancock,2874:1
17069,Illinois,Hardin,3597:1
17071,Illinois,Henderson,615:1
17073,Illinois,Henry,2848:1
17075,Illinois,Iroquois,2941:1
17077,Illinois,Jackson,1096:1
17079,Illinois,Jasper,9212:1
17081,Illinois,Jefferson,1733:1
17083,Illinois,Jersey,2125:1
17085,Illinois,Jo Daviess,1554:1
17087,Illinois,Johnson,4460:1
17089,Illinois,Kane,1346:1
17091,Illinois,Kankakee,2080:1
17093,Illinois,Kendall,2542:1
17095,Illinois,Knox,2861:1
17097,Illinois,Lake,846:1
17099,Illinois,LaSalle,1832:1
17101,Illinois,Lawrence,14914:1
17103,Illinois,Lee,2116:1
17105,Illinois,Livingston,2220:1
17107,Illinois,Logan,1839:1
17109,Illinois,McDonough,2985:1
17111,Illinois,McHenry,1450:1
17113,Illinois,McLean,1426:1
17115,Illinois,Macon,1611:1
17117,Illinois,Macoupin,2950:1
17119,Illinois,Madison,1035:1
17121,Illinois,Marion,2840:1
17123,Illinois,Marshall,2920:1
17125,Illinois,Mason,2550:1
17127,Illinois,Massac,2779:1
17129,Illinois,Menard,12121:1
17131,Illinois,Mercer,5168:1
17133,Illinois,Monroe,1208:1
17135,Illinois,Montgomery,1557:1
17137,Illinois,Morgan,2147:1
17139,Illinois,Moultrie,7162:1
17141,Illinois,Ogle,2334:1
17143,Illinois,Peoria,1129:1
17145,Illinois,Perry,2288:1
17147,Illinois,Piatt,4181:1
17149,Illinois,Pike,1609:1
17151,Illinois,Pope,3770:0
17153,Illinois,Pulaski,
17155,Illinois,Putnam,2786:1
17157,Illinois,Randolph,2148:1
17159,Illinois,Richland,3859:1
17161,Illinois,Rock Island,1275:1
17163,Illinois,St. Clair,1358:1
17165,Illinois,Saline,3298:1
17167,Illinois,Sangamon,1165:1
17169,Illinois,Schuyler,
17171,Illinois,Scott,4790:1
17173,Illinois,Shelby,4152:1
17175,Illinois,Stark,5345:1
17177,Illinois,Stephenson,1983:1
17179,Illinois,Tazewell,1709:1
17181,Illinois,Union,1397:1
17183,Illinois,Vermilion,2679:1
17185,Illinois,Wabash,2217:1
17187,Illinois,Warren,2726:1
17189,Illinois,Washington,3411:1
17191,Illinois,Wayne,3968:1
17193,Illinois,White,2269:1
17195,Illinois,Whiteside,2376:1
17197,Illinois,Will,1667:1
17199,Illinois,Williamson,1482:1
17201,Illinois,Winnebago,1171:1
17203,Illinois,Woodford,5447:1
18000,Indiana,,1681:1
18001,Indiana,Adams,2576:1
18003,Indiana,Allen,1450:1
18005,Indiana,Bartholomew,1266:1
18007,Indiana,Benton,2180:1
18009,Indiana,Blackford,5960:1
18011,Indiana,Boone,2060:1
18013,Indiana,Brown,15570:1
18015,Indiana,Carroll,2569:1
18017,Indiana,Cass,3128:1
18019,Indiana,Clark,2588:1
18021,Indiana,Clay,4397:1
18023,Indiana,Clinton,2190:1
18025,Indiana,Crawford,
18027,Indiana,Daviess,3342:1
18029,Indiana,Dearborn,4262:1
18031,Indiana,Decatur,2642:1
18033,Indiana,DeKalb,2302:1
18035,Indiana,Delaware,1535:1
18037,Indiana,Dubois,1283:1
18039,Indiana,Elkhart,2434:1
18041,Indiana,Fayette,2919:1
18043,Indiana,Floyd,1170:1
18045,Indiana,Fountain,2762:1
18047,Indiana,Franklin,1439:1
18049,Indiana,Fulton,2259:1
18051,Indiana,Gibson,1736:1
18053,Indiana,Grant,1572:1
18055,Indiana,Greene,2215:1
18057,Indiana,Hamilton,1347:1
18059,Indiana,Hancock,2967:1
18061,Indiana,Harrison,2491:1
18063,Indiana,Hendricks,2147:1
18065,Indiana,Henry,2718:1
18067,Indiana,Howard,1114:1
18069,Indiana,Huntington,2456:1
18071,Indiana,Jackson,1597:1
18073,Indiana,Jasper,2773:1
18075,Indiana,Jay,4040:1
18077,Indiana,Jefferson,1647:1
18079,Indiana,Jennings,3934:1
18081,Indiana,Johnson,1480:1
18083,Indiana,Knox,1988:1
18085,Indiana,Kosciusko,3109:1
18087,Indiana,LaGrange,3144:1
18089,Indiana,Lake,1576:1
18091,Indiana,LaPorte,1801:1
18093,Indiana,Lawrence,2261:1
18095,Indiana,Madison,1780:1
18097,Indiana,Marion,1063:1
18099,Indiana,Marshall,2206:1
18101,Indiana,Martin,4902:1
18103,Indiana,Miami,3964:1
18105,Indiana,Monroe,1625:1
18107,Indiana,Montgomery,1418:1
18109,Indiana,Morgan,2125:1
18111,Indiana,Newton,6912:1
18113,Indiana,Noble,3947:1
18115,Indiana,Ohio,3057:1
18117,Indiana,Orange,3271:1
18119,Indiana,Owen,5371:1
18121,Indiana,Parke,5456:1
18123,Indiana,Perry,3197:1
18125,Indiana,Pike,12168:1
18127,Indiana,Porter,1665:1
18129,Indiana,Posey,4177:1
18131,Indiana,Pulaski,6243:1
18133,Indiana,Putnam,2194:1
18135,Indiana,Randolph,3491:1
18137,Indiana,Ripley,9696:1
18139,Indiana,Rush,2382:1
18141,Indiana,St. Joseph,1565:1
18143,Indiana,Scott,3513:1
18145,Indiana,Shelby,2647:1
18147,Indiana,Spencer,3328:1
18149,Indiana,Starke,4652:1
18151,Indiana,Steuben,2170:1
18153,Indiana,Sullivan,4134:1
18155,Indiana,Switzerland,10006:1
18157,Indiana,Tippecanoe,1868:1
18159,Indiana,Tipton,1707:1
18161,Indiana,Union,
18163,Indiana,Vanderburgh,1372:1
18165,Indiana,Vermillion,2207:1
18167,Indiana,Vigo,1738:1
18169,Indiana,Wabash,2803:1
18171,Indiana,Warren,8461:1
18173,Indiana,Warrick,2507:1
18175,Indiana,Washington,5645:1
18177,Indiana,Wayne,1506:1
18179,Indiana,Wells,3542:1
18181,Indiana,White,2733:1
18183,Indiana,Whitley,2164:1
19000,Iowa,,1411:1
19001,Iowa,Adair,1874:1
19003,Iowa,Adams,1204:1
19005,Iowa,Allamakee,2792:1
19007,Iowa,Appanoose,3024:1
19009,Iowa,Audubon,2799:1
19011,Iowa,Benton,4285:1
19013,Iowa,Black Hawk,1265:1
19015,Iowa,Boone,2419:1
19017,Iowa,Bremer,1684:1
19019,Iowa,Buchanan,2959:1
19021,Iowa,Buena Vista,1585:1
19023,Iowa,Butler,4756:1
19025,Iowa,Calhoun,2431:1
19027,Iowa,Carroll,1371:1
19029,Iowa,Cass,936:1
19031,Iowa,Cedar,1840:1
19033,Iowa,Cerro Gordo,1034:1
19035,Iowa,Cherokee,3830:1
19037,Iowa,Chickasaw,2343:1
19039,Iowa,Clarke,3231:1
19041,Iowa,Clay,969:1
19043,Iowa,Clayton,2128:1
19045,Iowa,Clinton,1716:1
19047,Iowa,Crawford,1791:1
19049,Iowa,Dallas,3484:1
19051,Iowa,Davis,4565:1
19053,Iowa,Decatur,1537:1
19055,Iowa,Delaware,1952:1
19057,Iowa,Des Moines,1596:1
19059,Iowa,Dickinson,1387:1
19061,Iowa,Dubuque,1233:1
19063,Iowa,Emmet,2294:1
19065,Iowa,Fayette,1754:1
19067,Iowa,Floyd,1704:1
19069,Iowa,Franklin,2479:1
19071,Iowa,Fremont,6464:1
19073,Iowa,Greene,2914:1
19075,Iowa,Grundy,4119:1
19077,Iowa,Guthrie,2662:1
19079,Iowa,Hamilton,2964:1
19081,Iowa,Hancock,1526:1
19083,Iowa,Hardin,1381:1
19085,Iowa,Harrison,2094:1
19087,Iowa,Henry,1554:1
19089,Iowa,Howard,4767:1
19091,Iowa,Humboldt,2393:1
19093,Iowa,Ida,2296:1
19095,Iowa,Iowa,2746:1
19097,Iowa,Jackson,1932:1
19099,Iowa,Jasper,1897:1
19101,Iowa,Jefferson,1427:1
19103,Iowa,Johnson,424:1
19105,Iowa,Jones,2606:1
19107,Iowa,Keokuk,2476:1
19109,Iowa,Kossuth,1809:1
19111,Iowa,Lee,1824:1
19113,Iowa,Linn,1347:1
19115,Iowa,Louisa,2669:1
19117,Iowa,Lucas,2172:1
19119,Iowa,Lyon,2436:1
19121,Iowa,Madison,2839:1
19123,Iowa,Mahaska,1995:1
19125,Iowa,Marion,1682:1
19127,Iowa,Marshall,1424:1
19129,Iowa,Mills,2911:1
19131,Iowa,Mitchell,2106:1
19133,Iowa,Monona,2829:1
19135,Iowa,Monroe,2517:1
19137,Iowa,Montgomery,2041:1
19139,Iowa,Muscatine,1695:1
19141,Iowa,O'Brien,2009:1
19143,Iowa,Osceola,6036:1
19145,Iowa,Page,1010:1
19147,Iowa,Palo Alto,4382:1
19149,Iowa,Plymouth,1975:1
19151,Iowa,Pocahontas,1763:1
19153,Iowa,Polk,1259:1
19155,Iowa,Pottawattamie,1694:1
19157,Iowa,Poweshiek,1679:1
19159,Iowa,Ringgold,
19161,Iowa,Sac,3224:1
19163,Iowa,Scott,1199:1
19165,Iowa,Shelby,1664:1
19167,Iowa,Sioux,1897:1
19169,Iowa,Story,1954:1
19171,Iowa,Tama,5634:1
19173,Iowa,Taylor,2929:1
19175,Iowa,Union,1981:1
19177,Iowa,Van Buren,7256:1
19179,Iowa,Wapello,1252:1
19181,Iowa,Warren,2716:1
19183,Iowa,Washington,2508:1
19185,Iowa,Wayne,2156:1
19187,Iowa,Webster,1221:1
19189,Iowa,Winnebago,1517:1
19191,Iowa,Winneshiek,1536:1
19193,Iowa,Woodbury,1448:1
19195,Iowa,Worth,7319:1
19197,Iowa,Wright,2536:1
20000,Kansas,,1583:1
20001,Kansas,Allen,1572:1
20003,Kansas,Anderson,3888:1
20005,Kansas,Atchison,1239:1
20007,Kansas,Barber,
20009,Kansas,Barton,1791:1
20011,Kansas,Bourbon,3623:1
20013,Kansas,Brown,1873:1
20015,Kansas,Butler,3791:1
20017,Kansas,Chase,2548:0
20019,Kansas,Chautauqua,1708:1
20021,Kansas,Cherokee,3818:1
20023,Kansas,Cheyenne,1292:1
20025,Kansas,Clark,1933:1
20027,Kansas,Clay,2681:1
20029,Kansas,Cloud,2982:1
20031,Kansas,Coffey,2760:1
20033,Kansas,Comanche,1681:0
20035,Kansas,Cowley,1813:1
20037,Kansas,Crawford,1776:1
20039,Kansas,Decatur,2689:0
20041,Kansas,Dickinson,4608:1
20043,Kansas,Doniphan,
20045,Kansas,Douglas,1500:1
20047,Kansas,Edwards,2739:1
20049,Kansas,Elk,2441:0
20051,Kansas,Ellis,998:1
20053,Kansas,Ellsworth,3178:1
20055,Kansas,Finney,1506:1
20057,Kansas,Ford,1539:1
20059,Kansas,Franklin,3249:1
20061,Kansas,Geary,871:1
20063,Kansas,Gove,2717:1
20065,Kansas,Graham,2411:0
20067,Kansas,Grant,1799:1
20069,Kansas,Gray,
20071,Kansas,Greeley,1223:0
20073,Kansas,Greenwood,2970:1
20075,Kansas,Hamilton,2430:1
20077,Kansas,Harper,1331:1
20079,Kansas,Harvey,1352:1
20081,Kansas,Haskell,3576:0
20083,Kansas,Hodgeman,1755:0
20085,Kansas,Jackson,1898:1
20087,Kansas,Jefferson,6115:1
20089,Kansas,Jewell,2898:0
20091,Kansas,Johnson,1120:1
20093,Kansas,Kearny,3855:1
20095,Kansas,Kingman,7193:1
20097,Kansas,Kiowa,2404:0
20099,Kansas,Labette,2195:1
20101,Kansas,Lane,1556:0
20103,Kansas,Leavenworth,1842:1
20105,Kansas,Lincoln,2899:0
20107,Kansas,Linn,2449:1
20109,Kansas,Logan,902:1
20111,Kansas,Lyon,1595:1
20113,Kansas,McPherson,2001:1
20115,Kansas,Marion,2374:1
20117,Kansas,Marshall,1426:1
20119,Kansas,Meade,1949:1
20121,Kansas,Miami,3487:1
20123,Kansas,Mitchell,1435:1
20125,Kansas,Montgomery,1823:1
20127,Kansas,Morris,5349:1
20129,Kansas,Morton,2599:0
20131,Kansas,Nemaha,1012:1
20133,Kansas,Neosho,3121:1
20135,Kansas,Ness,2645:0
20137,Kansas,Norton,1767:1
20139,Kansas,Osage,7827:1
20141,Kansas,Osborne,1745:1
20143,Kansas,Ottawa,1449:1
20145,Kansas,Pawnee,6179:1
20147,Kansas,Phillips,2405:1
20149,Kansas,Pottawatomie,4379:1
20151,Kansas,Pratt,1295:1
20153,Kansas,Rawlins,1264:1
20155,Kansas,Reno,1709:1
20157,Kansas,Republic,4642:1
20159,Kansas,Rice,3136:1
20161,Kansas,Riley,1616:1
20163,Kansas,Rooks,2407:1
20165,Kansas,Rush,2927:1
20167,Kansas,Russell,2213:1
20169,Kansas,Saline,1191:1
20171,Kansas,Scott,2507:1
20173,Kansas,Sedgwick,1432:1
20175,Kansas,Seward,3051:1
20177,Kansas,Shawnee,1467:1
20179,Kansas,Sheridan,2425:1
20181,Kansas,Sherman,1458:1
20183,Kansas,Smith,1767:1
20185,Kansas,Stafford,3993:1
20187,Kansas,Stanton,1963:0
20189,Kansas,Stevens,2588:1
20191,Kansas,Sumner,3210:1
20193,Kansas,Thomas,1973:1
20195,Kansas,Trego,2752:0
20197,Kansas,Wabaunsee,
20199,Kansas,Wallace,1488:0
20201,Kansas,Washington,5501:1
20203,Kansas,Wichita,2064:1
20205,Kansas,Wilson,2874:1
20207,Kansas,Woodson,3109:1
20209,Kansas,Wyandotte,2270:1
21000,Kentucky,,1502:1
21001,Kentucky,Adair,6356:1
21003,Kentucky,Allen,3546:1
21005,Kentucky,Anderson,2422:1
21007,Kentucky,Ballard,3825:1
21009,Kentucky,Barren,2990:1
21011,Kentucky,Bath,12829:1
21013,Kentucky,Bell,1386:1
21015,Kentucky,Boone,1464:1
21017,Kentucky,Bourbon,1340:1
21019,Kentucky,Boyd,1375:1
21021,Kentucky,Boyle,1236:1
21023,Kentucky,Bracken,2817:1
21025,Kentucky,Breathitt,6676:1
21027,Kentucky,Breckinridge,6981:1
21029,Kentucky,Bullitt,2994:1
21031,Kentucky,Butler,12295:1
21033,Kentucky,Caldwell,2514:1
21035,Kentucky,Calloway,2094:1
21037,Kentucky,Campbell,1985:1
21039,Kentucky,Carlisle,4720:1
21041,Kentucky,Carroll,3646:1
21043,Kentucky,Carter,6599:1
21045,Kentucky,Casey,5307:1
21047,Kentucky,Christian,624:1
21049,Kentucky,Clark,1853:1
21051,Kentucky,Clay,4978:1
21053,Kentucky,Clinton,3041:1
21055,Kentucky,Crittenden,8981:1
21057,Kentucky,Cumberland,1189:1
21059,Kentucky,Daviess,1518:1
21061,Kentucky,Edmonson,6135:1
21063,Kentucky,Elliott,2431:1
21065,Kentucky,Estill,2006:1
21067,Kentucky,Fayette,666:1
21069,Kentucky,Fleming,3822:1
21071,Kentucky,Floyd,1345:1
21073,Kentucky,Franklin,1290:1
21075,Kentucky,Fulton,6382:1
21077,Kentucky,Gallatin,8763:1
21079,Kentucky,Garrard,4397:1
21081,Kentucky,Grant,3188:1
21083,Kentucky,Graves,2427:1
21085,Kentucky,Grayson,2959:1
21087,Kentucky,Green,2841:1
21089,Kentucky,Greenup,2723:1
21091,Kentucky,Hancock,1504:1
21093,Kentucky,Hardin,1065:1
21095,Kentucky,Harlan,3208:1
21097,Kentucky,Harrison,2729:1
21099,Kentucky,Hart,3920:1
21101,Kentucky,Henderson,1915:1
21103,Kentucky,Henry,2629:1
21105,Kentucky,Hickman,4422:1
21107,Kentucky,Hopkins,2037:1
21109,Kentucky,Jackson,3243:1
21111,Kentucky,Jefferson,944:1
21113,Kentucky,Jessamine,2713:1
21115,Kentucky,Johnson,7415:1
21117,Kentucky,Kenton,1812:1
21119,Kentucky,Knott,2775:1
21121,Kentucky,Knox,3310:1
21123,Kentucky,Larue,5054:1
21125,Kentucky,Laurel,2515:1
21127,Kentucky,Lawrence,4027:1
21129,Kentucky,Lee,7261:1
21131,Kentucky,Leslie,5047:1
21133,Kentucky,Letcher,2612:1
21135,Kentucky,Lewis,3239:1
21137,Kentucky,Lincoln,12180:1
21139,Kentucky,Livingston,8963:1
21141,Kentucky,Logan,3982:1
21143,Kentucky,Lyon,4551:1
21145,Kentucky,McCracken,1071:1
21147,Kentucky,McCreary,8351:1
21149,Kentucky,McLean,9105:1
21151,Kentucky,Madison,2115:1
21153,Kentucky,Magoffin,2839:1
21155,Kentucky,Marion,3296:1
21157,Kentucky,Marshall,2889:1
21159,Kentucky,Martin,11095:1
21161,Kentucky,Mason,1209:1
21163,Kentucky,Meade,4286:1
21165,Kentucky,Menifee,6250:1
21167,Kentucky,Mercer,4580:1
21169,Kentucky,Metcalfe,5185:1
21171,Kentucky,Monroe,1893:1
21173,Kentucky,Montgomery,1891:1
21175,Kentucky,Morgan,3530:1
21177,Kentucky,Muhlenberg,3807:1
21179,Kentucky,Nelson,1755:1
21181,Kentucky,Nicholas,7805:1
21183,Kentucky,Ohio,3921:1
21185,Kentucky,Oldham,2480:1
21187,Kentucky,Owen,2258:1
21189,Kentucky,Owsley,1965:1
21191,Kentucky,Pendleton,7338:1
21193,Kentucky,Perry,1368:1
21195,Kentucky,Pike,1279:1
21197,Kentucky,Powell,3271:1
21199,Kentucky,Pulaski,1430:1
21201,Kentucky,Robertson,2229:0
21203,Kentucky,Rockcastle,8121:1
21205,Kentucky,Rowan,1626:1
21207,Kentucky,Russell,3636:1
21209,Kentucky,Scott,2364:1
21211,Kentucky,Shelby,2328:1
21213,Kentucky,Simpson,1995:1
21215,Kentucky,Spencer,4041:1
21217,Kentucky,Taylor,3301:1
21219,Kentucky,Todd,12404:1
21221,Kentucky,Trigg,7166:1
21223,Kentucky,Trimble,8539:1
21225,Kentucky,Union,1620:1
21227,Kentucky,Warren,1520:1
21229,Kentucky,Washington,2010:1
21231,Kentucky,Wayne,3280:1
21233,Kentucky,Webster,6363:1
21235,Kentucky,Whitley,1317:1
21237,Kentucky,Wolfe,6400:1
21239,Kentucky,Woodford,2082:1
22000,Louisiana,,1692:1
22001,Louisiana,Acadia,2270:1
22003,Louisiana,Allen,3189:1
22005,Louisiana,Ascension,2372:1
22007,Louisiana,Assumption,10302:1
22009,Louisiana,Avoyelles,3875:1
22011,Louisiana,Beauregard,5224:1
22013,Louisiana,Bienville,3160:1
22015,Louisiana,Bossier,1821:1
22017,Louisiana,Caddo,1157:1
22019,Louisiana,Calcasieu,1701:1
22021,Louisiana,Caldwell,3185:1
22023,Louisiana,Cameron,
22025,Louisiana,Catahoula,4283:1
22027,Louisiana,Claiborne,2749:1
22029,Louisiana,Concordia,2013:1
22031,Louisiana,De Soto,13427:1
22033,Louisiana,East Baton Rouge,1337:1
22035,Louisiana,East Carroll,3495:1
22037,Louisiana,East Feliciana,1914:1
22039,Louisiana,Evangeline,2908:1
22041,Louisiana,Franklin,6436:1
22043,Louisiana,Grant,7333:1
22045,Louisiana,Iberia,1667:1
22047,Louisiana,Iberville,2459:1
22049,Louisiana,Jackson,7420:1
22051,Louisiana,Jefferson,1139:1
22053,Louisiana,Jefferson Davis,4575:1
22055,Louisiana,Lafayette,1416:1
22057,Louisiana,Lafourche,2084:1
22059,Louisiana,LaSalle,4910:1
22061,Louisiana,Lincoln,2406:1
22063,Louisiana,Livingston,2699:1
22065,Louisiana,Madison,3159:1
22067,Louisiana,Morehouse,2716:1
22069,Louisiana,Natchitoches,4074:1
22071,Louisiana,Orleans,1200:1
22073,Louisiana,Ouachita,1546:1
22075,Louisiana,Plaquemines,3753:1
22077,Louisiana,Pointe Coupee,2879:1
22079,Louisiana,Rapides,1898:1
22081,Louisiana,Red River,3710:1
22083,Louisiana,Richland,2203:1
22085,Louisiana,Sabine,10993:1
22087,Louisiana,St. Bernard,2616:1
22089,Louisiana,St. Charles,2125:1
22091,Louisiana,St. Helena,10822:1
22093,Louisiana,St. James,2428:1
22095,Louisiana,St. John the Baptist,2658:1
22097,Louisiana,St. Landry,3145:1
22099,Louisiana,St. Martin,5124:1
22101,Louisiana,St. Mary,2655:1
22103,Louisiana,St. Tammany,1220:1
22105,Louisiana,Tangipahoa,1986:1
22107,Louisiana,Tensas,1282:1
22109,Louisiana,Terrebonne,1690:1
22111,Louisiana,Union,10361:1
22113,Louisiana,Vermilion,3560:1
22115,Louisiana,Vernon,1687:1
22117,Louisiana,Washington,2814:1
22119,Louisiana,Webster,3240:1
22121,Louisiana,West Baton Rouge,5607:1
22123,Louisiana,West Carroll,4738:1
22125,Louisiana,West Feliciana,2564:1
22127,Louisiana,Winn,2201:1
23000,Maine,,1406:1
23001,Maine,Androscoggin,1662:1
23003,Maine,Aroostook,1564:1
23005,Maine,Cumberland,904:1
23007,Maine,Franklin,2770:1
23009,Maine,Hancock,2025:1
23011,Maine,Kennebec,1173:1
23013,Maine,Knox,1328:1
23015,Maine,Lincoln,3018:1
23017,Maine,Oxford,2587:1
23019,Maine,Penobscot,1139:1
23021,Maine,Piscataquis,2903:1
23023,Maine,Sagadahoc,1558:1
23025,Maine,Somerset,4258:1
23027,Maine,Waldo,2874:1
23029,Maine,Washington,1965:1
23031,Maine,York,1885:1
24000,Maryland,,1238:1
24001,Maryland,Allegany,1294:1
24003,Maryland,Anne Arundel,1370:1
24005,Maryland,Baltimore,1265:1
24009,Maryland,Calvert,1970:1
24011,Maryland,Caroline,1454:1
24013,Maryland,Carroll,1789:1
24015,Maryland,Cecil,2441:1
24017,Maryland,Charles,1590:1
24019,Maryland,Dorchester,1488:1
24021,Maryland,Frederick,1503:1
24023,Maryland,Garrett,2041:1
24025,Maryland,Harford,1525:1
24027,Maryland,Howard,1114:1
24029,Maryland,Kent,2147:1
24031,Maryland,Montgomery,788:1
24033,Maryland,Prince George's,1578:1
24035,Maryland,Queen Anne's,2155:1
24037,Maryland,St. Mary's,1947:1
24039,Maryland,Somerset,455:1
24041,Maryland,Talbot,1224:1
24043,Maryland,Washington,1788:1
24045,Maryland,Wicomico,1246:1
24047,Maryland,Worcester,1632:1
24510,Maryland,Baltimore City,1166:1
25000,Massachusetts,,915:1
25001,Massachusetts,Barnstable,1033:1
25003,Massachusetts,Berkshire,1112:1
25005,Massachusetts,Bristol,1461:1
25007,Massachusetts,Dukes,1739:1
25009,Massachusetts,Essex,1081:1
25011,Massachusetts,Franklin,1447:1
25013,Massachusetts,Hampden,1095:1
25015,Massachusetts,Hampshire,1311:1
25017,Massachusetts,Middlesex,951:1
25019,Massachusetts,Nantucket,1602:1
25021,Massachusetts,Norfolk,811:1
25023,Massachusetts,Plymouth,1356:1
25025,Massachusetts,Suffolk,408:1
25027,Massachusetts,Worcester,1290:1
26000,Michigan,,1246:1
26001,Michigan,Alcona,10417:1
26003,Michigan,Alger,2202:1
26005,Michigan,Allegan,2886:1
26007,Michigan,Alpena,1030:1
26009,Michigan,Antrim,3031:1
26011,Michigan,Arenac,1886:1
26013,Michigan,Baraga,1380:1
26015,Michigan,Barry,4237:1
26017,Michigan,Bay,1428:1
26019,Michigan,Benzie,1663:1
26021,Michigan,Berrien,1778:1
26023,Michigan,Branch,2121:1
26025,Michigan,Calhoun,1388:1
26027,Michigan,Cass,3427:1
26029,Michigan,Charlevoix,730:1
26031,Michigan,Cheboygan,2594:1
26033,Michigan,Chippewa,1650:1
26035,Michigan,Clare,3484:1
26037,Michigan,Clinton,3190:1
26039,Michigan,Crawford,2698:1
26041,Michigan,Delta,1531:1
26043,Michigan,Dickinson,924:1
26045,Michigan,Eaton,1434:1
26047,Michigan,Emmet,854:1
26049,Michigan,Genesee,1301:1
26051,Michigan,Gladwin,4288:1
26053,Michigan,Gogebic,2046:1
26055,Michigan,Grand Traverse,946:1
26057,Michigan,Gratiot,2418:1
26059,Michigan,Hillsdale,2692:1
26061,Michigan,Houghton,1372:1
26063,Michigan,Huron,1838:1
26065,Michigan,Ingham,1241:1
26067,Michigan,Ionia,2386:1
26069,Michigan,Iosco,1595:1
26071,Michigan,Iron,2906:1
26073,Michigan,Isabella,1371:1
26075,Michigan,Jackson,1468:1
26077,Michigan,Kalamazoo,1312:1
26079,Michigan,Kalkaska,2597:1
26081,Michigan,Kent,1255:1
26083,Michigan,Keweenaw,2180:0
26085,Michigan,Lake,1145:1
26087,Michigan,Lapeer,1850:1
26089,Michigan,Leelanau,2287:1
26091,Michigan,Lenawee,2053:1
26093,Michigan,Livingston,1595:1
26095,Michigan,Luce,1777:1
26097,Michigan,Mackinac,1216:1
26099,Michigan,Macomb,1066:1
26101,Michigan,Manistee,1405:1
26103,Michigan,Marquette,1111:1
26105,Michigan,Mason,1634:1
26107,Michigan,Mecosta,2262:1
26109,Michigan,Menominee,1939:1
26111,Michigan,Midland,1328:1
26113,Michigan,Missaukee,5071:1
26115,Michigan,Monroe,2161:1
26117,Michigan,Montcalm,2175:1
26119,Michigan,Montmorency,2392:1
26121,Michigan,Muskegon,1401:1
26123,Michigan,Newaygo,1755:1
26125,Michigan,Oakland,890:1
26127,Michigan,Oceana,3372:1
26129,Michigan,Ogemaw,2330:1
26131,Michigan,Ontonagon,1954:1
26133,Michigan,Osceola,5819:1
26135,Michigan,Oscoda,4202:1
26137,Michigan,Otsego,1425:1
26139,Michigan,Ottawa,1626:1
26141,Michigan,Presque Isle,4454:1
26143,Michigan,Roscommon,2371:1
26145,Michigan,Saginaw,1239:1
26147,Michigan,St. Clair,1586:1
26149,Michigan,St. Joseph,3044:1
26151,Michigan,Sanilac,2904:1
26153,Michigan,Schoolcraft,1365:1
26155,Michigan,Shiawassee,2267:1
26157,Michigan,Tuscola,2787:1
26159,Michigan,Van Buren,2911:1
26161,Michigan,Washtenaw,484:1
26163,Michigan,Wayne,1299:1
26165,Michigan,Wexford,1368:1
27000,Minnesota,,1287:1
27001,Minnesota,Aitkin,3225:1
27003,Minnesota,Anoka,1524:1
27005,Minnesota,Becker,1415:1
27007,Minnesota,Beltrami,1265:1
27009,Minnesota,Benton,2962:1
27011,Minnesota,Big Stone,2572:1
27013,Minnesota,Blue Earth,1071:1
27015,Minnesota,Brown,1608:1
27017,Minnesota,Carlton,1530:1
27019,Minnesota,Carver,1930:1
27021,Minnesota,Cass,1489:1
27023,Minnesota,Chippewa,2047:1
27025,Minnesota,Chisago,2320:1
27027,Minnesota,Clay,2060:1
27029,Minnesota,Clearwater,2883:1
27031,Minnesota,Cook,1903:1
27033,Minnesota,Cottonwood,1893:1
27035,Minnesota,Crow Wing,1213:1
27037,Minnesota,Dakota,1348:1
27039,Minnesota,Dodge,5245:1
27041,Minnesota,Douglas,1322:1
27043,Minnesota,Faribault,2785:1
27045,Minnesota,Fillmore,1785:1
27047,Minnesota,Freeborn,2363:1
27049,Minnesota,Goodhue,2001:1
27051,Minnesota,Grant,3068:1
27053,Minnesota,Hennepin,946:1
27055,Minnesota,Houston,1880:1
27057,Minnesota,Hubbard,3660:1
27059,Minnesota,Isanti,2249:1
27061,Minnesota,Itasca,1256:1
27063,Minnesota,Jackson,2473:1
27065,Minnesota,Kanabec,2058:1
27067,Minnesota,Kandiyohi,1253:1
27069,Minnesota,Kittson,2030:1
27071,Minnesota,Koochiching,2961:1
27073,Minnesota,Lac qui Parle,2230:1
27075,Minnesota,Lake,2188:1
27077,Minnesota,Lake of the Woods,3871:1
27079,Minnesota,Le Sueur,3239:1
27081,Minnesota,Lincoln,1860:1
27083,Minnesota,Lyon,1804:1
27085,Minnesota,McLeod,1266:1
27087,Minnesota,Mahnomen,
27089,Minnesota,Marshall,4431:1
27091,Minnesota,Martin,1310:1
27093,Minnesota,Meeker,2350:1
27095,Minnesota,Mille Lacs,1949:1
27097,Minnesota,Morrison,2634:1
27099,Minnesota,Mower,1825:1
27101,Minnesota,Murray,4030:1
27103,Minnesota,Nicollet,1276:1
27105,Minnesota,Nobles,1372:1
27107,Minnesota,Norman,1594:1
27109,Minnesota,Olmsted,752:1
27111,Minnesota,Otter Tail,1441:1
27113,Minnesota,Pennington,1731:1
27115,Minnesota,Pine,2677:1
27117,Minnesota,Pipestone,2339:1
27119,Minnesota,Polk,2195:1
27121,Minnesota,Pope,3810:1
27123,Minnesota,Ramsey,1046:1
27125,Minnesota,Red Lake,3874:0
27127,Minnesota,Redwood,2560:1
27129,Minnesota,Renville,1614:1
27131,Minnesota,Rice,1736:1
27133,Minnesota,Rock,3179:1
27135,Minnesota,Roseau,1699:1
27137,Minnesota,St. Louis,1023:1
27139,Minnesota,Scott,2146:1
27141,Minnesota,Sherburne,2459:1
27143,Minnesota,Sibley,2991:1
27145,Minnesota,Stearns,1224:1
27147,Minnesota,Steele,1169:1
27149,Minnesota,Stevens,1071:1
27151,Minnesota,Swift,2439:1
27153,Minnesota,Todd,2128:1
27155,Minnesota,Traverse,1638:1
27157,Minnesota,Wabasha,1274:1
27159,Minnesota,Wadena,1301:1
27161,Minnesota,Waseca,1718:1
27163,Minnesota,Washington,1295:1
27165,Minnesota,Watonwan,1846:1
27167,Minnesota,Wilkin,3175:1
27169,Minnesota,Winona,1499:1
27171,Minnesota,Wright,2509:1
27173,Minnesota,Yellow Medicine,2372:1
28000,Mississippi,,1939:1
28001,Mississippi,Adams,1894:1
28003,Mississippi,Alcorn,1710:1
28005,Mississippi,Amite,4206:1
28007,Mississippi,Attala,2918:1
28009,Mississippi,Benton,3775:1
28011,Mississippi,Bolivar,2259:1
28013,Mississippi,Calhoun,4260:1
28015,Mississippi,Carroll,4866:1
28017,Mississippi,Chickasaw,2402:1
28019,Mississippi,Choctaw,2679:1
28021,Mississippi,Claiborne,2935:1
28023,Mississippi,Clarke,7636:1
28025,Mississippi,Clay,4595:1
28027,Mississippi,Coahoma,2020:1
28029,Mississippi,Copiah,2310:1
28031,Mississippi,Covington,3016:1
28033,Mississippi,DeSoto,2591:1
28035,Mississippi,Forrest,2297:1
28037,Mississippi,Franklin,7642:1
28039,Mississippi,George,3151:1
28041,Mississippi,Greene,6776:1
28043,Mississippi,Grenada,2109:1
28045,Mississippi,Hancock,3841:1
28047,Mississippi,Harrison,1379:1
28049,Mississippi,Hinds,951:1
28051,Mississippi,Holmes,2303:1
28053,Mississippi,Humphreys,3667:1
28055,Mississippi,Issaquena,1273:0
28057,Mississippi,Itawamba,5976:1
28059,Mississippi,Jackson,2377:1
28061,Mississippi,Jasper,3233:1
28063,Mississippi,Jefferson,
28065,Mississippi,Jefferson Davis,2772:1
28067,Mississippi,Jones,1752:1
28069,Mississippi,Kemper,4327:1
28071,Mississippi,Lafayette,1987:1
28073,Mississippi,Lamar,914:1
28075,Mississippi,Lauderdale,1364:1
28077,Mississippi,Lawrence,5857:1
28079,Mississippi,Leake,3523:1
28081,Mississippi,Lee,1338:1
28083,Mississippi,Leflore,2044:1
28085,Mississippi,Lincoln,2314:1
28087,Mississippi,Lowndes,1746:1
28089,Mississippi,Madison,1292:1
28091,Mississippi,Marion,4810:1
28093,Mississippi,Marshall,6822:1
28095,Mississippi,Monroe,2099:1
28097,Mississippi,Montgomery,3177:1
28099,Mississippi,Neshoba,1687:1
28101,Mississippi,Newton,4206:1
28103,Mississippi,Noxubee,2498:1
28105,Mississippi,Oktibbeha,2449:1
28107,Mississippi,Panola,2177:1
28109,Mississippi,Pearl River,4405:1
28111,Mississippi,Perry,11368:1
28113,Mississippi,Pike,1802:1
28115,Mississippi,Pontotoc,10463:1
28117,Mississippi,Prentiss,2479:1
28119,Mississippi,Quitman,5701:1
28121,Mississippi,Rankin,1514:1
28123,Mississippi,Scott,2309:1
28125,Mississippi,Sharkey,3488:0
28127,Mississippi,Simpson,2843:1
28129,Mississippi,Smith,2349:1
28131,Mississippi,Stone,4667:1
28133,Mississippi,Sunflower,2481:1
28135,Mississippi,Tallahatchie,4012:1
28137,Mississippi,Tate,2572:1
28139,Mississippi,Tippah,5358:1
28141,Mississippi,Tishomingo,18619:1
28143,Mississippi,Tunica,
28145,Mississippi,Union,2163:1
28147,Mississippi,Walthall,4587:1
28149,Mississippi,Warren,1580:1
28151,Mississippi,Washington,2362:1
28153,Mississippi,Wayne,6560:1
28155,Mississippi,Webster,3331:1
28157,Mississippi,Wilkinson,4072:1
28159,Mississippi,Winston,3509:1
28161,Mississippi,Yalobusha,6182:1
28163,Mississippi,Yazoo,3707:1
29000,Missouri,,1596:1
29001,Missouri,Adair,1144:1
29003,Missouri,Andrew,3601:1
29005,Missouri,Atchison,2591:1
29007,Missouri,Audrain,2036:1
29009,Missouri,Barry,3175:1
29011,Missouri,Barton,5847:1
29013,Missouri,Bates,4044:1
29015,Missouri,Benton,6741:1
29017,Missouri,Bollinger,3506:1
29019,Missouri,Boone,1341:1
29021,Missouri,Buchanan,1295:1
29023,Missouri,Butler,1361:1
29025,Missouri,Caldwell,4467:1
29027,Missouri,Callaway,3730:1
29029,Missouri,Camden,1621:1
29031,Missouri,Cape Girardeau,1405:1
29033,Missouri,Carroll,2808:1
29035,Missouri,Carter,2634:1
29037,Missouri,Cass,2453:1
29039,Missouri,Cedar,2920:1
29041,Missouri,Chariton,7386:1
29043,Missouri,Christian,3211:1
29045,Missouri,Clark,3362:1
29047,Missouri,Clay,1558:1
29049,Missouri,Clinton,2370:1
29051,Missouri,Cole,1509:1
29053,Missouri,Cooper,3354:1
29055,Missouri,Crawford,7553:1
29057,Missouri,Dade,7660:1
29059,Missouri,Dallas,3525:1
29061,Missouri,Daviess,4218:1
29063,Missouri,DeKalb,11336:1
29065,Missouri,Dent,4822:1
29067,Missouri,Douglas,3992:1
29069,Missouri,Dunklin,3915:1
29071,Missouri,Franklin,1858:1
29073,Missouri,Gasconade,4923:1
29075,Missouri,Gentry,2084:1
29077,Missouri,Greene,1307:1
29079,Missouri,Grundy,1968:1
29081,Missouri,Harrison,2733:1
29083,Missouri,Henry,1402:1
29085,Missouri,Hickory,8630:1
29087,Missouri,Holt,4262:1
29089,Missouri,Howard,3389:1
29091,Missouri,Howell,2539:1
29093,Missouri,Iron,4707:1
29095,Missouri,Jackson,1065:1
29097,Missouri,Jasper,1495:1
29099,Missouri,Jefferson,2364:1
29101,Missouri,Johnson,1942:1
29103,Missouri,Knox,1888:1
29105,Missouri,Laclede,3026:1
29107,Missouri,Lafayette,2996:1
29109,Missouri,Lawrence,2579:1
29111,Missouri,Lewis,9891:1
29113,Missouri,Lincoln,6316:1
29115,Missouri,Linn,3940:1
29117,Missouri,Livingston,1600:1
29119,Missouri,McDonald,4718:1
29121,Missouri,Macon,2508:1
29123,Missouri,Madison,4251:1
29125,Missouri,Maries,2810:1
29127,Missouri,Marion,1185:1
29129,Missouri,Mercer,3437:0
29131,Missouri,Miller,4234:1
29133,Missouri,Mississippi,3896:1
29135,Missouri,Moniteau,3044:1
29137,Missouri,Monroe,8652:1
29139,Missouri,Montgomery,5735:1
29141,Missouri,Morgan,5446:1
29143,Missouri,New Madrid,15695:1
29145,Missouri,Newton,4001:1
29147,Missouri,Nodaway,2584:1
29149,Missouri,Oregon,8732:1
29151,Missouri,Osage,4466:1
29153,Missouri,Ozark,1788:1
29155,Missouri,Pemiscot,14841:1
29157,Missouri,Perry,1886:1
29159,Missouri,Pettis,1806:1
29161,Missouri,Phelps,1333:1
29163,Missouri,Pike,2944:1
29165,Missouri,Platte,1650:1
29167,Missouri,Polk,2335:1
29169,Missouri,Pulaski,782:1
29171,Missouri,Putnam,2333:1
29173,Missouri,Ralls,10420:1
29175,Missouri,Randolph,2462:1
29177,Missouri,Ray,7702:1
29179,Missouri,Reynolds,2002:1
29181,Missouri,Ripley,
29183,Missouri,St. Charles,1533:1
29185,Missouri,St. Clair,3192:1
29186,Missouri,Ste. Genevieve,6215:1
29187,Missouri,St. Francois,2309:1
29189,Missouri,St. Louis,1119:1
29195,Missouri,Saline,2556:1
29197,Missouri,Schuyler,4002:1
29199,Missouri,Scotland,4643:1
29201,Missouri,Scott,1645:1
29203,Missouri,Shannon,
29205,Missouri,Shelby,2991:1
29207,Missouri,Stoddard,4054:1
29209,Missouri,Stone,6427:1
29211,Missouri,Sullivan,5840:1
29213,Missouri,Taney,2706:1
29215,Missouri,Texas,6334:1
29217,Missouri,Vernon,1638:1
29219,Missouri,Warren,4140:1
29221,Missouri,Washington,2605:1
29223,Missouri,Wayne,10792:1
29225,Missouri,Webster,4034:1
29227,Missouri,Worth,1955:1
29229,Missouri,Wright,2395:1
29510,Missouri,St. Louis City,1500:1
30000,Montana,,1350:1
30001,Montana,Beaverhead,2430:1
30003,Montana,Big Horn,1428:1
30005,Montana,Blaine,1156:1
30007,Montana,Broadwater,2598:1
30009,Montana,Carbon,1597:1
30011,Montana,Carter,1382:0
30013,Montana,Cascade,1048:1
30015,Montana,Chouteau,5898:1
30017,Montana,Custer,1719:1
30019,Montana,Daniels,543:1
30021,Montana,Dawson,1472:1
30023,Montana,Deer Lodge,1189:1
30025,Montana,Fallon,3011:1
30027,Montana,Fergus,1060:1
30029,Montana,Flathead,1434:1
30031,Montana,Gallatin,1435:1
30033,Montana,Garfield,1218:0
30035,Montana,Glacier,2280:1
30037,Montana,Golden Valley,835:0
30039,Montana,Granite,3502:0
30041,Montana,Hill,1148:1
30043,Montana,Jefferson,2138:1
30045,Montana,Judith Basin,2105:0
30047,Montana,Lake,1217:1
30049,Montana,Lewis and Clark,1154:1
30051,Montana,Liberty,986:1
30053,Montana,Lincoln,1435:1
30055,Montana,McCone,1709:0
30057,Montana,Madison,4633:1
30059,Montana,Meagher,2013:0
30061,Montana,Mineral,5058:1
30063,Montana,Missoula,1100:1
30065,Montana,Musselshell,
30067,Montana,Park,1617:1
30069,Montana,Petroleum,524:0
30071,Montana,Phillips,
30073,Montana,Pondera,
30075,Montana,Powder River,1725:0
30077,Montana,Powell,3526:1
30079,Montana,Prairie,1107:0
30081,Montana,Ravalli,2056:1
30083,Montana,Richland,2809:1
30085,Montana,Roosevelt,1510:1
30087,Montana,Rosebud,1618:1
30089,Montana,Sanders,3361:1
30091,Montana,Sheridan,3564:1
30093,Montana,Silver Bow,1093:1
30095,Montana,Stillwater,3059:1
30097,Montana,Sweet Grass,3715:1
30099,Montana,Teton,2123:1
30101,Montana,Toole,1271:1
30103,Montana,Treasure,758:0
30105,Montana,Valley,3757:1
30107,Montana,Wheatland,2032:0
30109,Montana,Wibaux,919:0
30111,Montana,Yellowstone,999:1
31000,Nebraska,,1217:1
31001,Nebraska,Adams,1475:1
31003,Nebraska,Antelope,3147:1
31005,Nebraska,Arthur,433:0
31007,Nebraska,Banner,660:0
31009,Nebraska,Blaine,453:0
31011,Nebraska,Boone,1795:1
31013,Nebraska,Box Butte,1525:1
31015,Nebraska,Boyd,1741:0
31017,Nebraska,Brown,957:1
31019,Nebraska,Buffalo,1176:1
31021,Nebraska,Burt,3378:1
31023,Nebraska,Butler,4214:1
31025,Nebraska,Cass,3875:1
31027,Nebraska,Cedar,2790:1
31029,Nebraska,Chase,3772:1
31031,Nebraska,Cherry,546:1
31033,Nebraska,Cheyenne,3170:1
31035,Nebraska,Clay,
31037,Nebraska,Colfax,5222:1
31039,Nebraska,Cuming,1488:1
31041,Nebraska,Custer,2095:1
31043,Nebraska,Dakota,3006:1
31045,Nebraska,Dawes,824:1
31047,Nebraska,Dawson,1706:1
31049,Nebraska,Deuel,951:1
31051,Nebraska,Dixon,2732:1
31053,Nebraska,Dodge,1156:1
31055,Nebraska,Douglas,985:1
31057,Nebraska,Dundy,795:1
31059,Nebraska,Fillmore,1851:1
31061,Nebraska,Franklin,2873:1
31063,Nebraska,Frontier,2633:0
31065,Nebraska,Furnas,2288:1
31067,Nebraska,Gage,1542:1
31069,Nebraska,Garden,1837:1
31071,Nebraska,Garfield,901:1
31073,Nebraska,Gosper,1808:0
31075,Nebraska,Grant,576:0
31077,Nebraska,Greeley,2227:0
31079,Nebraska,Hall,1109:1
31081,Nebraska,Hamilton,1886:1
31083,Nebraska,Harlan,3054:1
31085,Nebraska,Hayes,849:0
31087,Nebraska,Hitchcock,2598:0
31089,Nebraska,Holt,1004:1
31091,Nebraska,Hooker,686:1
31093,Nebraska,Howard,3258:1
31095,Nebraska,Jefferson,2385:1
31097,Nebraska,Johnson,5287:1
31099,Nebraska,Kearney,2230:1
31101,Nebraska,Keith,1654:1
31103,Nebraska,Keya Paha,787:0
31105,Nebraska,Kimball,3315:1
31107,Nebraska,Knox,1042:1
31109,Nebraska,Lancaster,936:1
31111,Nebraska,Lincoln,1248:1
31113,Nebraska,Logan,675:0
31115,Nebraska,Loup,599:0
31117,Nebraska,McPherson,372:0
31119,Nebraska,Madison,737:1
31121,Nebraska,Merrick,1544:1
31123,Nebraska,Morrill,2264:1
31125,Nebraska,Nance,1109:1
31127,Nebraska,Nemaha,2345:1
31129,Nebraska,Nuckolls,1347:1
31131,Nebraska,Otoe,1800:1
31133,Nebraska,Pawnee,843:1
31135,Nebraska,Perkins,2829:1
31137,Nebraska,Phelps,1498:1
31139,Nebraska,Pierce,2444:1
31141,Nebraska,Platte,1905:1
31143,Nebraska,Polk,2583:1
31145,Nebraska,Red Willow,1057:1
31147,Nebraska,Richardson,2568:1
31149,Nebraska,Rock,1245:0
31151,Nebraska,Saline,1765:1
31153,Nebraska,Sarpy,1384:1
31155,Nebraska,Saunders,3303:1
31157,Nebraska,Scotts Bluff,1618:1
31159,Nebraska,Seward,2212:1
31161,Nebraska,Sheridan,2498:1
31163,Nebraska,Sherman,2980:0
31165,Nebraska,Sioux,1127:0
31167,Nebraska,Stanton,
31169,Nebraska,Thayer,4885:1
31171,Nebraska,Thomas,671:0
31173,Nebraska,Thurston,1085:1
31175,Nebraska,Valley,1018:1
31177,Nebraska,Washington,3024:1
31179,Nebraska,Wayne,1974:1
31181,Nebraska,Webster,3336:0
31183,Nebraska,Wheeler,785:0
31185,Nebraska,York,1595:1
32000,Nevada,,1528:1
32001,Nevada,Churchill,1520:1
32003,Nevada,Clark,1495:1
32005,Nevada,Douglas,1341:1
32007,Nevada,Elko,2079:1
32009,Nevada,Esmeralda,744:0
32011,Nevada,Eureka,932:1
32013,Nevada,Humboldt,2467:1
32015,Nevada,Lander,5766:1
32017,Nevada,Lincoln,2241:1
32019,Nevada,Lyon,5132:1
32021,Nevada,Mineral,1508:1
32023,Nevada,Nye,5474:1
32027,Nevada,Pershing,2154:1
32029,Nevada,Storey,
32031,Nevada,Washoe,1419:1
32033,Nevada,White Pine,2929:1
32510,Nevada,Carson City,1097:1
33000,New Hampshire,,1302:1
33001,New Hampshire,Belknap,1507:1
33003,New Hampshire,Carroll,1491:1
33005,New Hampshire,Cheshire,1268:1
33007,New Hampshire,Coos,1370:1
33009,New Hampshire,Grafton,1199:1
33011,New Hampshire,Hillsborough,1205:1
33013,New Hampshire,Merrimack,1279:1
33015,New Hampshire,Rockingham,1309:1
33017,New Hampshire,Strafford,1364:1
33019,New Hampshire,Sullivan,2586:1
34000,New Jersey,,1157:1
34001,New Jersey,Atlantic,1671:1
34003,New Jersey,Bergen,750:1
34005,New Jersey,Burlington,1367:1
34007,New Jersey,Camden,1229:1
34009,New Jersey,Cape May,1678:1
34011,New Jersey,Cumberland,1560:1
34013,New Jersey,Essex,1088:1
34015,New Jersey,Gloucester,2238:1
34017,New Jersey,Hudson,1484:1
34019,New Jersey,Hunterdon,1191:1
34021,New Jersey,Mercer,1182:1
34023,New Jersey,Middlesex,1123:1
34025,New Jersey,Monmouth,960:1
34027,New Jersey,Morris,881:1
34029,New Jersey,Ocean,1681:1
34031,New Jersey,Passaic,1397:1
34033,New Jersey,Salem,3256:1
34035,New Jersey,Somerset,1017:1
34037,New Jersey,Sussex,1432:1
34039,New Jersey,Union,1124:1
34041,New Jersey,Warren,1404:1
35000,New Mexico,,1436:1
35001,New Mexico,Bernalillo,1136:1
35003,New Mexico,Catron,3827:1
35005,New Mexico,Chaves,1775:1
35006,New Mexico,Cibola,1497:1
35007,New Mexico,Colfax,2449:1
35009,New Mexico,Curry,1219:1
35011,New Mexico,De Baca,847:1
35013,New Mexico,Dona Ana,1667:1
35015,New Mexico,Eddy,3020:1
35017,New Mexico,Grant,1730:1
35019,New Mexico,Guadalupe,2155:1
35021,New Mexico,Harding,628:0
35023,New Mexico,Hidalgo,801:1
35025,New Mexico,Lea,2898:1
35027,New Mexico,Lincoln,2268:1
35028,New Mexico,Los Alamos,1010:1
35029,New Mexico,Luna,2575:1
35031,New Mexico,McKinley,1369:1
35033,New Mexico,Mora,1390:1
35035,New Mexico,Otero,1966:1
35037,New Mexico,Quay,2849:1
35039,New Mexico,Rio Arriba,1335:1
35041,New Mexico,Roosevelt,2705:1
35043,New Mexico,Sandoval,2326:1
35045,New Mexico,San Juan,933:1
35047,New Mexico,San Miguel,1925:1
35049,New Mexico,Santa Fe,1120:1
35051,New Mexico,Sierra,1430:1
35053,New Mexico,Socorro,2014:1
35055,New Mexico,Taos,2034:1
35057,New Mexico,Torrance,5151:1
35059,New Mexico,Union,3980:0
35061,New Mexico,Valencia,3003:1
36000,New York,,1205:1
36001,New York,Albany,1124:1
36003,New York,Allegany,3113:1
36005,New York,Bronx,1870:1
36007,New York,Broome,1449:1
36009,New York,Cattaraugus,2184:1
36011,New York,Cayuga,2344:1
36013,New York,Chautauqua,1826:1
36015,New York,Chemung,1536:1
36017,New York,Chenango,3097:1
36019,New York,Clinton,1544:1
36021,New York,Columbia,2786:1
36023,New York,Cortland,2883:1
36025,New York,Delaware,4971:1
36027,New York,Dutchess,1397:1
36029,New York,Erie,1211:1
36031,New York,Essex,3691:1
36033,New York,Franklin,1784:1
36035,New York,Fulton,4051:1
36037,New York,Genesee,2615:1
36039,New York,Greene,2827:1
36041,New York,Hamilton,
36043,New York,Herkimer,2493:1
36045,New York,Jefferson,1070:1
36047,New York,Kings,1539:1
36049,New York,Lewis,5340:1
36051,New York,Livingston,1984:1
36053,New York,Madison,2796:1
36055,New York,Monroe,1175:1
36057,New York,Montgomery,1654:1
36059,New York,Nassau,824:1
36061,New York,New York,534:1
36063,New York,Niagara,2067:1
36065,New York,Oneida,1831:1
36067,New York,Onondaga,1312:1
36069,New York,Ontario,1657:1
36071,New York,Orange,1503:1
36073,New York,Orleans,4369:1
36075,New York,Oswego,2151:1
36077,New York,Otsego,2246:1
36079,New York,Putnam,1607:1
36081,New York,Queens,1343:1
36083,New York,Rensselaer,2422:1
36085,New York,Richmond,1589:1
36087,New York,Rockland,1063:1
36089,New York,St. Lawrence,2505:1
36091,New York,Saratoga,1465:1
36093,New York,Schenectady,1251:1
36095,New York,Schoharie,3006:1
36097,New York,Schuyler,3530:1
36099,New York,Seneca,3288:1
36101,New York,Steuben,2806:1
36103,New York,Suffolk,1234:1
36105,New York,Sullivan,2414:1
36107,New York,Tioga,5972:1
36109,New York,Tompkins,1663:1
36111,New York,Ulster,1470:1
36113,New York,Warren,1131:1
36115,New York,Washington,4680:1
36117,New York,Wayne,2025:1
36119,New York,Westchester,905:1
36121,New York,Wyoming,2088:1
36123,New York,Yates,2223:1
37000,North Carolina,,1634:1
37001,North Carolina,Alamance,1781:1
37003,North Carolina,Alexander,4564:1
37005,North Carolina,Alleghany,11185:1
37007,North Carolina,Anson,4440:1
37009,North Carolina,Ashe,2465:1
37011,North Carolina,Avery,2196:1
37013,North Carolina,Beaufort,2604:1
37015,North Carolina,Bertie,8620:1
37017,North Carolina,Bladen,2265:1
37019,North Carolina,Brunswick,2392:1
37021,North Carolina,Buncombe,1278:1
37023,North Carolina,Burke,2044:1
37025,North Carolina,Cabarrus,1933:1
37027,North Carolina,Caldwell,2981:1
37029,North Carolina,Camden,
37031,North Carolina,Carteret,1196:1
37033,North Carolina,Caswell,4523:1
37035,North Carolina,Catawba,1618:1
37037,North Carolina,Chatham,1997:1
37039,North Carolina,Cherokee,2459:1
37041,North Carolina,Chowan,2788:1
37043,North Carolina,Clay,1452:1
37045,North Carolina,Cleveland,2397:1
37047,North Carolina,Columbus,3563:1
37049,North Carolina,Craven,1627:1
37051,North Carolina,Cumberland,895:1
37053,North Carolina,Currituck,6203:1
37055,North Carolina,Dare,1518:1
37057,North Carolina,Davidson,4542:1
37059,North Carolina,Davie,2449:1
37061,North Carolina,Duplin,3499:1
37063,North Carolina,Durham,1325:1
37065,North Carolina,Edgecombe,3450:1
37067,North Carolina,Forsyth,1526:1
37069,North Carolina,Franklin,9317:1
37071,North Carolina,Gaston,1816:1
37073,North Carolina,Gates,10383:1
37075,North Carolina,Graham,3990:1
37077,North Carolina,Granville,3439:1
37079,North Carolina,Greene,2887:1
37081,North Carolina,Guilford,1640:1
37083,North Carolina,Halifax,3190:1
37085,North Carolina,Harnett,1955:1
37087,North Carolina,Haywood,2236:1
37089,North Carolina,Henderson,1596:1
37091,North Carolina,Hertford,2319:1
37093,North Carolina,Hoke,8965:1
37095,North Carolina,Hyde,
37097,North Carolina,Iredell,1749:1
37099,North Carolina,Jackson,2261:1
37101,North Carolina,Johnston,3849:1
37103,North Carolina,Jones,
37105,North Carolina,Lee,1871:1
37107,North Carolina,Lenoir,1762:1
37109,North Carolina,Lincoln,2165:1
37111,North Carolina,McDowell,2238:1
37113,North Carolina,Macon,1655:1
37115,North Carolina,Madison,4354:1
37117,North Carolina,Martin,4302:1
37119,North Carolina,Mecklenburg,1390:1
37121,North Carolina,Mitchell,1509:1
37123,North Carolina,Montgomery,3699:1
37125,North Carolina,Moore,1702:1
37127,North Carolina,Nash,1624:1
37129,North Carolina,New Hanover,1205:1
37131,North Carolina,Northampton,5593:1
37133,North Carolina,Onslow,951:1
37135,North Carolina,Orange,429:1
37137,North Carolina,Pamlico,3095:1
37139,North Carolina,Pasquotank,2155:1
37141,North Carolina,Pender,2739:1
37143,North Carolina,Perquimans,13210:1
37145,North Carolina,Person,2317:1
37147,North Carolina,Pitt,895:1
37149,North Carolina,Polk,2855:1
37151,North Carolina,Randolph,2608:1
37153,North Carolina,Richmond,3565:1
37155,North Carolina,Robeson,3153:1
37157,North Carolina,Rockingham,2627:1
37159,North Carolina,Rowan,2050:1
37161,North Carolina,Rutherford,3821:1
37163,North Carolina,Sampson,2956:1
37165,North Carolina,Scotland,3106:1
37167,North Carolina,Stanly,2673:1
37169,North Carolina,Stokes,6454:1
37171,North Carolina,Surry,2462:1
37173,North Carolina,Swain,1164:1
37175,North Carolina,Transylvania,2085:1
37177,North Carolina,Tyrrell,3365:0
37179,North Carolina,Union,3153:1
37181,North Carolina,Vance,1686:1
37183,North Carolina,Wake,1344:1
37185,North Carolina,Warren,4678:1
37187,North Carolina,Washington,5414:1
37189,North Carolina,Watauga,1312:1
37191,North Carolina,Wayne,1676:1
37193,North Carolina,Wilkes,2436:1
37195,North Carolina,Wilson,2241:1
37197,North Carolina,Yadkin,4683:1
37199,North Carolina,Yancey,3135:1
38000,North Dakota,,1425:1
38001,North Dakota,Adams,1058:1
38003,North Dakota,Barnes,1537:1
38005,North Dakota,Benson,2885:1
38007,North Dakota,Billings,1018:0
38009,North Dakota,Bottineau,3188:1
38011,North Dakota,Bowman,482:1
38013,North Dakota,Burke,2155:0
38015,North Dakota,Burleigh,1091:1
38017,North Dakota,Cass,1235:1
38019,North Dakota,Cavalier,3597:0
38021,North Dakota,Dickey,1641:1
38023,North Dakota,Divide,2187:0
38025,North Dakota,Dunn,
38027,North Dakota,Eddy,771:1
38029,North Dakota,Emmons,3250:1
38031,North Dakota,Foster,845:1
38033,North Dakota,Golden Valley,1744:0
38035,North Dakota,Grand Forks,1168:1
38037,North Dakota,Grant,2243:1
38039,North Dakota,Griggs,2252:1
38041,North Dakota,Hettinger,2406:1
38043,North Dakota,Kidder,2393:0
38045,North Dakota,LaMoure,
38047,North Dakota,Logan,1855:0
38049,North Dakota,McHenry,
38051,North Dakota,McIntosh,2475:0
38053,North Dakota,McKenzie,3477:1
38055,North Dakota,McLean,3275:1
38057,North Dakota,Mercer,1190:1
38059,North Dakota,Morton,3746:1
38061,North Dakota,Mountrail,1548:1
38063,North Dakota,Nelson,2995:0
38065,North Dakota,Oliver,1856:0
38067,North Dakota,Pembina,1691:1
38069,North Dakota,Pierce,788:1
38071,North Dakota,Ramsey,1047:1
38073,North Dakota,Ransom,1410:1
38075,North Dakota,Renville,2220:1
38077,North Dakota,Richland,1507:1
38079,North Dakota,Rolette,1085:1
38081,North Dakota,Sargent,3795:0
38083,North Dakota,Sheridan,1295:0
38085,North Dakota,Sioux,1856:1
38087,North Dakota,Slope,672:0
38089,North Dakota,Stark,2050:1
38091,North Dakota,Steele,1788:0
38093,North Dakota,Stutsman,1343:1
38095,North Dakota,Towner,2064:0
38097,North Dakota,Traill,3979:1
38099,North Dakota,Walsh,1491:1
38101,North Dakota,Ward,1187:1
38103,North Dakota,Wells,983:1
38105,North Dakota,Williams,1588:1
39000,Ohio,,1535:1
39001,Ohio,Adams,2493:1
39003,Ohio,Allen,1605:1
39005,Ohio,Ashland,2372:1
39007,Ohio,Ashtabula,2853:1
39009,Ohio,Athens,4213:1
39011,Ohio,Auglaize,3063:1
39013,Ohio,Belmont,2113:1
39015,Ohio,Brown,6240:1
39017,Ohio,Butler,1913:1
39019,Ohio,Carroll,2962:1
39021,Ohio,Champaign,2978:1
39023,Ohio,Clark,1665:1
39025,Ohio,Clermont,2219:1
39027,Ohio,Clinton,3497:1
39029,Ohio,Columbiana,3723:1
39031,Ohio,Coshocton,3048:1
39033,Ohio,Crawford,1805:1
39035,Ohio,Cuyahoga,887:1
39037,Ohio,Darke,2342:1
39039,Ohio,Defiance,2546:1
39041,Ohio,Delaware,1582:1
39043,Ohio,Erie,1620:1
39045,Ohio,Fairfield,2011:1
39047,Ohio,Fayette,1923:1
39049,Ohio,Franklin,1042:1
39051,Ohio,Fulton,2220:1
39053,Ohio,Gallia,2422:1
39055,Ohio,Geauga,2170:1
39057,Ohio,Greene,1087:1
39059,Ohio,Guernsey,1905:1
39061,Ohio,Hamilton,1314:1
39063,Ohio,Hancock,2079:1
39065,Ohio,Hardin,6083:1
39067,Ohio,Harrison,7189:1
39069,Ohio,Henry,1834:1
39071,Ohio,Highland,2066:1
39073,Ohio,Hocking,4643:1
39075,Ohio,Holmes,2774:1
39077,Ohio,Huron,2531:1
39079,Ohio,Jackson,3259:1
39081,Ohio,Jefferson,2075:1
39083,Ohio,Knox,2038:1
39085,Ohio,Lake,1486:1
39087,Ohio,Lawrence,2982:1
39089,Ohio,Licking,2628:1
39091,Ohio,Logan,2708:1
39093,Ohio,Lorain,2040:1
39095,Ohio,Lucas,1333:1
39097,Ohio,Madison,3349:1
39099,Ohio,Mahoning,1351:1
39101,Ohio,Marion,1701:1
39103,Ohio,Medina,1799:1
39105,Ohio,Meigs,4394:1
39107,Ohio,Mercer,2823:1
39109,Ohio,Miami,2042:1
39111,Ohio,Monroe,6617:1
39113,Ohio,Montgomery,1739:1
39115,Ohio,Morgan,4556:1
39117,Ohio,Morrow,7068:1
39119,Ohio,Muskingum,1625:1
39121,Ohio,Noble,4778:1
39123,Ohio,Ottawa,2352:1
39125,Ohio,Paulding,6252:1
39127,Ohio,Perry,2957:1
39129,Ohio,Pickaway,2401:1
39131,Ohio,Pike,2250:1
39133,Ohio,Portage,1903:1
39135,Ohio,Preble,6766:1
39137,Ohio,Putnam,3815:1
39139,Ohio,Richland,1586:1
39141,Ohio,Ross,1741:1
39143,Ohio,Sandusky,1833:1
39145,Ohio,Scioto,2777:1
39147,Ohio,Seneca,2483:1
39149,Ohio,Shelby,3405:1
39151,Ohio,Stark,1579:1
39153,Ohio,Summit,1484:1
39155,Ohio,Trumbull,2047:1
39157,Ohio,Tuscarawas,2485:1
39159,Ohio,Union,2909:1
39161,Ohio,Van Wert,2397:1
39163,Ohio,Vinton,4188:1
39165,Ohio,Warren,2313:1
39167,Ohio,Washington,1636:1
39169,Ohio,Wayne,2045:1
39171,Ohio,Williams,1833:1
39173,Ohio,Wood,3060:1
39175,Ohio,Wyandot,3595:1
40000,Oklahoma,,1561:1
40001,Oklahoma,Adair,3915:1
40003,Oklahoma,Alfalfa,1879:1
40005,Oklahoma,Atoka,4754:1
40007,Oklahoma,Beaver,5016:1
40009,Oklahoma,Beckham,2001:1
40011,Oklahoma,Blaine,1682:1
40013,Oklahoma,Bryan,3212:1
40015,Oklahoma,Caddo,4366:1
40017,Oklahoma,Canadian,2416:1
40019,Oklahoma,Carter,1386:1
40021,Oklahoma,Cherokee,1718:1
40023,Oklahoma,Choctaw,3590:1
40025,Oklahoma,Cimarron,2252:1
40027,Oklahoma,Cleveland,2171:1
40029,Oklahoma,Coal,5313:1
40031,Oklahoma,Comanche,820:1
40033,Oklahoma,Cotton,
40035,Oklahoma,Craig,1569:1
40037,Oklahoma,Creek,2693:1
40039,Oklahoma,Custer,1743:1
40041,Oklahoma,Delaware,2180:1
40043,Oklahoma,Dewey,4401:1
40045,Oklahoma,Ellis,914:1
40047,Oklahoma,Garfield,1629:1
40049,Oklahoma,Garvin,2857:1
40051,Oklahoma,Grady,3148:1
40053,Oklahoma,Grant,
40055,Oklahoma,Greer,792:1
40057,Oklahoma,Harmon,2428:1
40059,Oklahoma,Harper,3129:1
40061,Oklahoma,Haskell,3880:1
40063,Oklahoma,Hughes,3352:1
40065,Oklahoma,Jackson,2232:1
40067,Oklahoma,Jefferson,
40069,Oklahoma,Johnston,1156:1
40071,Oklahoma,Kay,1456:1
40073,Oklahoma,Kingfisher,1390:1
40075,Oklahoma,Kiowa,2782:1
40077,Oklahoma,Latimer,4815:1
40079,Oklahoma,Le Flore,3493:1
40081,Oklahoma,Lincoln,3419:1
40083,Oklahoma,Logan,7419:1
40085,Oklahoma,Love,10218:1
40087,Oklahoma,McClain,2832:1
40089,Oklahoma,McCurtain,2578:1
40091,Oklahoma,McIntosh,1945:1
40093,Oklahoma,Major,7502:1
40095,Oklahoma,Marshall,7941:1
40097,Oklahoma,Mayes,2639:1
40099,Oklahoma,Murray,2279:1
40101,Oklahoma,Muskogee,1580:1
40103,Oklahoma,Noble,2724:1
40105,Oklahoma,Nowata,9483:1
40107,Oklahoma,Okfuskee,11134:1
40109,Oklahoma,Oklahoma,916:1
40111,Oklahoma,Okmulgee,1608:1
40113,Oklahoma,Osage,3526:1
40115,Oklahoma,Ottawa,6068:1
40117,Oklahoma,Pawnee,1212:1
40119,Oklahoma,Payne,1690:1
40121,Oklahoma,Pittsburg,1817:1
40123,Oklahoma,Pontotoc,1271:1
40125,Oklahoma,Pottawatomie,1565:1
40127,Oklahoma,Pushmataha,2154:1
40129,Oklahoma,Roger Mills,3320:1
40131,Oklahoma,Rogers,2246:1
40133,Oklahoma,Seminole,2123:1
40135,Oklahoma,Sequoyah,2479:1
40137,Oklahoma,Stephens,1748:1
40139,Oklahoma,Texas,2928:1
40141,Oklahoma,Tillman,6977:1
40143,Oklahoma,Tulsa,1402:1
40145,Oklahoma,Wagoner,5776:1
40147,Oklahoma,Washington,1775:1
40149,Oklahoma,Washita,10732:1
40151,Oklahoma,Woods,2147:1
40153,Oklahoma,Woodward,1817:1
41000,Oregon,,1177:1
41001,Oregon,Baker,2117:1
41003,Oregon,Benton,1479:1
41005,Oregon,Clackamas,1131:1
41007,Oregon,Clatsop,1390:1
41009,Oregon,Columbia,1624:1
41011,Oregon,Coos,1121:1
41013,Oregon,Crook,2198:1
41015,Oregon,Curry,1573:1
41017,Oregon,Deschutes,1116:1
41019,Oregon,Douglas,1262:1
41021,Oregon,Gilliam,2018:0
41023,Oregon,Grant,1444:1
41025,Oregon,Harney,1503:1
41027,Oregon,Hood River,752:1
41029,Oregon,Jackson,1173:1
41031,Oregon,Jefferson,1948:1
41033,Oregon,Josephine,1170:1
41035,Oregon,Klamath,1132:1
41037,Oregon,Lake,2795:1
41039,Oregon,Lane,1318:1
41041,Oregon,Lincoln,1495:1
41043,Oregon,Linn,1631:1
41045,Oregon,Malheur,1275:1
41047,Oregon,Marion,1160:1
41049,Oregon,Morrow,3075:1
41051,Oregon,Multnomah,968:1
41053,Oregon,Polk,2489:1
41055,Oregon,Sherman,1955:0
41057,Oregon,Tillamook,1532:1
41059,Oregon,Umatilla,1707:1
41061,Oregon,Union,1540:1
41063,Oregon,Wallowa,1532:1
41065,Oregon,Wasco,1207:1
41067,Oregon,Washington,1031:1
41069,Oregon,Wheeler,482:1
41071,Oregon,Yamhill,1691:1
42000,Pennsylvania,,1400:1
42001,Pennsylvania,Adams,3029:1
42003,Pennsylvania,Allegheny,1022:1
42005,Pennsylvania,Armstrong,3237:1
42007,Pennsylvania,Beaver,1972:1
42009,Pennsylvania,Bedford,2155:1
42011,Pennsylvania,Berks,1786:1
42013,Pennsylvania,Blair,1552:1
42015,Pennsylvania,Bradford,1814:1
42017,Pennsylvania,Bucks,1142:1
42019,Pennsylvania,Butler,1399:1
42021,Pennsylvania,Cambria,1685:1
42023,Pennsylvania,Cameron,1105:1
42025,Pennsylvania,Carbon,2424:1
42027,Pennsylvania,Centre,1703:1
42029,Pennsylvania,Chester,1433:1
42031,Pennsylvania,Clarion,2334:1
42033,Pennsylvania,Clearfield,2226:1
42035,Pennsylvania,Clinton,2371:1
42037,Pennsylvania,Columbia,2094:1
42039,Pennsylvania,Crawford,2234:1
42041,Pennsylvania,Cumberland,1436:1
42043,Pennsylvania,Dauphin,1350:1
42045,Pennsylvania,Delaware,1186:1
42047,Pennsylvania,Elk,3048:1
42049,Pennsylvania,Erie,1431:1
42051,Pennsylvania,Fayette,1497:1
42053,Pennsylvania,Forest,
42055,Pennsylvania,Franklin,2149:1
42057,Pennsylvania,Fulton,3633:1
42059,Pennsylvania,Greene,2666:1
42061,Pennsylvania,Huntingdon,3329:1
42063,Pennsylvania,Indiana,2304:1
42065,Pennsylvania,Jefferson,2433:1
42067,Pennsylvania,Juniata,5835:1
42069,Pennsylvania,Lackawanna,1239:1
42071,Pennsylvania,Lancaster,1692:1
42073,Pennsylvania,Lawrence,1697:1
42075,Pennsylvania,Lebanon,1846:1
42077,Pennsylvania,Lehigh,1137:1
42079,Pennsylvania,Luzerne,1532:1
42081,Pennsylvania,Lycoming,1950:1
42083,Pennsylvania,McKean,2098:1
42085,Pennsylvania,Mercer,1734:1
42087,Pennsylvania,Mifflin,2874:1
42089,Pennsylvania,Monroe,2697:1
42091,Pennsylvania,Montgomery,934:1
42093,Pennsylvania,Montour,646:1
42095,Pennsylvania,Northampton,1694:1
42097,Pennsylvania,Northumberland,2372:1
42099,Pennsylvania,Perry,4611:1
42101,Pennsylvania,Philadelphia,1216:1
42103,Pennsylvania,Pike,6729:1
42105,Pennsylvania,Potter,2317:1
42107,Pennsylvania,Schuylkill,2016:1
42109,Pennsylvania,Snyder,1888:1
42111,Pennsylvania,Somerset,2345:1
42113,Pennsylvania,Sullivan,5855:1
42115,Pennsylvania,Susquehanna,4759:1
42117,Pennsylvania,Tioga,1787:1
42119,Pennsylvania,Union,1527:1
42121,Pennsylvania,Venango,2620:1
42123,Pennsylvania,Warren,2100:1
42125,Pennsylvania,Washington,1514:1
42127,Pennsylvania,Wayne,1706:1
42129,Pennsylvania,Westmoreland,1437:1
42131,Pennsylvania,Wyoming,2168:1
42133,Pennsylvania,York,1794:1
44000,Rhode Island,,1574:1
44001,Rhode Island,Bristol,2651:1
44003,Rhode Island,Kent,1278:1
44005,Rhode Island,Newport,1030:1
44007,Rhode Island,Providence,1721:1
44009,Rhode Island,Washington,1671:1
45000,South Carolina,,1682:1
45001,South Carolina,Abbeville,12178:1
45003,South Carolina,Aiken,2322:1
45005,South Carolina,Allendale,3790:1
45007,South Carolina,Anderson,2329:1
45009,South Carolina,Bamberg,1844:1
45011,South Carolina,Barnwell,3402:1
45013,South Carolina,Beaufort,811:1
45015,South Carolina,Berkeley,3312:1
45017,South Carolina,Calhoun,2836:1
45019,South Carolina,Charleston,868:1
45021,South Carolina,Cherokee,3741:1
45023,South Carolina,Chester,6386:1
45025,South Carolina,Chesterfield,3360:1
45027,South Carolina,Clarendon,3864:1
45029,South Carolina,Colleton,2757:1
45031,South Carolina,Darlington,3284:1
45033,South Carolina,Dillon,3467:1
45035,South Carolina,Dorchester,1308:1
45037,South Carolina,Edgefield,3847:1
45039,South Carolina,Fairfield,4091:1
45041,South Carolina,Florence,1688:1
45043,South Carolina,Georgetown,1904:1
45045,South Carolina,Greenville,1469:1
45047,South Carolina,Greenwood,1776:1
45049,South Carolina,Hampton,3623:1
45051,South Carolina,Horry,2336:1
45053,South Carolina,Jasper,2289:1
45055,South Carolina,Kershaw,3226:1
45057,South Carolina,Lancaster,2490:1
45059,South Carolina,Laurens,3577:1
45061,South Carolina,Lee,8077:1
45063,South Carolina,Lexington,1992:1
45065,South Carolina,McCormick,9764:1
45067,South Carolina,Marion,3556:1
45069,South Carolina,Marlboro,2893:1
45071,South Carolina,Newberry,3187:1
45073,South Carolina,Oconee,1782:1
45075,South Carolina,Orangeburg,2680:1
45077,South Carolina,Pickens,1963:1
45079,South Carolina,Richland,1054:1
45081,South Carolina,Saluda,3788:1
45083,South Carolina,Spartanburg,2034:1
45085,South Carolina,Sumter,1763:1
45087,South Carolina,Union,4459:1
45089,South Carolina,Williamsburg,6012:1
45091,South Carolina,York,1751:1
46000,South Dakota,,1561:1
46003,South Dakota,Aurora,2755:0
46005,South Dakota,Beadle,2153:1
46007,South Dakota,Bennett,1112:1
46009,South Dakota,Bon Homme,2354:1
46011,South Dakota,Brookings,2218:1
46013,South Dakota,Brown,1582:1
46015,South Dakota,Brule,2661:1
46017,South Dakota,Buffalo,372:1
46019,South Dakota,Butte,1539:1
46021,South Dakota,Campbell,1349:0
46023,South Dakota,Charles Mix,1843:1
46025,South Dakota,Clark,1956:1
46027,South Dakota,Clay,1698:1
46029,South Dakota,Codington,1149:1
46031,South Dakota,Corson,1913:1
46033,South Dakota,Custer,4503:1
46035,South Dakota,Davison,1051:1
46037,South Dakota,Day,5479:1
46039,South Dakota,Deuel,4352:1
46041,South Dakota,Dewey,1713:1
46043,South Dakota,Douglas,2776:1
46045,South Dakota,Edmunds,
46047,South Dakota,Fall River,1474:1
46049,South Dakota,Faulk,2126:0
46051,South Dakota,Grant,1493:1
46053,South Dakota,Gregory,1981:1
46055,South Dakota,Haakon,1826:1
46057,South Dakota,Hamlin,
46059,South Dakota,Hand,3140:1
46061,South Dakota,Hanson,3461:0
46063,South Dakota,Harding,1330:0
46065,South Dakota,Hughes,1474:1
46067,South Dakota,Hutchinson,3684:1
46069,South Dakota,Hyde,1184:0
46071,South Dakota,Jackson,1411:1
46073,South Dakota,Jerauld,413:1
46075,South Dakota,Jones,442:1
46077,South Dakota,Kingsbury,1324:1
46079,South Dakota,Lake,2194:1
46081,South Dakota,Lawrence,1512:1
46083,South Dakota,Lincoln,1109:1
46085,South Dakota,Lyman,3692:0
46087,South Dakota,McCook,5778:1
46089,South Dakota,McPherson,2395:1
46091,South Dakota,Marshall,4374:1
46093,South Dakota,Meade,1705:1
46095,South Dakota,Mellette,1892:0
46097,South Dakota,Miner,384:1
46099,South Dakota,Minnehaha,1774:1
46101,South Dakota,Moody,2116:1
46102,South Dakota,Oglala Lakota,4506:1
46103,South Dakota,Pennington,1060:1
46105,South Dakota,Perkins,2804:0
46107,South Dakota,Potter,2438:1
46109,South Dakota,Roberts,782:1
46111,South Dakota,Sanborn,2415:0
46113,South Dakota,Shannon,
46115,South Dakota,Spink,1247:1
46117,South Dakota,Stanley,2999:1
46119,South Dakota,Sully,1471:0
46121,South Dakota,Todd,3073:1
46123,South Dakota,Tripp,928:1
46125,South Dakota,Turner,4428:1
46127,South Dakota,Union,1138:1
46129,South Dakota,Walworth,2633:1
46135,South Dakota,Yankton,1798:1
46137,South Dakota,Ziebach,2395:0
47000,Tennessee,,1779:1
47001,Tennessee,Anderson,1315:1
47003,Tennessee,Bedford,3996:1
47005,Tennessee,Benton,4001:1
47007,Tennessee,Bledsoe,7399:1
47009,Tennessee,Blount,1818:1
47011,Tennessee,Bradley,2087:1
47013,Tennessee,Campbell,3045:1
47015,Tennessee,Cannon,2958:1
47017,Tennessee,Carroll,3162:1
47019,Tennessee,Carter,2821:1
47021,Tennessee,Cheatham,6972:1
47023,Tennessee,Chester,4402:1
47025,Tennessee,Claiborne,3603:1
47027,Tennessee,Clay,7620:1
47029,Tennessee,Cocke,5268:1
47031,Tennessee,Coffee,1389:1
47033,Tennessee,Crockett,1736:1
47035,Tennessee,Cumberland,2762:1
47037,Tennessee,Davidson,1200:1
47039,Tennessee,Decatur,1927:1
47041,Tennessee,DeKalb,4201:1
47043,Tennessee,Dickson,1507:1
47045,Tennessee,Dyer,1916:1
47047,Tennessee,Fayette,3116:1
47049,Tennessee,Fentress,19332:1
47051,Tennessee,Franklin,3380:1
47053,Tennessee,Gibson,2676:1
47055,Tennessee,Giles,1797:1
47057,Tennessee,Grainger,8092:1
47059,Tennessee,Greene,2380:1
47061,Tennessee,Grundy,
47063,Tennessee,Hamblen,1552:1
47065,Tennessee,Hamilton,1262:1
47067,Tennessee,Hancock,6845:1
47069,Tennessee,Hardeman,3647:1
47071,Tennessee,Hardin,3868:1
47073,Tennessee,Hawkins,5804:1
47075,Tennessee,Haywood,4388:1
47077,Tennessee,Henderson,3491:1
47079,Tennessee,Henry,1799:1
47081,Tennessee,Hickman,3636:1
47083,Tennessee,Houston,8219:1
47085,Tennessee,Humphreys,3184:1
47087,Tennessee,Jackson,2997:1
47089,Tennessee,Jefferson,4052:1
47091,Tennessee,Johnson,3617:1
47093,Tennessee,Knox,1671:1
47095,Tennessee,Lake,6507:1
47097,Tennessee,Lauderdale,4959:1
47099,Tennessee,Lawrence,5046:1
47101,Tennessee,Lewis,3239:1
47103,Tennessee,Lincoln,4000:1
47105,Tennessee,Loudon,1939:1
47107,Tennessee,McMinn,2736:1
47109,Tennessee,McNairy,1999:1
47111,Tennessee,Macon,6557:1
47113,Tennessee,Madison,1418:1
47115,Tennessee,Marion,4849:1
47117,Tennessee,Marshall,3986:1
47119,Tennessee,Maury,1482:1
47121,Tennessee,Meigs,13272:1
47123,Tennessee,Monroe,2808:1
47125,Tennessee,Montgomery,2400:1
47127,Tennessee,Moore,
47129,Tennessee,Morgan,7075:1
47131,Tennessee,Obion,1900:1
47133,Tennessee,Overton,3292:1
47135,Tennessee,Perry,8685:1
47137,Tennessee,Pickett,
47139,Tennessee,Polk,2977:1
47141,Tennessee,Putnam,1498:1
47143,Tennessee,Rhea,3748:1
47145,Tennessee,Roane,2040:1
47147,Tennessee,Robertson,3019:1
47149,Tennessee,Rutherford,1859:1
47151,Tennessee,Scott,2754:1
47153,Tennessee,Sequatchie,5636:1
47155,Tennessee,Sevier,2470:1
47157,Tennessee,Shelby,1289:1
47159,Tennessee,Smith,4098:1
47161,Tennessee,Stewart,3509:1
47163,Tennessee,Sullivan,1340:1
47165,Tennessee,Sumner,2317:1
47167,Tennessee,Tipton,3083:1
47169,Tennessee,Trousdale,6056:1
47171,Tennessee,Unicoi,2946:1
47173,Tennessee,Union,3409:1
47175,Tennessee,Van Buren,6429:1
47177,Tennessee,Warren,3233:1
47179,Tennessee,Washington,1661:1
47181,Tennessee,Wayne,16308:1
47183,Tennessee,Weakley,2362:1
47185,Tennessee,White,2806:1
47187,Tennessee,Williamson,1219:1
47189,Tennessee,Wilson,2439:1
48000,Texas,,1590:1
48001,Texas,Anderson,2151:1
48003,Texas,Andrews,4584:1
48005,Texas,Angelina,1708:1
48007,Texas,Aransas,3563:1
48009,Texas,Archer,
48011,Texas,Armstrong,1850:0
48013,Texas,Atascosa,2119:1
48015,Texas,Austin,2221:1
48017,Texas,Bailey,2260:1
48019,Texas,Bandera,3686:1
48021,Texas,Bastrop,2794:1
48023,Texas,Baylor,3466:1
48025,Texas,Bee,3377:1
48027,Texas,Bell,1191:1
48029,Texas,Bexar,1052:1
48031,Texas,Blanco,3105:1
48033,Texas,Borden,585:0
48035,Texas,Bosque,2671:1
48037,Texas,Bowie,1615:1
48039,Texas,Brazoria,1695:1
48041,Texas,Brazos,1741:1
48043,Texas,Brewster,3114:1
48045,Texas,Briscoe,1431:0
48047,Texas,Brooks,6906:1
48049,Texas,Brown,2741:1
48051,Texas,Burleson,9329:1
48053,Texas,Burnet,2019:1
48055,Texas,Caldwell,3190:1
48057,Texas,Calhoun,1971:1
48059,Texas,Callahan,3553:1
48061,Texas,Cameron,3127:1
48063,Texas,Camp,2543:1
48065,Texas,Carson,5784:1
48067,Texas,Cass,3171:1
48069,Texas,Castro,
48071,Texas,Chambers,10258:1
48073,Texas,Cherokee,2718:1
48075,Texas,Childress,2270:1
48077,Texas,Clay,
48079,Texas,Cochran,2526:0
48081,Texas,Coke,3333:0
48083,Texas,Coleman,3925:1
48085,Texas,Collin,1438:1
48087,Texas,Collingsworth,2568:0
48089,Texas,Colorado,4151:1
48091,Texas,Comal,1539:1
48093,Texas,Comanche,3470:1
48095,Texas,Concho,3340:1
48097,Texas,Cooke,2392:1
48099,Texas,Coryell,3038:1
48101,Texas,Cottle,1307:0
48103,Texas,Crane,4546:1
48105,Texas,Crockett,2943:1
48107,Texas,Crosby,
48109,Texas,Culberson,2155:0
48111,Texas,Dallam,3621:1
48113,Texas,Dallas,1049:1
48115,Texas,Dawson,2022:1
48117,Texas,Deaf Smith,2625:1
48119,Texas,Delta,
48121,Texas,Denton,1602:1
48123,Texas,DeWitt,3295:1
48125,Texas,Dickens,1726:0
48127,Texas,Dimmit,2796:1
48129,Texas,Donley,3339:1
48131,Texas,Duval,
48133,Texas,Eastland,2991:1
48135,Texas,Ector,1915:1
48137,Texas,Edwards,1422:0
48139,Texas,Ellis,3215:1
48141,Texas,El Paso,2064:1
48143,Texas,Erath,1756:1
48145,Texas,Falls,3410:1
48147,Texas,Fannin,4125:1
48149,Texas,Fayette,1916:1
48151,Texas,Fisher,3622:1
48153,Texas,Floyd,5235:1
48155,Texas,Foard,1057:0
48157,Texas,Fort Bend,1720:1
48159,Texas,Franklin,2655:1
48161,Texas,Freestone,3325:1
48163,Texas,Frio,3563:1
48165,Texas,Gaines,7394:1
48167,Texas,Galveston,1930:1
48169,Texas,Garza,3131:1
48171,Texas,Gillespie,1308:1
48173,Texas,Glasscock,1164:0
48175,Texas,Goliad,1783:1
48177,Texas,Gonzales,2204:1
48179,Texas,Gray,1751:1
48181,Texas,Grayson,1626:1
48183,Texas,Gregg,996:1
48185,Texas,Grimes,5126:1
48187,Texas,Guadalupe,2574:1
48189,Texas,Hale,6365:1
48191,Texas,Hall,2810:0
48193,Texas,Hamilton,1660:1
48195,Texas,Hansford,5151:1
48197,Texas,Hardeman,879:1
48199,Texas,Hardin,3613:1
48201,Texas,Harris,1343:1
48203,Texas,Harrison,4115:1
48205,Texas,Hartley,
48207,Texas,Haskell,2702:1
48209,Texas,Hays,2564:1
48211,Texas,Hemphill,3217:0
48213,Texas,Henderson,2914:1
48215,Texas,Hidalgo,3219:1
48217,Texas,Hill,2871:1
48219,Texas,Hockley,2645:1
48221,Texas,Hood,1844:1
48223,Texas,Hopkins,3150:1
48225,Texas,Houston,4390:1
48227,Texas,Howard,1871:1
48229,Texas,Hudspeth,3432:0
48231,Texas,Hunt,3185:1
48233,Texas,Hutchinson,2022:1
48235,Texas,Irion,1530:0
48237,Texas,Jack,
48239,Texas,Jackson,2524:1
48241,Texas,Jasper,2707:1
48243,Texas,Jeff Davis,1903:0
48245,Texas,Jefferson,1539:1
48247,Texas,Jim Hogg,4763:1
48249,Texas,Jim Wells,2987:1
48251,Texas,Johnson,2475:1
48253,Texas,Jones,9968:1
48255,Texas,Karnes,1648:1
48257,Texas,Kaufman,2612:1
48259,Texas,Kendall,1224:1
48261,Texas,Kenedy,358:0
48263,Texas,Kent,740:0
48265,Texas,Kerr,1378:1
48267,Texas,Kimble,1474:1
48269,Texas,King,233:0
48271,Texas,Kinney,3128:0
48273,Texas,Kleberg,1687:1
48275,Texas,Knox,3273:0
48277,Texas,Lamar,2019:1
48279,Texas,Lamb,6362:1
48281,Texas,Lampasas,7595:1
48283,Texas,La Salle,
48285,Texas,Lavaca,4118:1
48287,Texas,Lee,4489:1
48289,Texas,Leon,4052:1
48291,Texas,Liberty,3517:1
48293,Texas,Limestone,2782:1
48295,Texas,Lipscomb,2854:0
48297,Texas,Live Oak,3809:1
48299,Texas,Llano,1878:1
48301,Texas,Loving,51:0
48303,Texas,Lubbock,1645:1
48305,Texas,Lynn,5724:1
48307,Texas,McCulloch,3749:1
48309,Texas,McLennan,1803:1
48311,Texas,McMullen,576:0
48313,Texas,Madison,4554:1
48315,Texas,Marion,9560:1
48317,Texas,Martin,5217:1
48319,Texas,Mason,3982:1
48321,Texas,Matagorda,2779:1
48323,Texas,Maverick,4449:1
48325,Texas,Medina,4477:1
48327,Texas,Menard,1968:1
48329,Texas,Midland,1623:1
48331,Texas,Milam,6407:1
48333,Texas,Mills,2250:1
48335,Texas,Mitchell,8943:1
48337,Texas,Montague,3511:1
48339,Texas,Montgomery,1967:1
48341,Texas,Moore,2999:1
48343,Texas,Morris,2417:1
48345,Texas,Motley,1032:0
48347,Texas,Nacogdoches,1707:1
48349,Texas,Navarro,2732:1
48351,Texas,Newton,
48353,Texas,Nolan,1809:1
48355,Texas,Nueces,1715:1
48357,Texas,Ochiltree,2402:1
48359,Texas,Oldham,1752:0
48361,Texas,Orange,3033:1
48363,Texas,Palo Pinto,2924:1
48365,Texas,Panola,3780:1
48367,Texas,Parker,2909:1
48369,Texas,Parmer,9620:1
48371,Texas,Pecos,3684:1
48373,Texas,Polk,2421:1
48375,Texas,Potter,1629:1
48377,Texas,Presidio,
48379,Texas,Rains,6412:1
48381,Texas,Randall,1642:1
48383,Texas,Reagan,3135:0
48385,Texas,Real,1420:1
48387,Texas,Red River,3847:1
48389,Texas,Reeves,6453:1
48391,Texas,Refugio,3316:1
48393,Texas,Roberts,803:0
48395,Texas,Robertson,17153:1
48397,Texas,Rockwall,1433:1
48399,Texas,Runnels,4930:1
48401,Texas,Rusk,2963:1
48403,Texas,Sabine,3349:1
48405,Texas,San Augustine,1964:1
48407,Texas,San Jacinto,28348:1
48409,Texas,San Patricio,2498:1
48411,Texas,San Saba,5824:1
48413,Texas,Schleicher,2357:0
48415,Texas,Scurry,1854:1
48417,Texas,Shackelford,3186:0
48419,Texas,Shelby,3430:1
48421,Texas,Sherman,2799:0
48423,Texas,Smith,1551:1
48425,Texas,Somervell,2439:1
48427,Texas,Starr,6573:1
48429,Texas,Stephens,3130:1
48431,Texas,Sterling,1417:0
48433,Texas,Stonewall,1182:0
48435,Texas,Sutton,1609:1
48437,Texas,Swisher,6881:1
48439,Texas,Tarrant,1569:1
48441,Texas,Taylor,1134:1
48443,Texas,Terrell,693:0
48445,Texas,Terry,1928:1
48447,Texas,Throckmorton,1550:0
48449,Texas,Titus,1486:1
48451,Texas,Tom Green,1544:1
48453,Texas,Travis,1313:1
48455,Texas,Trinity,13996:1
48457,Texas,Tyler,10015:1
48459,Texas,Upshur,7081:1
48461,Texas,Upton,3152:0
48463,Texas,Uvalde,2771:1
48465,Texas,Val Verde,3400:1
48467,Texas,Van Zandt,4835:1
48469,Texas,Victoria,1686:1
48471,Texas,Walker,2629:1
48473,Texas,Waller,6877:1
48475,Texas,Ward,
48477,Texas,Washington,2009:1
48479,Texas,Webb,3114:1
48481,Texas,Wharton,1818:1
48483,Texas,Wheeler,4807:1
48485,Texas,Wichita,1238:1
48487,Texas,Wilbarger,2498:1
48489,Texas,Willacy,20143:1
48491,Texas,Williamson,1638:1
48493,Texas,Wilson,4057:1
48495,Texas,Winkler,3653:1
48497,Texas,Wise,4681:1
48499,Texas,Wood,2756:1
48501,Texas,Yoakum,7451:1
48503,Texas,Young,1497:1
48505,Texas,Zapata,6925:1
48507,Texas,Zavala,2344:1
49000,Utah,,1441:1
49001,Utah,Beaver,1465:1
49003,Utah,Box Elder,1537:1
49005,Utah,Cache,1524:1
49007,Utah,Carbon,980:1
49009,Utah,Daggett,1014:0
49011,Utah,Davis,1486:1
49013,Utah,Duchesne,2240:1
49015,Utah,Emery,5050:1
49017,Utah,Garfield,2641:1
49019,Utah,Grand,1396:1
49021,Utah,Iron,2230:1
49023,Utah,Juab,3142:1
49025,Utah,Kane,4114:1
49027,Utah,Millard,1333:1
49029,Utah,Morgan,4277:1
49031,Utah,Piute,1487:0
49033,Utah,Rich,1314:1
49035,Utah,Salt Lake,1231:1
49037,Utah,San Juan,845:1
49039,Utah,Sanpete,2123:1
49041,Utah,Sevier,1471:1
49043,Utah,Summit,1721:1
49045,Utah,Tooele,3633:1
49047,Utah,Uintah,1955:1
49049,Utah,Utah,1653:1
49051,Utah,Wasatch,1831:1
49053,Utah,Washington,1521:1
49055,Utah,Wayne,1323:1
49057,Utah,Weber,1242:1
50000,Vermont,,1377:1
50001,Vermont,Addison,1879:1
50003,Vermont,Bennington,1169:1
50005,Vermont,Caledonia,1274:1
50007,Vermont,Chittenden,1032:1
50009,Vermont,Essex,1998:1
50011,Vermont,Franklin,1879:1
50013,Vermont,Grand Isle,7489:1
50015,Vermont,Lamoille,2174:1
50017,Vermont,Orange,3316:1
50019,Vermont,Orleans,1844:1
50021,Vermont,Rutland,1312:1
50023,Vermont,Washington,1155:1
50025,Vermont,Windham,1581:1
50027,Vermont,Windsor,1615:1
51000,Virginia,,1329:1
51001,Virginia,Accomack,1844:1
51003,Virginia,Albemarle,962:1
51005,Virginia,Alleghany,3709:1
51007,Virginia,Amelia,2691:1
51009,Virginia,Amherst,4513:1
51011,Virginia,Appomattox,16748:1
51013,Virginia,Arlington,1385:1
51015,Virginia,Augusta,2788:1
51017,Virginia,Bath,2025:1
51019,Virginia,Bedford,2994:1
51021,Virginia,Bland,2049:1
51023,Virginia,Botetourt,3414:1
51025,Virginia,Brunswick,5307:1
51027,Virginia,Buchanan,4838:1
51029,Virginia,Buckingham,1698:1
51031,Virginia,Campbell,6127:1
51033,Virginia,Caroline,3995:1
51035,Virginia,Carroll,3643:1
51036,Virginia,Charles City,6605:1
51037,Virginia,Charlotte,2869:1
51041,Virginia,Chesterfield,1253:1
51043,Virginia,Clarke,3053:1
51045,Virginia,Craig,1616:1
51047,Virginia,Culpeper,2719:1
51049,Virginia,Cumberland,9746:1
51051,Virginia,Dickenson,13725:1
51053,Virginia,Dinwiddie,14081:1
51057,Virginia,Essex,1772:1
51059,Virginia,Fairfax,860:1
51061,Virginia,Fauquier,1914:1
51063,Virginia,Floyd,5206:1
51065,Virginia,Fluvanna,9386:1
51067,Virginia,Franklin,5507:1
51069,Virginia,Frederick,7921:1
51071,Virginia,Giles,2742:1
51073,Virginia,Gloucester,2821:1
51075,Virginia,Goochland,3730:1
51077,Virginia,Grayson,5114:1
51079,Virginia,Greene,7036:1
51081,Virginia,Greensville,11226:1
51083,Virginia,Halifax,2103:1
51085,Virginia,Hanover,1394:1
51087,Virginia,Henrico,1172:1
51089,Virginia,Henry,1426:1
51091,Virginia,Highland,1151:1
51093,Virginia,Isle of Wight,4015:1
51095,Virginia,James City,892:1
51097,Virginia,King and Queen,
51099,Virginia,King George,2143:1
51101,Virginia,King William,3082:1
51103,Virginia,Lancaster,10750:1
51105,Virginia,Lee,4396:1
51107,Virginia,Loudoun,1359:1
51109,Virginia,Louisa,5731:1
51111,Virginia,Lunenburg,3008:1
51113,Virginia,Madison,2800:1
51115,Virginia,Mathews,4245:1
51117,Virginia,Mecklenburg,3390:1
51119,Virginia,Middlesex,2189:1
51121,Virginia,Montgomery,1940:1
51125,Virginia,Nelson,2093:1
51127,Virginia,New Kent,4164:1
51131,Virginia,Northampton,700:1
51133,Virginia,Northumberland,769:1
51135,Virginia,Nottoway,2223:1
51137,Virginia,Orange,3166:1
51139,Virginia,Page,5938:1
51141,Virginia,Patrick,8822:1
51143,Virginia,Pittsylvania,11990:1
51145,Virginia,Powhatan,2422:1
51147,Virginia,Prince Edward,2436:1
51149,Virginia,Prince George,2696:1
51153,Virginia,Prince William,1591:1
51155,Virginia,Pulaski,3371:1
51157,Virginia,Rappahannock,3751:1
51159,Virginia,Richmond,3027:1
51161,Virginia,Roanoke,960:1
51163,Virginia,Rockbridge,22593:1
51165,Virginia,Rockingham,5337:1
51167,Virginia,Russell,8483:1
51169,Virginia,Scott,7159:1
51171,Virginia,Shenandoah,2998:1
51173,Virginia,Smyth,1841:1
51175,Virginia,Southampton,8966:1
51177,Virginia,Spotsylvania,2223:1
51179,Virginia,Stafford,2817:1
51181,Virginia,Surry,
51183,Virginia,Sussex,5340:1
51185,Virginia,Tazewell,2212:1
51187,Virginia,Warren,2763:1
51191,Virginia,Washington,1384:1
51193,Virginia,Westmoreland,9356:1
51195,Virginia,Wise,3542:1
51197,Virginia,Wythe,2811:1
51199,Virginia,York,1877:1
51510,Virginia,Alexandria City,1088:1
51515,Virginia,Bedford City,
51520,Virginia,Bristol City,2829:1
51530,Virginia,Buena Vista City,1318:1
51540,Virginia,Charlottesville City,1008:1
51550,Virginia,Chesapeake City,1927:1
51570,Virginia,Colonial Heights City,425:1
51580,Virginia,Covington City,1893:1
51590,Virginia,Danville City,845:1
51595,Virginia,Emporia City,1096:1
51600,Virginia,Fairfax City,
51610,Virginia,Falls Church City,286:1
51620,Virginia,Franklin City,1649:1
51630,Virginia,Fredericksburg City,487:1
51640,Virginia,Galax City,841:1
51650,Virginia,Hampton City,993:1
51660,Virginia,Harrisonburg City,701:1
51670,Virginia,Hopewell City,1766:1
51678,Virginia,Lexington City,466:1
51680,Virginia,Lynchburg City,871:1
51683,Virginia,Manassas City,820:1
51685,Virginia,Manassas Park City,
51690,Virginia,Martinsville City,
51700,Virginia,Newport News City,1262:1
51710,Virginia,Norfolk City,979:1
51720,Virginia,Norton City,722:1
51730,Virginia,Petersburg City,1284:1
51735,Virginia,Poquoson City,1573:1
51740,Virginia,Portsmouth City,571:1
51750,Virginia,Radford City,1288:1
51760,Virginia,Richmond City,657:1
51770,Virginia,Roanoke City,1305:1
51775,Virginia,Salem City,709:1
51790,Virginia,Staunton City,1234:1
51800,Virginia,Suffolk City,2011:1
51810,Virginia,Virginia Beach City,1245:1
51820,Virginia,Waynesboro City,845:1
51830,Virginia,Williamsburg City,
51840,Virginia,Winchester City,411:1
53000,Washington,,1152:1
53001,Washington,Adams,776:1
53003,Washington,Asotin,1608:1
53005,Washington,Benton,1400:1
53007,Washington,Chelan,1158:1
53009,Washington,Clallam,1066:1
53011,Washington,Clark,1371:1
53013,Washington,Columbia,1342:1
53015,Washington,Cowlitz,1722:1
53017,Washington,Douglas,2009:1
53019,Washington,Ferry,1241:1
53021,Washington,Franklin,1935:1
53023,Washington,Garfield,1182:1
53025,Washington,Grant,1809:1
53027,Washington,Grays Harbor,1926:1
53029,Washington,Island,1313:1
53031,Washington,Jefferson,1976:1
53033,Washington,King,864:1
53035,Washington,Kitsap,1262:1
53037,Washington,Kittitas,1808:1
53039,Washington,Klickitat,3324:1
53041,Washington,Lewis,1447:1
53043,Washington,Lincoln,2320:1
53045,Washington,Mason,2727:1
53047,Washington,Okanogan,1307:1
53049,Washington,Pacific,3445:1
53051,Washington,Pend Oreille,3545:1
53053,Washington,Pierce,1167:1
53055,Washington,San Juan,1436:1
53057,Washington,Skagit,1261:1
53059,Washington,Skamania,12460:1
53061,Washington,Snohomish,1296:1
53063,Washington,Spokane,1195:1
53065,Washington,Stevens,2010:1
53067,Washington,Thurston,1266:1
53069,Washington,Wahkiakum,1563:1
53071,Washington,Walla Walla,1345:1
53073,Washington,Whatcom,1326:1
53075,Washington,Whitman,2165:1
53077,Washington,Yakima,1404:1
54000,West Virginia,,1705:1
54001,West Virginia,Barbour,3854:1
54003,West Virginia,Berkeley,1992:1
54005,West Virginia,Boone,4194:1
54007,West Virginia,Braxton,2031:1
54009,West Virginia,Brooke,4347:1
54011,West Virginia,Cabell,1599:1
54013,West Virginia,Calhoun,2023:1
54015,West Virginia,Clay,2605:1
54017,West Virginia,Doddridge,7698:1
54019,West Virginia,Fayette,1795:1
54021,West Virginia,Gilmer,7325:1
54023,West Virginia,Grant,1828:1
54025,West Virginia,Greenbrier,1410:1
54027,West Virginia,Hampshire,2934:1
54029,West Virginia,Hancock,1174:1
54031,West Virginia,Hardy,2838:1
54033,West Virginia,Harrison,1047:1
54035,West Virginia,Jackson,2772:1
54037,West Virginia,Jefferson,3277:1
54039,West Virginia,Kanawha,1083:1
54041,West Virginia,Lewis,3353:1
54043,West Virginia,Lincoln,4975:1
54045,West Virginia,Logan,7829:1
54047,West Virginia,McDowell,5950:1
54049,West Virginia,Marion,1865:1
54051,West Virginia,Marshall,2479:1
54053,West Virginia,Mason,3571:1
54055,West Virginia,Mercer,2348:1
54057,West Virginia,Mineral,2984:1
54059,West Virginia,Mingo,2508:1
54061,West Virginia,Monongalia,717:1
54063,West Virginia,Monroe,6148:1
54065,West Virginia,Morgan,3486:1
54067,West Virginia,Nicholas,1738:1
54069,West Virginia,Ohio,901:1
54071,West Virginia,Pendleton,859:1
54073,West Virginia,Pleasants,1897:1
54075,West Virginia,Pocahontas,2606:1
54077,West Virginia,Preston,3797:1
54079,West Virginia,Putnam,2376:1
54081,West Virginia,Raleigh,1279:1
54083,West Virginia,Randolph,2300:1
54085,West Virginia,Ritchie,8207:1
54087,West Virginia,Roane,3459:1
54089,West Virginia,Summers,5881:1
54091,West Virginia,Taylor,4086:1
54093,West Virginia,Tucker,1642:1
54095,West Virginia,Tyler,8183:1
54097,West Virginia,Upshur,2156:1
54099,West Virginia,Wayne,2714:1
54101,West Virginia,Webster,2722:1
54103,West Virginia,Wetzel,1753:1
54105,West Virginia,Wirt,5091:1
54107,West Virginia,Wood,1603:1
54109,West Virginia,Wyoming,4105:1
55000,Wisconsin,,1363:1
55001,Wisconsin,Adams,10613:1
55003,Wisconsin,Ashland,1458:1
55005,Wisconsin,Barron,1378:1
55007,Wisconsin,Bayfield,2373:1
55009,Wisconsin,Brown,1222:1
55011,Wisconsin,Buffalo,837:1
55013,Wisconsin,Burnett,2839:1
55015,Wisconsin,Calumet,3766:1
55017,Wisconsin,Chippewa,1758:1
55019,Wisconsin,Clark,2313:1
55021,Wisconsin,Columbia,2771:1
55023,Wisconsin,Crawford,1779:1
55025,Wisconsin,Dane,1328:1
55027,Wisconsin,Dodge,2943:1
55029,Wisconsin,Door,1526:1
55031,Wisconsin,Douglas,1635:1
55033,Wisconsin,Dunn,2536:1
55035,Wisconsin,Eau Claire,989:1
55037,Wisconsin,Florence,4688:1
55039,Wisconsin,Fond du Lac,1298:1
55041,Wisconsin,Forest,2345:1
55043,Wisconsin,Grant,2229:1
55045,Wisconsin,Green,1938:1
55047,Wisconsin,Green Lake,1747:1
55049,Wisconsin,Iowa,1836:1
55051,Wisconsin,Iron,2075:1
55053,Wisconsin,Jackson,1603:1
55055,Wisconsin,Jefferson,1589:1
55057,Wisconsin,Juneau,2687:1
55059,Wisconsin,Kenosha,1422:1
55061,Wisconsin,Kewaunee,2578:1
55063,Wisconsin,La Crosse,978:1
55065,Wisconsin,Lafayette,5626:1
55067,Wisconsin,Langlade,1778:1
55069,Wisconsin,Lincoln,1892:1
55071,Wisconsin,Manitowoc,1532:1
55073,Wisconsin,Marathon,1327:1
55075,Wisconsin,Marinette,2099:1
55077,Wisconsin,Marquette,3945:1
55078,Wisconsin,Menominee,600:1
55079,Wisconsin,Milwaukee,1100:1
55081,Wisconsin,Monroe,1537:1
55083,Wisconsin,Oconto,2642:1
55085,Wisconsin,Oneida,1158:1
55087,Wisconsin,Outagamie,1124:1
55089,Wisconsin,Ozaukee,1069:1
55091,Wisconsin,Pepin,1482:1
55093,Wisconsin,Pierce,2363:1
55095,Wisconsin,Polk,1693:1
55097,Wisconsin,Portage,1360:1
55099,Wisconsin,Price,1013:1
55101,Wisconsin,Racine,1255:1
55103,Wisconsin,Richland,1899:1
55105,Wisconsin,Rock,1402:1
55107,Wisconsin,Rusk,1419:1
55109,Wisconsin,St. Croix,2182:1
55111,Wisconsin,Sauk,1462:1
55113,Wisconsin,Sawyer,1856:1
55115,Wisconsin,Shawano,1514:1
55117,Wisconsin,Sheboygan,1592:1
55119,Wisconsin,Taylor,1665:1
55121,Wisconsin,Trempealeau,3433:1
55123,Wisconsin,Vernon,3106:1
55125,Wisconsin,Vilas,990:1
55127,Wisconsin,Walworth,2066:1
55129,Wisconsin,Washburn,2416:1
55131,Wisconsin,Washington,1513:1
55133,Wisconsin,Waukesha,1016:1
55135,Wisconsin,Waupaca,2710:1
55137,Wisconsin,Waushara,1471:1
55139,Wisconsin,Winnebago,1524:1
55141,Wisconsin,Wood,1138:1
56000,Wyoming,,1408:1
56001,Wyoming,Albany,2002:1
56003,Wyoming,Big Horn,2371:1
56005,Wyoming,Campbell,2614:1
56007,Wyoming,Carbon,2077:1
56009,Wyoming,Converse,1969:1
56011,Wyoming,Crook,2483:1
56013,Wyoming,Fremont,1273:1
56015,Wyoming,Goshen,1570:1
56017,Wyoming,Hot Springs,1147:1
56019,Wyoming,Johnson,1455:1
56021,Wyoming,Laramie,1158:1
56023,Wyoming,Lincoln,2066:1
56025,Wyoming,Natrona,1171:1
56027,Wyoming,Niobrara,2380:1
56029,Wyoming,Park,1387:1
56031,Wyoming,Platte,2882:1
56033,Wyoming,Sheridan,1070:1
56035,Wyoming,Sublette,2191:1
56037,Wyoming,Sweetwater,1654:1
56039,Wyoming,Teton,931:1
56041,Wyoming,Uinta,1151:1
56043,Wyoming,Washakie,1103:1
56045,Wyoming,Weston,1372:1
