FIPS,State,County,Primary Care Physicians Ratio
01000,Alabama,,1571:1
01001,Alabama,Autauga,2273:1
01003,Alabama,Baldwin,1595:1
01005,Alabama,Barbour,2496:1
01007,Alabama,Bibb,1498:1
01009,Alabama,Blount,4920:1
01011,Alabama,Bullock,5160:1
01013,Alabama,Butler,3777:1
01015,Alabama,Calhoun,1705:1
01017,Alabama,Chambers,2467:1
01019,Alabama,Cherokee,2272:1
01021,Alabama,Chilton,4527:1
01023,Alabama,Choctaw,2507:1
01025,Alabama,Clarke,2529:1
01027,Alabama,Clay,3548:1
01029,Alabama,Cleburne,3776:1
01031,Alabama,Coffee,1935:1
01033,Alabama,Colbert,1512:1
01035,Alabama,Conecuh,2266:1
01037,Alabama,Coosa,
01039,Alabama,Covington,2085:1
01041,Alabama,Crenshaw,4361:1
01043,Alabama,Cullman,2081:1
01045,Alabama,Dale,3524:1
01047,Alabama,Dallas,1393:1
01049,Alabama,DeKalb,2476:1
01051,Alabama,Elmore,4465:1
01053,Alabama,Escambia,3336:1
01055,Alabama,Etowah,1357:1
01057,Alabama,Fayette,1009:1
01059,Alabama,Franklin,2463:1
01061,Alabama,Geneva,3338:1
01063,Alabama,Greene,2543:1
01065,Alabama,Hale,4918:1
01067,Alabama,Henry,2910:1
01069,Alabama,Houston,1221:1
01071,Alabama,Jackson,1955:1
01073,Alabama,Jefferson,900:1
01075,Alabama,Lamar,
01077,Alabama,Lauderdale,1844:1
01079,Alabama,Lawrence,5515:1
01081,Alabama,Lee,2014:1
01083,Alabama,Limestone,2906:1
01085,Alabama,Lowndes,9965:1
01087,Alabama,Macon,3149:1
01089,Alabama,Madison,1169:1
01091,Alabama,Marengo,2375:1
01093,Alabama,Marion,4178:1
01095,Alabama,Marshall,1819:1
01097,Alabama,Mobile,1405:1
01099,Alabama,Monroe,2183:1
01101,Alabama,Montgomery,1034:1
01103,Alabama,Morgan,1963:1
01105,Alabama,Perry,2785:1
01107,Alabama,Pickens,2686:1
01109,Alabama,Pike,2357:1
01111,Alabama,Randolph,3665:1
01113,Alabama,Russell,5872:1
01115,Alabama,St. Clair,5456:1
01117,Alabama,Shelby,1297:1
01119,Alabama,Sumter,1738:1
01121,Alabama,Talladega,3882:1
01123,Alabama,Tallapoosa,2159:1
01125,Alabama,Tuscaloosa,1587:1
01127,Alabama,Walker,2161:1
01129,Alabama,Washington,15147:1
01131,Alabama,Wilcox,10446:1
01133,Alabama,Winston,2628:1
02000,Alaska,,1033:1
02013,Alaska,Aleutians East,
02016,Alaska,Aleutians West,1686:1
02020,Alaska,Anchorage,860:1
02050,Alaska,Bethel,1160:1
02060,Alaska,Bristol Bay,838:0
02063,Alaska,Chugach,631:1
02066,Alaska,Copper River,2630:1
02068,Alaska,Denali,1593:1
02070,Alaska,Dillingham,398:1
02090,Alaska,Fairbanks North Star,1166:1
02100,Alaska,Haines,345:1
02105,Alaska,Hoonah-Angoon,
02110,Alaska,Juneau,780:1
02122,Alaska,Kenai Peninsula,1245:1
02130,Alaska,Ketchikan Gateway,809:1
02150,Alaska,Kodiak Island,710:1
02158,Alaska,Kusilvak,
02164,Alaska,Lake and Peninsula,1416:0
02170,Alaska,Matanuska-Susitna,2050:1
02180,Alaska,Nome,759:1
02185,Alaska,North Slope,2743:1
02188,Alaska,Northwest Arctic,1260:1
02195,Alaska,Petersburg,671:1
02198,Alaska,Prince of Wales-Hyder,573:1
02201,Alaska,Prince of Wales-Outer Ketchikan,
02220,Alaska,Sitka,467:1
02230,Alaska,Skagway,1132:0
02232,Alaska,Skagway-Hoonah-Angoon,
02240,Alaska,Southeast Fairbanks,1743:1
02261,Alaska,Valdez-Cordova,
02270,Alaska,Wade Hampton,
02275,Alaska,Wrangell,685:1
02280,Alaska,Wrangell-Petersburg,
02282,Alaska,Yakutat,704:0
02290,Alaska,Yukon-Koyukuk,5275:1
04000,Arizona,,1505:1
04001,Arizona,Apache,2430:1
04003,Arizona,Cochise,1727:1
04005,Arizona,Coconino,1219:1
04007,Arizona,Gila,2233:1
04009,Arizona,Graham,2441:1
04011,Arizona,Greenlee,1567:1
04012,Arizona,La Paz,2735:1
04013,Arizona,Maricopa,1430:1
04015,Arizona,Mohave,1877:1
04017,Arizona,Navajo,1590:1
04019,Arizona,Pima,1149:1
04021,Arizona,Pinal,5619:1
04023,Arizona,Santa Cruz,2660:1
04025,Arizona,Yavapai,1808:1
04027,Arizona,Yuma,2352:1
05000,Arkansas,,1478:1
05001,Arkansas,Arkansas,2090:1
05003,Arkansas,Ashley,2334:1
05005,Arkansas,Baxter,1171:1
05007,Arkansas,Benton,1678:1
05009,Arkansas,Boone,1645:1
05011,Arkansas,Bradley,1735:1
05013,Arkansas,Calhoun,4741:1
05015,Arkansas,Carroll,1497:1
05017,Arkansas,Chicot,1670:1
05019,Arkansas,Clark,2132:1
05021,Arkansas,Clay,14350:1
05023,Arkansas,Cleburne,1471:1
05025,Arkansas,Cleveland,
05027,Arkansas,Columbia,1619:1
05029,Arkansas,Conway,1739:1
05031,Arkansas,Craighead,813:1
05033,Arkansas,Crawford,2875:1
05035,Arkansas,Crittenden,3656:1
05037,Arkansas,Cross,2383:1
05039,Arkansas,Dallas,6308:1
05041,Arkansas,Desha,2218:1
05043,Arkansas,Drew,1069:1
05045,Arkansas,Faulkner,1691:1
05047,Arkansas,Franklin,2862:1
05049,Arkansas,Fulton,2429:1
05051,Arkansas,Garland,1209:1
05053,Arkansas,Grant,9045:1
05055,Arkansas,Greene,2014:1
05057,Arkansas,Hempstead,3939:1
05059,Arkansas,Hot Spring,4144:1
05061,Arkansas,Howard,2116:1
05063,Arkansas,Independence,1301:1
05065,Arkansas,Izard,3478:1
05067,Arkansas,Jackson,2802:1
05069,Arkansas,Jefferson,1372:1
05071,Arkansas,Johnson,1846:1
05073,Arkansas,Lafayette,3082:1
05075,Arkansas,Lawrence,3258:1
05077,Arkansas,Lee,8619:1
05079,Arkansas,Lincoln,13037:1
05081,Arkansas,Little River,5972:1
05083,Arkansas,Logan,5304:1
05085,Arkansas,Lonoke,6793:1
05087,Arkansas,Madison,3392:1
05089,Arkansas,Marion,3396:1
05091,Arkansas,Miller,1471:1
05093,Arkansas,Mississippi,2833:1
05095,Arkansas,Monroe,2228:1
05097,Arkansas,Montgomery,4306:1
05099,Arkansas,Nevada,4094:1
05101,Arkansas,Newton,
05103,Arkansas,Ouachita,1716:1
05105,Arkansas,Perry,4982:1
05107,Arkansas,Phillips,1591:1
05109,Arkansas,Pike,2517:1
05111,Arkansas,Poinsett,11330:1
05113,Arkansas,Polk,1290:1
05115,Arkansas,Pope,1556:1
05117,Arkansas,Prairie,8135:1
05119,Arkansas,Pulaski,848:1
05121,Arkansas,Randolph,1887:1
05123,Arkansas,St. Francis,1749:1
05125,Arkansas,Saline,2556:1
05127,Arkansas,Scott,4911:1
05129,Arkansas,Searcy,3940:1
05131,Arkansas,Sebastian,764:1
05133,Arkansas,Sevier,2255:1
05135,Arkansas,Sharp,4406:1
05137,Arkansas,Stone,2080:1
05139,Arkansas,Union,1598:1
05141,Arkansas,Van Buren,3924:1
05143,Arkansas,Washington,1250:1
05145,Arkansas,White,1514:1
05147,Arkansas,Woodruff,3058:1
05149,Arkansas,Yell,1680:1
06000,California,,1233:1
06001,California,Alameda,893:1
06003,California,Alpine,1235:0
06005,California,Amador,2172:1
06007,California,Butte,1707:1
06009,California,Calaveras,2568:1
06011,California,Colusa,3653:1
06013,California,Contra Costa,986:1
06015,California,Del Norte,1653:1
06017,California,El Dorado,1323:1
06019,California,Fresno,1480:1
06021,California,Glenn,5761:1
06023,California,Humboldt,1642:1
06025,California,Imperial,3997:1
06027,California,Inyo,1459:1
06029,California,Kern,2090:1
06031,California,Kings,2692:1
06033,California,Lake,2371:1
06035,California,Lassen,3684:1
06037,California,Los Angeles,1326:1
06039,California,Madera,2125:1
06041,California,Marin,671:1
06043,California,Mariposa,4287:1
06045,California,Mendocino,1286:1
06047,California,Merced,2387:1
06049,California,Modoc,2165:1
06051,California,Mono,1204:1
06053,California,Monterey,1545:1
06055,California,Napa,1016:1
06057,California,Nevada,1380:1
06059,California,Orange,1004:1
06061,California,Placer,820:1
06063,California,Plumas,1328:1
06065,California,Riverside,2164:1
06067,California,Sacramento,1123:1
06069,California,San Benito,3704:1
06071,California,San Bernardino,1699:1
06073,California,San Diego,1185:1
06075,California,San Francisco,610:1
06077,California,San Joaquin,1709:1
06079,California,San Luis Obispo,1205:1
06081,California,San Mateo,918:1
06083,California,Santa Barbara,1305:1
06085,California,Santa Clara,935:1
06087,California,Santa Cruz,977:1
06089,California,Shasta,1283:1
06091,California,Sierra,
06093,California,Siskiyou,1337:1
06095,California,Solano,1192:1
06097,California,Sonoma,984:1
06099,California,Stanislaus,1528:1
06101,California,Sutter,1321:1
06103,California,Tehama,1871:1
06105,California,Trinity,5353:1
06107,California,Tulare,2159:1
06109,California,Tuolumne,1595:1
06111,California,Ventura,1230:1
06113,California,Yolo,810:1
06115,California,Yuba,4907:1
08000,Colorado,,1207:1
08001,Colorado,Adams,1927:1
08003,Colorado,Alamosa,1379:1
08005,Colorado,Arapahoe,1206:1
08007,Colorado,Archuleta,1149:1
08009,Colorado,Baca,1757:1
08011,Colorado,Bent,
08013,Colorado,Boulder,834:1
08014,Colorado,Broomfield,856:1
08015,Colorado,Chaffee,1057:1
08017,Colorado,Cheyenne,1707:0
08019,Colorado,Clear Creek,4723:1
08021,Colorado,Conejos,7612:1
08023,Colorado,Costilla,
08025,Colorado,Crowley,
08027,Colorado,Custer,5045:1
08029,Colorado,Delta,1583:1
08031,Colorado,Denver,767:1
08033,Colorado,Dolores,2397:1
08035,Colorado,Douglas,1430:1
08037,Colorado,Eagle,1267:1
08039,Colorado,Elbert,9043:1
08041,Colorado,El Paso,1583:1
08043,Colorado,Fremont,2159:1
08045,Colorado,Garfield,1323:1
08047,Colorado,Gilpin,2937:1
08049,Colorado,Grand,1762:1
08051,Colorado,Gunnison,1152:1
08053,Colorado,Hinsdale,781:0
08055,Colorado,Huerfano,1384:1
08057,Colorado,Jackson,1363:1
08059,Colorado,Jefferson,1132:1
08061,Colorado,Kiowa,1452:0
08063,Colorado,Kit Carson,2317:1
08065,Colorado,Lake,2469:1
08067,Colorado,La Plata,760:1
08069,Colorado,Larimer,1204:1
08071,Colorado,Las Animas,1829:1
08073,Colorado,Lincoln,948:1
08075,Colorado,Logan,1535:1
08077,Colorado,Mesa,855:1
08079,Colorado,Mineral,924:1
08081,Colorado,Moffat,4395:1
08083,Colorado,Montezuma,969:1
08085,Colorado,Montrose,1167:1
08087,Colorado,Morgan,1813:1
08089,Colorado,Otero,1430:1
08091,Colorado,Ouray,1259:1
08093,Colorado,Park,5907:1
08095,Colorado,Phillips,1128:1
08097,Colorado,Pitkin,1157:1
08099,Colorado,Prowers,2999:1
08101,Colorado,Pueblo,1501:1
08103,Colorado,Rio Blanco,810:1
08105,Colorado,Rio Grande,1037:1
08107,Colorado,Routt,760:1
08109,Colorado,Saguache,3236:1
08111,Colorado,San Juan,733:0
08113,Colorado,San Miguel,1153:1
08115,Colorado,Sedgwick,2336:1
08117,Colorado,Summit,1238:1
08119,Colorado,Teller,2770:1
08121,Colorado,Washington,1620:1
08123,Colorado,Weld,1735:1
08125,Colorado,Yuma,1243:1
09000,Connecticut,,1209:1
09001,Connecticut,Fairfield,1092:1
09003,Connecticut,Hartford,1054:1
09005,Connecticut,Litchfield,1814:1
09007,Connecticut,Middlesex,1277:1
09009,Connecticut,New Haven,1170:1
09011,Connecticut,New London,1670:1
09013,Connecticut,Tolland,2059:1
09015,Connecticut,Windham,2328:1
09110,Connecticut,Capitol,
09120,Connecticut,Greater Bridgeport,
09130,Connecticut,Lower Connecticut River Valley,
09140,Connecticut,Naugatuck Valley,
09150,Connecticut,Northeastern Connecticut,
09160,Connecticut,Northwest Hills,
09170,Connecticut,South Central Connecticut,
09180,Connecticut,Southeastern Connecticut,
09190,Connecticut,Western Connecticut,
10000,Delaware,,1356:1
10001,Delaware,Kent,1980:1
10003,Delaware,New Castle,1155:1
10005,Delaware,Sussex,1628:1
11000,District of Columbia,,776:1
11001,District of Columbia,District of Columbia,776:1
12000,Florida,,1370:1
12001,Florida,Alachua,643:1
12003,Florida,Baker,2610:1
12005,Florida,Bay,1739:1
12007,Florida,Bradford,7135:1
12009,Florida,Brevard,1383:1
12011,Florida,Broward,1321:1
12013,Florida,Calhoun,3410:1
12015,Florida,Charlotte,1610:1
12017,Florida,Citrus,2166:1
12019,Florida,Clay,1869:1
12021,Florida,Collier,1218:1
12023,Florida,Columbia,1955:1
12027,Florida,DeSoto,3823:1
12029,Florida,Dixie,4276:1
12031,Florida,Duval,1234:1
12033,Florida,Escambia,1311:1
12035,Florida,Flagler,1890:1
12037,Florida,Franklin,3143:1
12039,Florida,Gadsden,4371:1
12041,Florida,Gilchrist,2295:1
12043,Florida,Glades,
12045,Florida,Gulf,2052:1
12047,Florida,Hamilton,13993:1
12049,Florida,Hardee,6356:1
12051,Florida,Hendry,3665:1
12053,Florida,Hernando,1791:1
12055,Florida,Highlands,1722:1
12057,Florida,Hillsborough,1197:1
12059,Florida,Holmes,2826:1
12061,Florida,Indian River,1589:1
12063,Florida,Jackson,3180:1
12065,Florida,Jefferson,3639:1
12067,Florida,Lafayette,8382:1
12069,Florida,Lake,1706:1
12071,Florida,Lee,1504:1
12073,Florida,Leon,1131:1
12075,Florida,Levy,8832:1
12077,Florida,Liberty,
12079,Florida,Madison,9144:1
12081,Florida,Manatee,1612:1
12083,Florida,Marion,1723:1
12085,Florida,Martin,1441:1
12086,Florida,Miami-Dade,1208:1
12087,Florida,Monroe,1522:1
12089,Florida,Nassau,2616:1
12091,Florida,Okaloosa,1431:1
12093,Florida,Okeechobee,2369:1
12095,Florida,Orange,1080:1
12097,Florida,Osceola,2429:1
12099,Florida,Palm Beach,1244:1
12101,Florida,Pasco,1947:1
12103,Florida,Pinellas,1095:1
12105,Florida,Polk,2172:1
12107,Florida,Putnam,2649:1
12109,Florida,St. Johns,1052:1
12111,Florida,St. Lucie,2962:1
12113,Florida,Santa Rosa,1732:1
12115,Florida,Sarasota,1266:1
12117,Florida,Seminole,1260:1
12119,Florida,Sumter,2299:1
12121,Florida,Suwannee,7414:1
12123,Florida,Taylor,2182:1
12125,Florida,Union,3267:1
12127,Florida,Volusia,1481:1
12129,Florida,Wakulla,3154:1
12131,Florida,Walton,2224:1
12133,Florida,Washington,3180:1
13000,Georgia,,1517:1
13001,Georgia,Appling,2311:1
13003,Georgia,Atkinson,
13005,Georgia,Bacon,2216:1
13007,Georgia,Baker,
13009,Georgia,Baldwin,2304:1
13011,Georgia,Banks,6187:1
13013,Georgia,Barrow,4561:1
13015,Georgia,Bartow,2703:1
13017,Georgia,Ben Hill,2145:1
13019,Georgia,Berrien,4537:1
13021,Georgia,Bibb,716:1
13023,Georgia,Bleckley,4202:1
13025,Georgia,Brantley,6034:1
13027,Georgia,Brooks,5423:1
13029,Georgia,Bryan,1805:1
13031,Georgia,Bulloch,1792:1
13033,Georgia,Burke,3039:1
13035,Georgia,Butts,3683:1
13037,Georgia,Calhoun,5509:1
13039,Georgia,Camden,3711:1
13043,Georgia,Candler,5519:1
13045,Georgia,Carroll,1967:1
13047,Georgia,Catoosa,1754:1
13049,Georgia,Charlton,4255:1
13051,Georgia,Chatham,1078:1
13053,Georgia,Chattahoochee,603:1
13055,Georgia,Chattooga,12466:1
13057,Georgia,Cherokee,2430:1
13059,Georgia,Clarke,1226:1
13061,Georgia,Clay,2882:1
13063,Georgia,Clayton,3961:1
13065,Georgia,Clinch,6725:1
13067,Georgia,Cobb,1282:1
13069,Georgia,Coffee,1886:1
13071,Georgia,Colquitt,2695:1
13073,Georgia,Columbia,950:1
13075,Georgia,Cook,1914:1
13077,Georgia,Coweta,2205:1
13079,Georgia,Crawford,6077:1
13081,Georgia,Crisp,1420:1
13083,Georgia,Dade,3265:1
13085,Georgia,Dawson,1500:1
13087,Georgia,Decatur,2904:1
13089,Georgia,DeKalb,942:1
13091,Georgia,Dodge,3293:1
13093,Georgia,Dooly,10885:1
13095,Georgia,Dougherty,1286:1
13097,Georgia,Douglas,2315:1
13099,Georgia,Early,2124:1
13101,Georgia,Echols,
13103,Georgia,Effingham,4449:1
13105,Georgia,Elbert,2447:1
13107,Georgia,Emanuel,2524:1
13109,Georgia,Evans,2668:1
13111,Georgia,Fannin,1614:1
13113,Georgia,Fayette,893:1
13115,Georgia,Floyd,743:1
13117,Georgia,Forsyth,2526:1
13119,Georgia,Franklin,2973:1
13121,Georgia,Fulton,891:1
13123,Georgia,Gilmer,2288:1
13125,Georgia,Glascock,2919:1
13127,Georgia,Glynn,1926:1
13129,Georgia,Gordon,2157:1
13131,Georgia,Grady,2160:1
13133,Georgia,Greene,1776:1
13135,Georgia,Gwinnett,1517:1
13137,Georgia,Habersham,2126:1
13139,Georgia,Hall,1672:1
13141,Georgia,Hancock,8630:1
13143,Georgia,Haralson,2352:1
13145,Georgia,Harris,3563:1
13147,Georgia,Hart,2401:1
13149,Georgia,Heard,5783:1
13151,Georgia,Henry,2061:1
13153,Georgia,Houston,1896:1
13155,Georgia,Irwin,3206:1
13157,Georgia,Jackson,1784:1
13159,Georgia,Jasper,3056:1
13161,Georgia,Jeff Davis,14872:1
13163,Georgia,Jefferson,7762:1
13165,Georgia,Jenkins,2880:1
13167,Georgia,Johnson,1832:1
13169,Georgia,Jones,4057:1
13171,Georgia,Lamar,3816:1
13173,Georgia,Lanier,
13175,Georgia,Laurens,1180:1
13177,Georgia,Lee,1965:1
13179,Georgia,Liberty,2527:1
13181,Georgia,Lincoln,3875:1
13183,Georgia,Long,17152:1
13185,Georgia,Lowndes,1780:1
13187,Georgia,Lumpkin,3116:1
13189,Georgia,McDuffie,1967:1
13191,Georgia,McIntosh,
13193,Georgia,Macon,12004:1
13195,Georgia,Madison,5148:1
13197,Georgia,Marion,
13199,Georgia,Meriwether,3466:1
13201,Georgia,Miller,1973:1
13205,Georgia,Mitchell,2152:1
13207,Georgia,Monroe,1914:1
13209,Georgia,Montgomery,
13211,Georgia,Morgan,2579:1
13213,Georgia,Murray,6659:1
13215,Georgia,Muscogee,965:1
13217,Georgia,Newton,4272:1
13219,Georgia,Oconee,878:1
13221,Georgia,Oglethorpe,15140:1
13223,Georgia,Paulding,7241:1
13225,Georgia,Peach,4736:1
13227,Georgia,Pickens,2268:1
13229,Georgia,Pierce,3995:1
13231,Georgia,Pike,4869:1
13233,Georgia,Polk,4350:1
13235,Georgia,Pulaski,1653:1
13237,Georgia,Putnam,2509:1
13239,Georgia,Quitman,
13241,Georgia,Rabun,1427:1
13243,Georgia,Randolph,3144:1
13245,Georgia,Richmond,1124:1
13247,Georgia,Rockdale,1425:1
13249,Georgia,Schley,4478:1
13251,Georgia,Screven,7053:1
13253,Georgia,Seminole,1150:1
13255,Georgia,Spalding,2425:1
13257,Georgia,Stephens,1493:1
13259,Georgia,Stewart,
13261,Georgia,Sumter,1952:1
13263,Georgia,Talbot,2871:1
13265,Georgia,Taliaferro,1558:0
13267,Georgia,Tattnall,5763:1
13269,Georgia,Taylor,
13271,Georgia,Telfair,6207:1
13273,Georgia,Terrell,
13275,Georgia,Thomas,1066:1
13277,Georgia,Tift,1526:1
13279,Georgia,Toombs,1281:1
13281,Georgia,Towns,1839:1
13283,Georgia,Treutlen,
13285,Georgia,Troup,1992:1
13287,Georgia,Turner,
13289,Georgia,Twiggs,7856:1
13291,Georgia,Union,1343:1
13293,Georgia,Upson,1980:1
13295,Georgia,Walker,5270:1
13297,Georgia,Walton,4161:1
13299,Georgia,Ware,1638:1
13301,Georgia,Warren,1747:1
13303,Georgia,Washington,1413:1
13305,Georgia,Wayne,2762:1
13307,Georgia,Webster,2367:1
13309,Georgia,Wheeler,3736:1
13311,Georgia,White,7111:1
13313,Georgia,Whitfield,1870:1
13315,Georgia,Wilcox,8739:1
13317,Georgia,Wilkes,2378:1
13319,Georgia,Wilkinson,2944:1
13321,Georgia,Worth,3426:1
15000,Hawaii,,1122:1
15001,Hawaii,Hawaii,1301:1
15003,Hawaii,Honolulu,1074:1
15005,Hawaii,Kalawao,82:0
15007,Hawaii,Kauai,1224:1
15009,Hawaii,Maui,1199:1
16000,Idaho,,1619:1
16001,Idaho,Ada,1128:1
16003,Idaho,Adams,1542:1
16005,Idaho,Bannock,1358:1
16007,Idaho,Bear Lake,1309:1
16009,Idaho,Benewah,3310:1
16011,Idaho,Bingham,3491:1
16013,Idaho,Blaine,1238:1
16015,Idaho,Boise,8094:1
16017,Idaho,Bonner,2062:1
16019,Idaho,Bonneville,2611:1
16021,Idaho,Boundary,1794:1
16023,Idaho,Butte,
16025,Idaho,Camas,1139:0
16027,Idaho,Canyon,3199:1
16029,Idaho,Caribou,1778:1
16031,Idaho,Cassia,1144:1
16033,Idaho,Clark,792:0
16035,Idaho,Clearwater,741:1
16037,Idaho,Custer,
16039,Idaho,Elmore,1802:1
16041,Idaho,Franklin,2933:1
16043,Idaho,Fremont,3398:1
16045,Idaho,Gem,1649:1
16047,Idaho,Gooding,3154:1
16049,Idaho,Idaho,1217:1
16051,Idaho,Jefferson,4600:1
16053,Idaho,Jerome,3523:1
16055,Idaho,Kootenai,1249:1
16057,Idaho,Latah,1390:1
16059,Idaho,Lemhi,1632:1
16061,Idaho,Lewis,3715:1
16063,Idaho,Lincoln,2641:1
16065,Idaho,Madison,2343:1
16067,Idaho,Minidoka,3659:1
16069,Idaho,Nez Perce,1516:1
16071,Idaho,Oneida,1537:1
16073,Idaho,Owyhee,12336:1
16075,Idaho,Payette,2635:1
16077,Idaho,Power,3975:1
16079,Idaho,Shoshone,2269:1
16081,Idaho,Teton,3067:1
16083,Idaho,Twin Falls,1537:1
16085,Idaho,Valley,765:1
16087,Idaho,Washington,2180:1
17000,Illinois,,1264:1
17001,Illinois,Adams,955:1
17003,Illinois,Alexander,5030:1
17005,Illinois,Bond,1844:1
17007,Illinois,Boone,1899:1
17009,Illinois,Brown,6421:1
17011,Illinois,Bureau,2192:1
17013,Illinois,Calhoun,4369:1
17015,Illinois,Carroll,5233:1
17017,Illinois,Cass,12773:1
17019,Illinois,Champaign,958:1
17021,Illinois,Christian,2589:1
17023,Illinois,Clark,3060:1
17025,Illinois,Clay,4381:1
17027,Illinois,Clinton,3066:1
17029,Illinois,Coles,1264:1
17031,Illinois,Cook,1091:1
17033,Illinois,Crawford,2073:1
17035,Illinois,Cumberland,
17037,Illinois,DeKalb,3719:1
17039,Illinois,De Witt,3068:1
17041,Illinois,Douglas,2817:1
17043,Illinois,DuPage,741:1
17045,Illinois,Edgar,4130:1
17047,Illinois,Edwards,
17049,Illinois,Effingham,1275:1
17051,Illinois,Fayette,5346:1
17053,Illinois,Ford,1930:1
17055,Illinois,Franklin,2880:1
17057,Illinois,Fulton,2766:1
17059,Illinois,Gallatin,
17061,Illinois,Greene,5922:1
17063,Illinois,Grundy,3117:1
17065,Illinois,Hamilton,2637:1
17067,Illinois,Hancock,3480:1
17069,Illinois,Hardin,1217:1
17071,Illinois,Henderson,6312:1
17073,Illinois,Henry,4446:1
17075,Illinois,Iroquois,3353:1
17077,Illinois,Jackson,618:1
17079,Illinois,Jasper,9193:1
17081,Illinois,Jefferson,2049:1
17083,Illinois,Jersey,2133:1
17085,Illinois,Jo Daviess,2194:1
17087,Illinois,Johnson,13463:1
17089,Illinois,Kane,2503:1
17091,Illinois,Kankakee,2881:1
17093,Illinois,Kendall,3372:1
17095,Illinois,Knox,2053:1
17097,Illinois,Lake,940:1
17099,Illinois,LaSalle,2658:1
17101,Illinois,Lawrence,5051:1
17103,Illinois,Lee,1362:1
17105,Illinois,Livingston,2098:1
17107,Illinois,Logan,3499:1
17109,Illinois,McDonough,1916:1
17111,Illinois,McHenry,2222:1
17113,Illinois,McLean,1628:1
17115,Illinois,Macon,1126:1
17117,Illinois,Macoupin,4037:1
17119,Illinois,Madison,2099:1
17121,Illinois,Marion,2876:1
17123,Illinois,Marshall,5832:1
17125,Illinois,Mason,2576:1
17127,Illinois,Massac,4653:1
17129,Illinois,Menard,3041:1
17131,Illinois,Mercer,7791:1
17133,Illinois,Monroe,2495:1
17135,Illinois,Montgomery,2553:1
17137,Illinois,Morgan,2174:1
17139,Illinois,Moultrie,3628:1
17141,Illinois,Ogle,1774:1
17143,Illinois,Peoria,748:1
17145,Illinois,Perry,1614:1
17147,Illinois,Piatt,1861:1
17149,Illinois,Pike,1624:1
17151,Illinois,Pope,
17153,Illinois,Pulaski,
17155,Illinois,Putnam,5566:1
17157,Illinois,Randolph,2153:1
17159,Illinois,Richland,1755:1
17161,Illinois,Rock Island,2042:1
17163,Illinois,St. Clair,1699:1
17165,Illinois,Saline,1555:1
17167,Illinois,Sangamon,829:1
17169,Illinois,Schuyler,
17171,Illinois,Scott,
17173,Illinois,Shelby,4158:1
17175,Illinois,Stark,
17177,Illinois,Stephenson,2096:1
17179,Illinois,Tazewell,2329:1
17181,Illinois,Union,1302:1
17183,Illinois,Vermilion,2811:1
17185,Illinois,Wabash,2801:1
17187,Illinois,Warren,1837:1
17189,Illinois,Washington,6828:1
17191,Illinois,Wayne,1774:1
17193,Illinois,White,3446:1
17195,Illinois,Whiteside,1975:1
17197,Illinois,Will,1849:1
17199,Illinois,Williamson,1262:1
17201,Illinois,Winnebago,1423:1
17203,Illinois,Woodford,2249:1
18000,Indiana,,1524:1
18001,Indiana,Adams,2569:1
18003,Indiana,Allen,1354:1
18005,Indiana,Bartholomew,1269:1
18007,Indiana,Benton,4357:1
18009,Indiana,Blackford,1511:1
18011,Indiana,Boone,474:1
18013,Indiana,Brown,3110:1
18015,Indiana,Carroll,10222:1
18017,Indiana,Cass,2210:1
18019,Indiana,Clark,2611:1
18021,Indiana,Clay,2032:1
18023,Indiana,Clinton,6613:1
18025,Indiana,Crawford,
18027,Indiana,Daviess,2386:1
18029,Indiana,Dearborn,2209:1
18031,Indiana,Decatur,1645:1
18033,Indiana,DeKalb,2167:1
18035,Indiana,Delaware,874:1
18037,Indiana,Dubois,1320:1
18039,Indiana,Elkhart,2049:1
18041,Indiana,Fayette,2336:1
18043,Indiana,Floyd,1788:1
18045,Indiana,Fountain,4107:1
18047,Indiana,Franklin,1428:1
18049,Indiana,Fulton,2039:1
18051,Indiana,Gibson,2533:1
18053,Indiana,Grant,2367:1
18055,Indiana,Greene,3421:1
18057,Indiana,Hamilton,721:1
18059,Indiana,Hancock,1203:1
18061,Indiana,Harrison,2093:1
18063,Indiana,Hendricks,2062:1
18065,Indiana,Henry,2447:1
18067,Indiana,Howard,1819:1
18069,Indiana,Huntington,1836:1
18071,Indiana,Jackson,1486:1
18073,Indiana,Jasper,4136:1
18075,Indiana,Jay,3375:1
18077,Indiana,Jefferson,1657:1
18079,Indiana,Jennings,2284:1
18081,Indiana,Johnson,1245:1
18083,Indiana,Knox,1383:1
18085,Indiana,Kosciusko,2289:1
18087,Indiana,LaGrange,4052:1
18089,Indiana,Lake,1971:1
18091,Indiana,LaPorte,2676:1
18093,Indiana,Lawrence,2504:1
18095,Indiana,Madison,2076:1
18097,Indiana,Marion,1283:1
18099,Indiana,Marshall,1922:1
18101,Indiana,Martin,3260:1
18103,Indiana,Miami,4510:1
18105,Indiana,Monroe,1706:1
18107,Indiana,Montgomery,3460:1
18109,Indiana,Morgan,2490:1
18111,Indiana,Newton,13808:1
18113,Indiana,Noble,2952:1
18115,Indiana,Ohio,5978:1
18117,Indiana,Orange,2479:1
18119,Indiana,Owen,7149:1
18121,Indiana,Parke,3281:1
18123,Indiana,Perry,2146:1
18125,Indiana,Pike,3036:1
18127,Indiana,Porter,1778:1
18129,Indiana,Posey,3140:1
18131,Indiana,Pulaski,3085:1
18133,Indiana,Putnam,3082:1
18135,Indiana,Randolph,6097:1
18137,Indiana,Ripley,29081:1
18139,Indiana,Rush,2779:1
18141,Indiana,St. Joseph,1111:1
18143,Indiana,Scott,2706:1
18145,Indiana,Shelby,2815:1
18147,Indiana,Spencer,2828:1
18149,Indiana,Starke,7791:1
18151,Indiana,Steuben,3463:1
18153,Indiana,Sullivan,2965:1
18155,Indiana,Switzerland,
18157,Indiana,Tippecanoe,1428:1
18159,Indiana,Tipton,3843:1
18161,Indiana,Union,7047:1
18163,Indiana,Vanderburgh,1286:1
18165,Indiana,Vermillion,1705:1
18167,Indiana,Vigo,1204:1
18169,Indiana,Wabash,2370:1
18171,Indiana,Warren,
18173,Indiana,Warrick,652:1
18175,Indiana,Washington,4015:1
18177,Indiana,Wayne,1661:1
18179,Indiana,Wells,2169:1
18181,Indiana,White,2739:1
18183,Indiana,Whitley,1722:1
19000,Iowa,,1385:1
19001,Iowa,Adair,1885:1
19003,Iowa,Adams,1821:1
19005,Iowa,Allamakee,1741:1
19007,Iowa,Appanoose,1532:1
19009,Iowa,Audubon,1878:1
19011,Iowa,Benton,5138:1
19013,Iowa,Black Hawk,1051:1
19015,Iowa,Boone,2227:1
19017,Iowa,Bremer,2090:1
19019,Iowa,Buchanan,2582:1
19021,Iowa,Buena Vista,1888:1
19023,Iowa,Butler,7166:1
19025,Iowa,Calhoun,1416:1
19027,Iowa,Carroll,1150:1
19029,Iowa,Cass,2175:1
19031,Iowa,Cedar,6137:1
19033,Iowa,Cerro Gordo,700:1
19035,Iowa,Cherokee,1917:1
19037,Iowa,Chickasaw,2972:1
19039,Iowa,Clarke,1957:1
19041,Iowa,Clay,1174:1
19043,Iowa,Clayton,2428:1
19045,Iowa,Clinton,2112:1
19047,Iowa,Crawford,5398:1
19049,Iowa,Dallas,2359:1
19051,Iowa,Davis,4569:1
19053,Iowa,Decatur,3830:1
19055,Iowa,Delaware,2189:1
19057,Iowa,Des Moines,1327:1
19059,Iowa,Dickinson,1190:1
19061,Iowa,Dubuque,1299:1
19063,Iowa,Emmet,1554:1
19065,Iowa,Fayette,3210:1
19067,Iowa,Floyd,2569:1
19069,Iowa,Franklin,9952:1
19071,Iowa,Fremont,6567:1
19073,Iowa,Greene,1453:1
19075,Iowa,Grundy,4116:1
19077,Iowa,Guthrie,3522:1
19079,Iowa,Hamilton,3722:1
19081,Iowa,Hancock,10663:1
19083,Iowa,Hardin,2785:1
19085,Iowa,Harrison,2934:1
19087,Iowa,Henry,1699:1
19089,Iowa,Howard,1896:1
19091,Iowa,Humboldt,9634:1
19093,Iowa,Ida,3478:1
19095,Iowa,Iowa,1657:1
19097,Iowa,Jackson,2767:1
19099,Iowa,Jasper,2518:1
19101,Iowa,Jefferson,1304:1
19103,Iowa,Johnson,521:1
19105,Iowa,Jones,2972:1
19107,Iowa,Keokuk,9914:1
19109,Iowa,Kossuth,2076:1
19111,Iowa,Lee,1582:1
19113,Iowa,Linn,1601:1
19115,Iowa,Louisa,10749:1
19117,Iowa,Lucas,968:1
19119,Iowa,Lyon,3003:1
19121,Iowa,Madison,1864:1
19123,Iowa,Mahaska,1374:1
19125,Iowa,Marion,1043:1
19127,Iowa,Marshall,2344:1
19129,Iowa,Mills,1808:1
19131,Iowa,Mitchell,3518:1
19133,Iowa,Monona,1072:1
19135,Iowa,Monroe,1903:1
19137,Iowa,Montgomery,2581:1
19139,Iowa,Muscatine,2668:1
19141,Iowa,O'Brien,1752:1
19143,Iowa,Osceola,3080:1
19145,Iowa,Page,1900:1
19147,Iowa,Palo Alto,2227:1
19149,Iowa,Plymouth,1832:1
19151,Iowa,Pocahontas,3537:1
19153,Iowa,Polk,1073:1
19155,Iowa,Pottawattamie,2222:1
19157,Iowa,Poweshiek,1162:1
19159,Iowa,Ringgold,928:1
19161,Iowa,Sac,1625:1
19163,Iowa,Scott,1001:1
19165,Iowa,Shelby,1962:1
19167,Iowa,Sioux,1238:1
19169,Iowa,Story,1554:1
19171,Iowa,Tama,5622:1
19173,Iowa,Taylor,1956:1
19175,Iowa,Union,1002:1
19177,Iowa,Van Buren,1207:1
19179,Iowa,Wapello,1763:1
19181,Iowa,Warren,1618:1
19183,Iowa,Washington,1250:1
19185,Iowa,Wayne,1302:1
19187,Iowa,Webster,2322:1
19189,Iowa,Winnebago,3552:1
19191,Iowa,Winneshiek,995:1
19193,Iowa,Woodbury,1576:1
19195,Iowa,Worth,7385:1
19197,Iowa,Wright,2557:1
20000,Kansas,,1285:1
20001,Kansas,Allen,1558:1
20003,Kansas,Anderson,2593:1
20005,Kansas,Atchison,2030:1
20007,Kansas,Barber,2055:1
20009,Kansas,Barton,1576:1
20011,Kansas,Bourbon,2387:1
20013,Kansas,Brown,1182:1
20015,Kansas,Butler,1281:1
20017,Kansas,Chase,
20019,Kansas,Chautauqua,
20021,Kansas,Cherokee,4783:1
20023,Kansas,Cheyenne,
20025,Kansas,Clark,395:1
20027,Kansas,Clay,734:1
20029,Kansas,Cloud,1786:1
20031,Kansas,Coffey,1390:1
20033,Kansas,Comanche,835:1
20035,Kansas,Cowley,2464:1
20037,Kansas,Crawford,1504:1
20039,Kansas,Decatur,
20041,Kansas,Dickinson,2051:1
20043,Kansas,Doniphan,1868:1
20045,Kansas,Douglas,1159:1
20047,Kansas,Edwards,
20049,Kansas,Elk,2441:1
20051,Kansas,Ellis,1599:1
20053,Kansas,Ellsworth,3168:1
20055,Kansas,Finney,1732:1
20057,Kansas,Ford,1898:1
20059,Kansas,Franklin,2362:1
20061,Kansas,Geary,2567:1
20063,Kansas,Gove,459:1
20065,Kansas,Graham,1200:1
20067,Kansas,Grant,2441:1
20069,Kansas,Gray,5644:1
20071,Kansas,Greeley,1304:1
20073,Kansas,Greenwood,2970:1
20075,Kansas,Hamilton,2484:1
20077,Kansas,Harper,1777:1
20079,Kansas,Harvey,1353:1
20081,Kansas,Haskell,
20083,Kansas,Hodgeman,855:1
20085,Kansas,Jackson,1473:1
20087,Kansas,Jefferson,1841:1
20089,Kansas,Jewell,
20091,Kansas,Johnson,842:1
20093,Kansas,Kearny,778:1
20095,Kansas,Kingman,3696:1
20097,Kansas,Kiowa,2392:1
20099,Kansas,Labette,1991:1
20101,Kansas,Lane,1565:0
20103,Kansas,Leavenworth,2055:1
20105,Kansas,Lincoln,1452:1
20107,Kansas,Linn,9747:1
20109,Kansas,Logan,907:1
20111,Kansas,Lyon,1684:1
20113,Kansas,McPherson,1436:1
20115,Kansas,Marion,5856:1
20117,Kansas,Marshall,1663:1
20119,Kansas,Meade,
20121,Kansas,Miami,1730:1
20123,Kansas,Mitchell,958:1
20125,Kansas,Montgomery,4451:1
20127,Kansas,Morris,1785:1
20129,Kansas,Morton,897:1
20131,Kansas,Nemaha,786:1
20133,Kansas,Neosho,1578:1
20135,Kansas,Ness,1336:1
20137,Kansas,Norton,1336:1
20139,Kansas,Osage,15768:1
20141,Kansas,Osborne,3498:1
20143,Kansas,Ottawa,2919:1
20145,Kansas,Pawnee,1038:1
20147,Kansas,Phillips,4815:1
20149,Kansas,Pottawatomie,1357:1
20151,Kansas,Pratt,1148:1
20153,Kansas,Rawlins,2549:1
20155,Kansas,Reno,1706:1
20157,Kansas,Republic,1166:1
20159,Kansas,Rice,1878:1
20161,Kansas,Riley,1444:1
20163,Kansas,Rooks,966:1
20165,Kansas,Rush,2953:1
20167,Kansas,Russell,2234:1
20169,Kansas,Saline,1036:1
20171,Kansas,Scott,1026:1
20173,Kansas,Sedgwick,1124:1
20175,Kansas,Seward,3107:1
20177,Kansas,Shawnee,1371:1
20179,Kansas,Sheridan,1239:1
20181,Kansas,Sherman,2948:1
20183,Kansas,Smith,715:1
20185,Kansas,Stafford,4034:1
20187,Kansas,Stanton,
20189,Kansas,Stevens,5293:1
20191,Kansas,Sumner,3731:1
20193,Kansas,Thomas,1969:1
20195,Kansas,Trego,1397:1
20197,Kansas,Wabaunsee,2322:1
20199,Kansas,Wallace,1508:0
20201,Kansas,Washington,1378:1
20203,Kansas,Wichita,1041:1
20205,Kansas,Wilson,2132:1
20207,Kansas,Woodson,
20209,Kansas,Wyandotte,1796:1
21000,Kentucky,,1601:1
21001,Kentucky,Adair,3786:1
21003,Kentucky,Allen,6932:1
21005,Kentucky,Anderson,3434:1
21007,Kentucky,Ballard,
21009,Kentucky,Barren,1437:1
21011,Kentucky,Bath,6389:1
21013,Kentucky,Bell,1988:1
21015,Kentucky,Boone,1696:1
21017,Kentucky,Bourbon,1556:1
21019,Kentucky,Boyd,998:1
21021,Kentucky,Boyle,1708:1
21023,Kentucky,Bracken,8439:1
21025,Kentucky,Breathitt,2259:1
21027,Kentucky,Breckinridge,4130:1
21029,Kentucky,Bullitt,5528:1
21031,Kentucky,Butler,12294:1
21033,Kentucky,Caldwell,4208:1
21035,Kentucky,Calloway,2087:1
21037,Kentucky,Campbell,1861:1
21039,Kentucky,Carlisle,2396:1
21041,Kentucky,Carroll,3621:1
21043,Kentucky,Carter,5282:1
21045,Kentucky,Casey,7933:1
21047,Kentucky,Christian,1644:1
21049,Kentucky,Clark,2169:1
21051,Kentucky,Clay,2526:1
21053,Kentucky,Clinton,1853:1
21055,Kentucky,Crittenden,2237:1
21057,Kentucky,Cumberland,1960:1
21059,Kentucky,Daviess,1808:1
21061,Kentucky,Edmonson,12291:1
21063,Kentucky,Elliott,7381:1
21065,Kentucky,Estill,4697:1
21067,Kentucky,Fayette,832:1
21069,Kentucky,Fleming,3045:1
21071,Kentucky,Floyd,1764:1
21073,Kentucky,Franklin,2720:1
21075,Kentucky,Fulton,6512:1
21077,Kentucky,Gallatin,2194:1
21079,Kentucky,Garrard,4341:1
21081,Kentucky,Grant,2524:1
21083,Kentucky,Graves,3662:1
21085,Kentucky,Grayson,1658:1
21087,Kentucky,Green,5646:1
21089,Kentucky,Greenup,1981:1
21091,Kentucky,Hancock,
21093,Kentucky,Hardin,1666:1
21095,Kentucky,Harlan,2907:1
21097,Kentucky,Harrison,1895:1
21099,Kentucky,Hart,3892:1
21101,Kentucky,Henderson,1927:1
21103,Kentucky,Henry,1740:1
21105,Kentucky,Hickman,
21107,Kentucky,Hopkins,1003:1
21109,Kentucky,Jackson,4328:1
21111,Kentucky,Jefferson,1093:1
21113,Kentucky,Jessamine,1341:1
21115,Kentucky,Johnson,1735:1
21117,Kentucky,Kenton,1145:1
21119,Kentucky,Knott,4684:1
21121,Kentucky,Knox,3739:1
21123,Kentucky,Larue,7514:1
21125,Kentucky,Laurel,2607:1
21127,Kentucky,Lawrence,2715:1
21129,Kentucky,Lee,
21131,Kentucky,Leslie,5139:1
21133,Kentucky,Letcher,1771:1
21135,Kentucky,Lewis,6494:1
21137,Kentucky,Lincoln,4041:1
21139,Kentucky,Livingston,2986:1
21141,Kentucky,Logan,4629:1
21143,Kentucky,Lyon,2934:1
21145,Kentucky,McCracken,992:1
21147,Kentucky,McCreary,16892:1
21149,Kentucky,McLean,
21151,Kentucky,Madison,2104:1
21153,Kentucky,Magoffin,2874:1
21155,Kentucky,Marion,1973:1
21157,Kentucky,Marshall,2442:1
21159,Kentucky,Martin,2785:1
21161,Kentucky,Mason,1881:1
21163,Kentucky,Meade,4304:1
21165,Kentucky,Menifee,2065:1
21167,Kentucky,Mercer,3808:1
21169,Kentucky,Metcalfe,5175:1
21171,Kentucky,Monroe,2247:1
21173,Kentucky,Montgomery,2016:1
21175,Kentucky,Morgan,13820:1
21177,Kentucky,Muhlenberg,3069:1
21179,Kentucky,Nelson,1884:1
21181,Kentucky,Nicholas,7712:1
21183,Kentucky,Ohio,4738:1
21185,Kentucky,Oldham,1675:1
21187,Kentucky,Owen,2824:1
21189,Kentucky,Owsley,
21191,Kentucky,Pendleton,3652:1
21193,Kentucky,Perry,873:1
21195,Kentucky,Pike,1335:1
21197,Kentucky,Powell,13133:1
21199,Kentucky,Pulaski,1392:1
21201,Kentucky,Robertson,
21203,Kentucky,Rockcastle,2014:1
21205,Kentucky,Rowan,1554:1
21207,Kentucky,Russell,2594:1
21209,Kentucky,Scott,1713:1
21211,Kentucky,Shelby,2851:1
21213,Kentucky,Simpson,3944:1
21215,Kentucky,Spencer,3319:1
21217,Kentucky,Taylor,1381:1
21219,Kentucky,Todd,6143:1
21221,Kentucky,Trigg,
21223,Kentucky,Trimble,4265:1
21225,Kentucky,Union,4515:1
21227,Kentucky,Warren,1525:1
21229,Kentucky,Washington,3018:1
21231,Kentucky,Wayne,1954:1
21233,Kentucky,Webster,6407:1
21235,Kentucky,Whitley,1154:1
21237,Kentucky,Wolfe,3254:1
21239,Kentucky,Woodford,1289:1
22000,Louisiana,,1441:1
22001,Louisiana,Acadia,2728:1
22003,Louisiana,Allen,5672:1
22005,Louisiana,Ascension,2252:1
22007,Louisiana,Assumption,6896:1
22009,Louisiana,Avoyelles,3567:1
22011,Louisiana,Beauregard,2287:1
22013,Louisiana,Bienville,6388:1
22015,Louisiana,Bossier,2117:1
22017,Louisiana,Caddo,796:1
22019,Louisiana,Calcasieu,1267:1
22021,Louisiana,Caldwell,3190:1
22023,Louisiana,Cameron,2540:1
22025,Louisiana,Catahoula,8805:1
22027,Louisiana,Claiborne,2005:1
22029,Louisiana,Concordia,4594:1
22031,Louisiana,De Soto,5384:1
22033,Louisiana,East Baton Rouge,1153:1
22035,Louisiana,East Carroll,2407:1
22037,Louisiana,East Feliciana,3223:1
22039,Louisiana,Evangeline,1534:1
22041,Louisiana,Franklin,1788:1
22043,Louisiana,Grant,22236:1
22045,Louisiana,Iberia,2155:1
22047,Louisiana,Iberville,3314:1
22049,Louisiana,Jackson,4959:1
22051,Louisiana,Jefferson,1084:1
22053,Louisiana,Jefferson Davis,2695:1
22055,Louisiana,Lafayette,929:1
22057,Louisiana,Lafourche,1990:1
22059,Louisiana,LaSalle,1854:1
22061,Louisiana,Lincoln,1505:1
22063,Louisiana,Livingston,4861:1
22065,Louisiana,Madison,4900:1
22067,Louisiana,Morehouse,4171:1
22069,Louisiana,Natchitoches,1851:1
22071,Louisiana,Orleans,895:1
22073,Louisiana,Ouachita,1066:1
22075,Louisiana,Plaquemines,4661:1
22077,Louisiana,Pointe Coupee,3393:1
22079,Louisiana,Rapides,1191:1
22081,Louisiana,Red River,2521:1
22083,Louisiana,Richland,1523:1
22085,Louisiana,Sabine,7378:1
22087,Louisiana,St. Bernard,4023:1
22089,Louisiana,St. Charles,2905:1
22091,Louisiana,St. Helena,5456:1
22093,Louisiana,St. James,3948:1
22095,Louisiana,St. John the Baptist,3007:1
22097,Louisiana,St. Landry,1492:1
22099,Louisiana,St. Martin,4685:1
22101,Louisiana,St. Mary,2297:1
22103,Louisiana,St. Tammany,1295:1
22105,Louisiana,Tangipahoa,2504:1
22107,Louisiana,Tensas,4043:1
22109,Louisiana,Terrebonne,2091:1
22111,Louisiana,Union,5273:1
22113,Louisiana,Vermilion,2384:1
22115,Louisiana,Vernon,3694:1
22117,Louisiana,Washington,5015:1
22119,Louisiana,Webster,1573:1
22121,Louisiana,West Baton Rouge,5558:1
22123,Louisiana,West Carroll,1919:1
22125,Louisiana,West Feliciana,1937:1
22127,Louisiana,Winn,2248:1
23000,Maine,,932:1
23001,Maine,Androscoggin,1354:1
23003,Maine,Aroostook,891:1
23005,Maine,Cumberland,603:1
23007,Maine,Franklin,958:1
23009,Maine,Hancock,952:1
23011,Maine,Kennebec,902:1
23013,Maine,Knox,934:1
23015,Maine,Lincoln,919:1
23017,Maine,Oxford,1503:1
23019,Maine,Penobscot,738:1
23021,Maine,Piscataquis,1717:1
23023,Maine,Sagadahoc,1545:1
23025,Maine,Somerset,1745:1
23027,Maine,Waldo,1247:1
23029,Maine,Washington,2394:1
23031,Maine,York,1480:1
24000,Maryland,,1179:1
24001,Maryland,Allegany,1881:1
24003,Maryland,Anne Arundel,1487:1
24005,Maryland,Baltimore,1157:1
24009,Maryland,Calvert,2087:1
24011,Maryland,Caroline,3339:1
24013,Maryland,Carroll,2258:1
24015,Maryland,Cecil,2534:1
24017,Maryland,Charles,2636:1
24019,Maryland,Dorchester,2954:1
24021,Maryland,Frederick,1782:1
24023,Maryland,Garrett,2050:1
24025,Maryland,Harford,1852:1
24027,Maryland,Howard,545:1
24029,Maryland,Kent,1376:1
24031,Maryland,Montgomery,742:1
24033,Maryland,Prince George's,2015:1
24035,Maryland,Queen Anne's,3175:1
24037,Maryland,St. Mary's,2725:1
24039,Maryland,Somerset,2732:1
24041,Maryland,Talbot,855:1
24043,Maryland,Washington,1823:1
24045,Maryland,Wicomico,1552:1
24047,Maryland,Worcester,1181:1
24510,Maryland,Baltimore City,863:1
25000,Massachusetts,,990:1
25001,Massachusetts,Barnstable,1112:1
25003,Massachusetts,Berkshire,912:1
25005,Massachusetts,Bristol,1980:1
25007,Massachusetts,Dukes,2110:1
25009,Massachusetts,Essex,1350:1
25011,Massachusetts,Franklin,1578:1
25013,Massachusetts,Hampden,1502:1
25015,Massachusetts,Hampshire,781:1
25017,Massachusetts,Middlesex,803:1
25019,Massachusetts,Nantucket,2415:1
25021,Massachusetts,Norfolk,836:1
25023,Massachusetts,Plymouth,1577:1
25025,Massachusetts,Suffolk,635:1
25027,Massachusetts,Worcester,1071:1
26000,Michigan,,1276:1
26001,Michigan,Alcona,2047:1
26003,Michigan,Alger,1260:1
26005,Michigan,Allegan,4838:1
26007,Michigan,Alpena,1313:1
26009,Michigan,Antrim,1488:1
26011,Michigan,Arenac,2496:1
26013,Michigan,Baraga,1369:1
26015,Michigan,Barry,3315:1
26017,Michigan,Bay,2239:1
26019,Michigan,Benzie,1657:1
26021,Michigan,Berrien,1255:1
26023,Michigan,Branch,2812:1
26025,Michigan,Calhoun,1738:1
26027,Michigan,Cass,4680:1
26029,Michigan,Charlevoix,1186:1
26031,Michigan,Cheboygan,1839:1
26033,Michigan,Chippewa,1416:1
26035,Michigan,Clare,3452:1
26037,Michigan,Clinton,3309:1
26039,Michigan,Crawford,1320:1
26041,Michigan,Delta,1228:1
26043,Michigan,Dickinson,1357:1
26045,Michigan,Eaton,3026:1
26047,Michigan,Emmet,856:1
26049,Michigan,Genesee,1207:1
26051,Michigan,Gladwin,6371:1
26053,Michigan,Gogebic,1197:1
26055,Michigan,Grand Traverse,755:1
26057,Michigan,Gratiot,2077:1
26059,Michigan,Hillsdale,5061:1
26061,Michigan,Houghton,1435:1
26063,Michigan,Huron,1736:1
26065,Michigan,Ingham,866:1
26067,Michigan,Ionia,3953:1
26069,Michigan,Iosco,3171:1
26071,Michigan,Iron,1454:1
26073,Michigan,Isabella,2025:1
26075,Michigan,Jackson,2320:1
26077,Michigan,Kalamazoo,1012:1
26079,Michigan,Kalkaska,4495:1
26081,Michigan,Kent,1068:1
26083,Michigan,Keweenaw,
26085,Michigan,Lake,12308:1
26087,Michigan,Lapeer,2766:1
26089,Michigan,Leelanau,2262:1
26091,Michigan,Lenawee,4498:1
26093,Michigan,Livingston,2031:1
26095,Michigan,Luce,758:1
26097,Michigan,Mackinac,1558:1
26099,Michigan,Macomb,1842:1
26101,Michigan,Manistee,1950:1
26103,Michigan,Marquette,870:1
26105,Michigan,Mason,1278:1
26107,Michigan,Mecosta,2107:1
26109,Michigan,Menominee,2912:1
26111,Michigan,Midland,994:1
26113,Michigan,Missaukee,5043:1
26115,Michigan,Monroe,2823:1
26117,Michigan,Montcalm,3201:1
26119,Michigan,Montmorency,1328:1
26121,Michigan,Muskegon,1783:1
26123,Michigan,Newaygo,2794:1
26125,Michigan,Oakland,726:1
26127,Michigan,Oceana,2063:1
26129,Michigan,Ogemaw,6909:1
26131,Michigan,Ontonagon,2934:1
26133,Michigan,Osceola,3301:1
26135,Michigan,Oscoda,8311:1
26137,Michigan,Otsego,1150:1
26139,Michigan,Ottawa,1511:1
26141,Michigan,Presque Isle,6547:1
26143,Michigan,Roscommon,2148:1
26145,Michigan,Saginaw,1156:1
26147,Michigan,St. Clair,2286:1
26149,Michigan,St. Joseph,3574:1
26151,Michigan,Sanilac,3116:1
26153,Michigan,Schoolcraft,1338:1
26155,Michigan,Shiawassee,2715:1
26157,Michigan,Tuscola,3307:1
26159,Michigan,Van Buren,1991:1
26161,Michigan,Washtenaw,563:1
26163,Michigan,Wayne,1426:1
26165,Michigan,Wexford,1169:1
27000,Minnesota,,1134:1
27001,Minnesota,Aitkin,1135:1
27003,Minnesota,Anoka,2121:1
27005,Minnesota,Becker,1258:1
27007,Minnesota,Beltrami,928:1
27009,Minnesota,Benton,4607:1
27011,Minnesota,Big Stone,572:1
27013,Minnesota,Blue Earth,1083:1
27015,Minnesota,Brown,1076:1
27017,Minnesota,Carlton,1138:1
27019,Minnesota,Carver,1181:1
27021,Minnesota,Cass,3404:1
27023,Minnesota,Chippewa,1030:1
27025,Minnesota,Chisago,2052:1
27027,Minnesota,Clay,5044:1
27029,Minnesota,Clearwater,2859:1
27031,Minnesota,Cook,624:1
27033,Minnesota,Cottonwood,1653:1
27035,Minnesota,Crow Wing,989:1
27037,Minnesota,Dakota,1656:1
27039,Minnesota,Dodge,2326:1
27041,Minnesota,Douglas,892:1
27043,Minnesota,Faribault,1987:1
27045,Minnesota,Fillmore,3545:1
27047,Minnesota,Freeborn,1537:1
27049,Minnesota,Goodhue,1230:1
27051,Minnesota,Grant,3077:1
27053,Minnesota,Hennepin,832:1
27055,Minnesota,Houston,1707:1
27057,Minnesota,Hubbard,1670:1
27059,Minnesota,Isanti,1445:1
27061,Minnesota,Itasca,980:1
27063,Minnesota,Jackson,9990:1
27065,Minnesota,Kanabec,1010:1
27067,Minnesota,Kandiyohi,1183:1
27069,Minnesota,Kittson,
27071,Minnesota,Koochiching,2985:1
27073,Minnesota,Lac qui Parle,1337:1
27075,Minnesota,Lake,1099:1
27077,Minnesota,Lake of the Woods,3823:1
27079,Minnesota,Le Sueur,7210:1
27081,Minnesota,Lincoln,1856:1
27083,Minnesota,Lyon,1201:1
27085,Minnesota,McLeod,1361:1
27087,Minnesota,Mahnomen,5414:1
27089,Minnesota,Marshall,8988:1
27091,Minnesota,Martin,1245:1
27093,Minnesota,Meeker,1948:1
27095,Minnesota,Mille Lacs,1580:1
27097,Minnesota,Morrison,1789:1
27099,Minnesota,Mower,2362:1
27101,Minnesota,Murray,2715:1
27103,Minnesota,Nicollet,1184:1
27105,Minnesota,Nobles,1571:1
27107,Minnesota,Norman,
27109,Minnesota,Olmsted,432:1
27111,Minnesota,Otter Tail,1876:1
27113,Minnesota,Pennington,1253:1
27115,Minnesota,Pine,5860:1
27117,Minnesota,Pipestone,1863:1
27119,Minnesota,Polk,1809:1
27121,Minnesota,Pope,877:1
27123,Minnesota,Ramsey,908:1
27125,Minnesota,Red Lake,
27127,Minnesota,Redwood,2195:1
27129,Minnesota,Renville,3652:1
27131,Minnesota,Rice,1160:1
27133,Minnesota,Rock,1076:1
27135,Minnesota,Roseau,1907:1
27137,Minnesota,St. Louis,810:1
27139,Minnesota,Scott,2044:1
27141,Minnesota,Sherburne,2678:1
27143,Minnesota,Sibley,7459:1
27145,Minnesota,Stearns,1025:1
27147,Minnesota,Steele,1698:1
27149,Minnesota,Stevens,1617:1
27151,Minnesota,Swift,2437:1
27153,Minnesota,Todd,1202:1
27155,Minnesota,Traverse,
27157,Minnesota,Wabasha,1265:1
27159,Minnesota,Wadena,2025:1
27161,Minnesota,Waseca,3800:1
27163,Minnesota,Washington,959:1
27165,Minnesota,Watonwan,1856:1
27167,Minnesota,Wilkin,3198:1
27169,Minnesota,Winona,2757:1
27171,Minnesota,Wright,2541:1
27173,Minnesota,Yellow Medicine,1882:1
28000,Mississippi,,1875:1
28001,Mississippi,Adams,1306:1
28003,Mississippi,Alcorn,2290:1
28005,Mississippi,Amite,6319:1
28007,Mississippi,Attala,1971:1
28009,Mississippi,Benton,7646:1
28011,Mississippi,Bolivar,2021:1
28013,Mississippi,Calhoun,6509:1
28015,Mississippi,Carroll,4940:1
28017,Mississippi,Chickasaw,1701:1
28019,Mississippi,Choctaw,8106:1
28021,Mississippi,Claiborne,2227:1
28023,Mississippi,Clarke,5140:1
28025,Mississippi,Clay,2648:1
28027,Mississippi,Coahoma,2312:1
28029,Mississippi,Copiah,3999:1
28031,Mississippi,Covington,2285:1
28033,Mississippi,DeSoto,3850:1
28035,Mississippi,Forrest,1145:1
28037,Mississippi,Franklin,7676:1
28039,Mississippi,George,2251:1
28041,Mississippi,Greene,13630:1
28043,Mississippi,Grenada,2671:1
28045,Mississippi,Hancock,2303:1
28047,Mississippi,Harrison,1790:1
28049,Mississippi,Hinds,1119:1
28051,Mississippi,Holmes,1833:1
28053,Mississippi,Humphreys,1888:1
28055,Mississippi,Issaquena,1280:0
28057,Mississippi,Itawamba,5960:1
28059,Mississippi,Jackson,2182:1
28061,Mississippi,Jasper,5430:1
28063,Mississippi,Jefferson,3603:1
28065,Mississippi,Jefferson Davis,3711:1
28067,Mississippi,Jones,2023:1
28069,Mississippi,Kemper,8829:1
28071,Mississippi,Lafayette,1422:1
28073,Mississippi,Lamar,807:1
28075,Mississippi,Lauderdale,988:1
28077,Mississippi,Lawrence,5906:1
28079,Mississippi,Leake,4239:1
28081,Mississippi,Lee,846:1
28083,Mississippi,Leflore,1253:1
28085,Mississippi,Lincoln,2496:1
28087,Mississippi,Lowndes,2077:1
28089,Mississippi,Madison,773:1
28091,Mississippi,Marion,2709:1
28093,Mississippi,Marshall,6745:1
28095,Mississippi,Monroe,1993:1
28097,Mississippi,Montgomery,1946:1
28099,Mississippi,Neshoba,1812:1
28101,Mississippi,Newton,7019:1
28103,Mississippi,Noxubee,10123:1
28105,Mississippi,Oktibbeha,2469:1
28107,Mississippi,Panola,4693:1
28109,Mississippi,Pearl River,4036:1
28111,Mississippi,Perry,11571:1
28113,Mississippi,Pike,2665:1
28115,Mississippi,Pontotoc,5241:1
28117,Mississippi,Prentiss,3125:1
28119,Mississippi,Quitman,
28121,Mississippi,Rankin,1776:1
28123,Mississippi,Scott,5520:1
28125,Mississippi,Sharkey,3663:1
28127,Mississippi,Simpson,3219:1
28129,Mississippi,Smith,14191:1
28131,Mississippi,Stone,3107:1
28133,Mississippi,Sunflower,2822:1
28135,Mississippi,Tallahatchie,12366:1
28137,Mississippi,Tate,4033:1
28139,Mississippi,Tippah,10818:1
28141,Mississippi,Tishomingo,3750:1
28143,Mississippi,Tunica,9696:1
28145,Mississippi,Union,2795:1
28147,Mississippi,Walthall,1977:1
28149,Mississippi,Warren,1503:1
28151,Mississippi,Washington,2427:1
28153,Mississippi,Wayne,3285:1
28155,Mississippi,Webster,2496:1
28157,Mississippi,Wilkinson,2772:1
28159,Mississippi,Winston,3519:1
28161,Mississippi,Yalobusha,12415:1
28163,Mississippi,Yazoo,4396:1
29000,Missouri,,1421:1
29001,Missouri,Adair,572:1
29003,Missouri,Andrew,9001:1
29005,Missouri,Atchison,2617:1
29007,Missouri,Audrain,2498:1
29009,Missouri,Barry,1335:1
29011,Missouri,Barton,2915:1
29013,Missouri,Bates,8053:1
29015,Missouri,Benton,3982:1
29017,Missouri,Bollinger,5278:1
29019,Missouri,Boone,845:1
29021,Missouri,Buchanan,1525:1
29023,Missouri,Butler,1053:1
29025,Missouri,Caldwell,8897:1
29027,Missouri,Callaway,2626:1
29029,Missouri,Camden,1316:1
29031,Missouri,Cape Girardeau,1110:1
29033,Missouri,Carroll,2792:1
29035,Missouri,Carter,5320:1
29037,Missouri,Cass,4061:1
29039,Missouri,Cedar,2071:1
29041,Missouri,Chariton,7356:1
29043,Missouri,Christian,2408:1
29045,Missouri,Clark,3368:1
29047,Missouri,Clay,1681:1
29049,Missouri,Clinton,1637:1
29051,Missouri,Cole,1430:1
29053,Missouri,Cooper,4279:1
29055,Missouri,Crawford,22807:1
29057,Missouri,Dade,1520:1
29059,Missouri,Dallas,17341:1
29061,Missouri,Daviess,8399:1
29063,Missouri,DeKalb,3699:1
29065,Missouri,Dent,3608:1
29067,Missouri,Douglas,5866:1
29069,Missouri,Dunklin,3960:1
29071,Missouri,Franklin,1670:1
29073,Missouri,Gasconade,2113:1
29075,Missouri,Gentry,3087:1
29077,Missouri,Greene,1071:1
29079,Missouri,Grundy,4860:1
29081,Missouri,Harrison,4082:1
29083,Missouri,Henry,1306:1
29085,Missouri,Hickory,8607:1
29087,Missouri,Holt,
29089,Missouri,Howard,2542:1
29091,Missouri,Howell,1142:1
29093,Missouri,Iron,9408:1
29095,Missouri,Jackson,1185:1
29097,Missouri,Jasper,1219:1
29099,Missouri,Jefferson,3927:1
29101,Missouri,Johnson,2850:1
29103,Missouri,Knox,
29105,Missouri,Laclede,1807:1
29107,Missouri,Lafayette,4102:1
29109,Missouri,Lawrence,2555:1
29111,Missouri,Lewis,5000:1
29113,Missouri,Lincoln,20529:1
29115,Missouri,Linn,2961:1
29117,Missouri,Livingston,1341:1
29119,Missouri,McDonald,11692:1
29121,Missouri,Macon,2531:1
29123,Missouri,Madison,3163:1
29125,Missouri,Maries,
29127,Missouri,Marion,983:1
29129,Missouri,Mercer,3488:1
29131,Missouri,Miller,3114:1
29133,Missouri,Mississippi,6269:1
29135,Missouri,Moniteau,15484:1
29137,Missouri,Monroe,2904:1
29139,Missouri,Montgomery,5708:1
29141,Missouri,Morgan,3563:1
29143,Missouri,New Madrid,16035:1
29145,Missouri,Newton,8484:1
29147,Missouri,Nodaway,2645:1
29149,Missouri,Oregon,
29151,Missouri,Osage,4460:1
29153,Missouri,Ozark,8782:1
29155,Missouri,Pemiscot,2539:1
29157,Missouri,Perry,2703:1
29159,Missouri,Pettis,1800:1
29161,Missouri,Phelps,1215:1
29163,Missouri,Pike,5920:1
29165,Missouri,Platte,1234:1
29167,Missouri,Polk,1232:1
29169,Missouri,Pulaski,3588:1
29171,Missouri,Putnam,1571:1
29173,Missouri,Ralls,10361:1
29175,Missouri,Randolph,3537:1
29177,Missouri,Ray,4602:1
29179,Missouri,Reynolds,3044:1
29181,Missouri,Ripley,10617:1
29183,Missouri,St. Charles,2135:1
29185,Missouri,St. Clair,2344:1
29186,Missouri,Ste. Genevieve,2324:1
29187,Missouri,St. Francois,1501:1
29189,Missouri,St. Louis,823:1
29195,Missouri,Saline,1941:1
29197,Missouri,Schuyler,4025:1
29199,Missouri,Scotland,587:1
29201,Missouri,Scott,1992:1
29203,Missouri,Shannon,7106:1
29205,Missouri,Shelby,5976:1
29207,Missouri,Stoddard,2034:1
29209,Missouri,Stone,3944:1
29211,Missouri,Sullivan,2967:1
29213,Missouri,Taney,1253:1
29215,Missouri,Texas,2499:1
29217,Missouri,Vernon,3919:1
29219,Missouri,Warren,4565:1
29221,Missouri,Washington,3357:1
29223,Missouri,Wayne,2183:1
29225,Missouri,Webster,2649:1
29227,Missouri,Worth,1983:1
29229,Missouri,Wright,6203:1
29510,Missouri,St. Louis City,1033:1
30000,Montana,,1200:1
30001,Montana,Beaverhead,680:1
30003,Montana,Big Horn,1851:1
30005,Montana,Blaine,1745:1
30007,Montana,Broadwater,7288:1
30009,Montana,Carbon,1550:1
30011,Montana,Carter,1428:0
30013,Montana,Cascade,1341:1
30015,Montana,Chouteau,
30017,Montana,Custer,1490:1
30019,Montana,Daniels,1686:0
30021,Montana,Dawson,2226:1
30023,Montana,Deer Lodge,1186:1
30025,Montana,Fallon,1006:1
30027,Montana,Fergus,1162:1
30029,Montana,Flathead,1085:1
30031,Montana,Gallatin,1278:1
30033,Montana,Garfield,1209:0
30035,Montana,Glacier,1253:1
30037,Montana,Golden Valley,831:1
30039,Montana,Granite,3344:1
30041,Montana,Hill,1471:1
30043,Montana,Jefferson,1559:1
30045,Montana,Judith Basin,
30047,Montana,Lake,1335:1
30049,Montana,Lewis and Clark,1062:1
30051,Montana,Liberty,1946:1
30053,Montana,Lincoln,1368:1
30055,Montana,McCone,1718:0
30057,Montana,Madison,1783:1
30059,Montana,Meagher,982:1
30061,Montana,Mineral,2430:1
30063,Montana,Missoula,866:1
30065,Montana,Musselshell,4896:1
30067,Montana,Park,920:1
30069,Montana,Petroleum,519:0
30071,Montana,Phillips,4192:1
30073,Montana,Pondera,1998:1
30075,Montana,Powder River,1702:0
30077,Montana,Powell,1400:1
30079,Montana,Prairie,1091:0
30081,Montana,Ravalli,1641:1
30083,Montana,Richland,3761:1
30085,Montana,Roosevelt,1546:1
30087,Montana,Rosebud,2031:1
30089,Montana,Sanders,1296:1
30091,Montana,Sheridan,3527:1
30093,Montana,Silver Bow,1265:1
30095,Montana,Stillwater,3015:1
30097,Montana,Sweet Grass,1241:1
30099,Montana,Teton,3135:1
30101,Montana,Toole,1670:1
30103,Montana,Treasure,768:0
30105,Montana,Valley,1077:1
30107,Montana,Wheatland,
30109,Montana,Wibaux,934:0
30111,Montana,Yellowstone,929:1
31000,Nebraska,,1343:1
31001,Nebraska,Adams,1108:1
31003,Nebraska,Antelope,3140:1
31005,Nebraska,Arthur,439:0
31007,Nebraska,Banner,692:0
31009,Nebraska,Blaine,461:0
31011,Nebraska,Boone,673:1
31013,Nebraska,Box Butte,2121:1
31015,Nebraska,Boyd,1789:1
31017,Nebraska,Brown,969:1
31019,Nebraska,Buffalo,1144:1
31021,Nebraska,Burt,3355:1
31023,Nebraska,Butler,1407:1
31025,Nebraska,Cass,3377:1
31027,Nebraska,Cedar,8330:1
31029,Nebraska,Chase,3826:1
31031,Nebraska,Cherry,1365:1
31033,Nebraska,Cheyenne,1906:1
31035,Nebraska,Clay,3039:1
31037,Nebraska,Colfax,
31039,Nebraska,Cuming,2246:1
31041,Nebraska,Custer,1743:1
31043,Nebraska,Dakota,7080:1
31045,Nebraska,Dawes,1358:1
31047,Nebraska,Dawson,1838:1
31049,Nebraska,Deuel,1865:0
31051,Nebraska,Dixon,5545:1
31053,Nebraska,Dodge,2061:1
31055,Nebraska,Douglas,920:1
31057,Nebraska,Dundy,818:1
31059,Nebraska,Fillmore,2773:1
31061,Nebraska,Franklin,1452:1
31063,Nebraska,Frontier,
31065,Nebraska,Furnas,921:1
31067,Nebraska,Gage,1351:1
31069,Nebraska,Garden,1847:0
31071,Nebraska,Garfield,1839:1
31073,Nebraska,Gosper,1824:1
31075,Nebraska,Grant,579:0
31077,Nebraska,Greeley,
31079,Nebraska,Hall,1722:1
31081,Nebraska,Hamilton,939:1
31083,Nebraska,Harlan,1546:1
31085,Nebraska,Hayes,843:0
31087,Nebraska,Hitchcock,2586:1
31089,Nebraska,Holt,1117:1
31091,Nebraska,Hooker,367:1
31093,Nebraska,Howard,1306:1
31095,Nebraska,Jefferson,1794:1
31097,Nebraska,Johnson,5316:1
31099,Nebraska,Kearney,3337:1
31101,Nebraska,Keith,1380:1
31103,Nebraska,Keya Paha,787:0
31105,Nebraska,Kimball,
31107,Nebraska,Knox,2100:1
31109,Nebraska,Lancaster,1442:1
31111,Nebraska,Lincoln,1896:1
31113,Nebraska,Logan,687:0
31115,Nebraska,Loup,604:0
31117,Nebraska,McPherson,379:0
31119,Nebraska,Madison,1606:1
31121,Nebraska,Merrick,2555:1
31123,Nebraska,Morrill,2287:1
31125,Nebraska,Nance,
31127,Nebraska,Nemaha,1177:1
31129,Nebraska,Nuckolls,812:1
31131,Nebraska,Otoe,1328:1
31133,Nebraska,Pawnee,2548:1
31135,Nebraska,Perkins,944:1
31137,Nebraska,Phelps,993:1
31139,Nebraska,Pierce,2438:1
31141,Nebraska,Platte,1317:1
31143,Nebraska,Polk,1725:1
31145,Nebraska,Red Willow,1328:1
31147,Nebraska,Richardson,1940:1
31149,Nebraska,Rock,1264:1
31151,Nebraska,Saline,2365:1
31153,Nebraska,Sarpy,2015:1
31155,Nebraska,Saunders,2279:1
31157,Nebraska,Scotts Bluff,1430:1
31159,Nebraska,Seward,1600:1
31161,Nebraska,Sheridan,2548:1
31163,Nebraska,Sherman,
31165,Nebraska,Sioux,1143:1
31167,Nebraska,Stanton,
31169,Nebraska,Thayer,1228:1
31171,Nebraska,Thomas,673:0
31173,Nebraska,Thurston,1103:1
31175,Nebraska,Valley,813:1
31177,Nebraska,Washington,2330:1
31179,Nebraska,Wayne,1631:1
31181,Nebraska,Webster,3411:1
31183,Nebraska,Wheeler,795:0
31185,Nebraska,York,1295:1
32000,Nevada,,1763:1
32001,Nevada,Churchill,2144:1
32003,Nevada,Clark,1831:1
32005,Nevada,Douglas,1918:1
32007,Nevada,Elko,2838:1
32009,Nevada,Esmeralda,743:0
32011,Nevada,Eureka,1903:0
32013,Nevada,Humboldt,2206:1
32015,Nevada,Lander,2899:1
32017,Nevada,Lincoln,2263:1
32019,Nevada,Lyon,7613:1
32021,Nevada,Mineral,917:1
32023,Nevada,Nye,4112:1
32027,Nevada,Pershing,3371:1
32029,Nevada,Storey,
32031,Nevada,Washoe,1268:1
32033,Nevada,White Pine,1312:1
32510,Nevada,Carson City,1552:1
33000,New Hampshire,,1149:1
33001,New Hampshire,Belknap,2079:1
33003,New Hampshire,Carroll,1226:1
33005,New Hampshire,Cheshire,1487:1
33007,New Hampshire,Coos,894:1
33009,New Hampshire,Grafton,530:1
33011,New Hampshire,Hillsborough,1198:1
33013,New Hampshire,Merrimack,1015:1
33015,New Hampshire,Rockingham,1273:1
33017,New Hampshire,Strafford,1505:1
33019,New Hampshire,Sullivan,1404:1
34000,New Jersey,,1279:1
34001,New Jersey,Atlantic,1396:1
34003,New Jersey,Bergen,882:1
34005,New Jersey,Burlington,1319:1
34007,New Jersey,Camden,1015:1
34009,New Jersey,Cape May,1876:1
34011,New Jersey,Cumberland,2560:1
34013,New Jersey,Essex,1325:1
34015,New Jersey,Gloucester,1879:1
34017,New Jersey,Hudson,2109:1
34019,New Jersey,Hunterdon,909:1
34021,New Jersey,Mercer,1106:1
34023,New Jersey,Middlesex,1106:1
34025,New Jersey,Monmouth,912:1
34027,New Jersey,Morris,1073:1
34029,New Jersey,Ocean,2606:1
34031,New Jersey,Passaic,1926:1
34033,New Jersey,Salem,4065:1
34035,New Jersey,Somerset,907:1
34037,New Jersey,Sussex,2205:1
34039,New Jersey,Union,1625:1
34041,New Jersey,Warren,1846:1
35000,New Mexico,,1344:1
35001,New Mexico,Bernalillo,942:1
35003,New Mexico,Catron,
35005,New Mexico,Chaves,1616:1
35006,New Mexico,Cibola,2091:1
35007,New Mexico,Colfax,2474:1
35009,New Mexico,Curry,2400:1
35011,New Mexico,De Baca,1680:1
35013,New Mexico,Dona Ana,1617:1
35015,New Mexico,Eddy,3384:1
35017,New Mexico,Grant,1549:1
35019,New Mexico,Guadalupe,2225:1
35021,New Mexico,Harding,639:0
35023,New Mexico,Hidalgo,4074:1
35025,New Mexico,Lea,3318:1
35027,New Mexico,Lincoln,1572:1
35028,New Mexico,Los Alamos,644:1
35029,New Mexico,Luna,6383:1
35031,New Mexico,McKinley,1217:1
35033,New Mexico,Mora,
35035,New Mexico,Otero,2211:1
35037,New Mexico,Quay,8656:1
35039,New Mexico,Rio Arriba,2009:1
35041,New Mexico,Roosevelt,2377:1
35043,New Mexico,Sandoval,1514:1
35045,New Mexico,San Juan,1891:1
35047,New Mexico,San Miguel,2088:1
35049,New Mexico,Santa Fe,908:1
35051,New Mexico,Sierra,2300:1
35053,New Mexico,Socorro,2330:1
35055,New Mexico,Taos,1154:1
35057,New Mexico,Torrance,15307:1
35059,New Mexico,Union,4107:1
35061,New Mexico,Valencia,3356:1
36000,New York,,1245:1
36001,New York,Albany,1039:1
36003,New York,Allegany,2882:1
36005,New York,Bronx,1729:1
36007,New York,Broome,1273:1
36009,New York,Cattaraugus,2316:1
36011,New York,Cayuga,3449:1
36013,New York,Chautauqua,1585:1
36015,New York,Chemung,1278:1
36017,New York,Chenango,3324:1
36019,New York,Clinton,1244:1
36021,New York,Columbia,2471:1
36023,New York,Cortland,2724:1
36025,New York,Delaware,2610:1
36027,New York,Dutchess,1408:1
36029,New York,Erie,1366:1
36031,New York,Essex,1961:1
36033,New York,Franklin,1898:1
36035,New York,Fulton,3124:1
36037,New York,Genesee,3214:1
36039,New York,Greene,3464:1
36041,New York,Hamilton,2560:1
36043,New York,Herkimer,3746:1
36045,New York,Jefferson,1971:1
36047,New York,Kings,1582:1
36049,New York,Lewis,1476:1
36051,New York,Livingston,2199:1
36053,New York,Madison,1353:1
36055,New York,Monroe,931:1
36057,New York,Montgomery,1906:1
36059,New York,Nassau,734:1
36061,New York,New York,731:1
36063,New York,Niagara,2613:1
36065,New York,Oneida,1421:1
36067,New York,Onondaga,1083:1
36069,New York,Ontario,1210:1
36071,New York,Orange,1498:1
36073,New York,Orleans,13397:1
36075,New York,Oswego,2498:1
36077,New York,Otsego,727:1
36079,New York,Putnam,1883:1
36081,New York,Queens,1697:1
36083,New York,Rensselaer,2081:1
36085,New York,Richmond,1231:1
36087,New York,Rockland,1178:1
36089,New York,St. Lawrence,1831:1
36091,New York,Saratoga,1439:1
36093,New York,Schenectady,1255:1
36095,New York,Schoharie,3318:1
36097,New York,Schuyler,1614:1
36099,New York,Seneca,3743:1
36101,New York,Steuben,1787:1
36103,New York,Suffolk,1403:1
36105,New York,Sullivan,3069:1
36107,New York,Tioga,3691:1
36109,New York,Tompkins,1252:1
36111,New York,Ulster,1678:1
36113,New York,Warren,899:1
36115,New York,Washington,2771:1
36117,New York,Wayne,4330:1
36119,New York,Westchester,760:1
36121,New York,Wyoming,2892:1
36123,New York,Yates,2051:1
37000,North Carolina,,1413:1
37001,North Carolina,Alamance,2595:1
37003,North Carolina,Alexander,5235:1
37005,North Carolina,Alleghany,1004:1
37007,North Carolina,Anson,2206:1
37009,North Carolina,Ashe,2055:1
37011,North Carolina,Avery,4466:1
37013,North Carolina,Beaufort,1933:1
37015,North Carolina,Bertie,3501:1
37017,North Carolina,Bladen,4218:1
37019,North Carolina,Brunswick,2289:1
37021,North Carolina,Buncombe,711:1
37023,North Carolina,Burke,1593:1
37025,North Carolina,Cabarrus,1264:1
37027,North Carolina,Caldwell,2012:1
37029,North Carolina,Camden,5418:1
37031,North Carolina,Carteret,1632:1
37033,North Carolina,Caswell,4543:1
37035,North Carolina,Catawba,1570:1
37037,North Carolina,Chatham,1067:1
37039,North Carolina,Cherokee,2431:1
37041,North Carolina,Chowan,1372:1
37043,North Carolina,Clay,2262:1
37045,North Carolina,Cleveland,2281:1
37047,North Carolina,Columbus,2505:1
37049,North Carolina,Craven,1342:1
37051,North Carolina,Cumberland,1416:1
37053,North Carolina,Currituck,3707:1
37055,North Carolina,Dare,1719:1
37057,North Carolina,Davidson,3555:1
37059,North Carolina,Davie,2419:1
37061,North Carolina,Duplin,4410:1
37063,North Carolina,Durham,836:1
37065,North Carolina,Edgecombe,2545:1
37067,North Carolina,Forsyth,878:1
37069,North Carolina,Franklin,7967:1
37071,North Carolina,Gaston,1908:1
37073,North Carolina,Gates,
37075,North Carolina,Graham,2681:1
37077,North Carolina,Granville,1937:1
37079,North Carolina,Greene,6806:1
37081,North Carolina,Guilford,1238:1
37083,North Carolina,Halifax,2099:1
37085,North Carolina,Harnett,3675:1
37087,North Carolina,Haywood,1453:1
37089,North Carolina,Henderson,1145:1
37091,North Carolina,Hertford,1637:1
37093,North Carolina,Hoke,4829:1
37095,North Carolina,Hyde,4508:1
37097,North Carolina,Iredell,1477:1
37099,North Carolina,Jackson,1400:1
37101,North Carolina,Johnston,3713:1
37103,North Carolina,Jones,1543:1
37105,North Carolina,Lee,1944:1
37107,North Carolina,Lenoir,1765:1
37109,North Carolina,Lincoln,2299:1
37111,North Carolina,McDowell,2981:1
37113,North Carolina,Macon,1789:1
37115,North Carolina,Madison,1792:1
37117,North Carolina,Martin,2417:1
37119,North Carolina,Mecklenburg,1078:1
37121,North Carolina,Mitchell,2138:1
37123,North Carolina,Montgomery,3685:1
37125,North Carolina,Moore,901:1
37127,North Carolina,Nash,1983:1
37129,North Carolina,New Hanover,1085:1
37131,North Carolina,Northampton,8565:1
37133,North Carolina,Onslow,3221:1
37135,North Carolina,Orange,549:1
37137,North Carolina,Pamlico,3086:1
37139,North Carolina,Pasquotank,1775:1
37141,North Carolina,Pender,2991:1
37143,North Carolina,Perquimans,6565:1
37145,North Carolina,Person,2795:1
37147,North Carolina,Pitt,878:1
37149,North Carolina,Polk,1310:1
37151,North Carolina,Randolph,2341:1
37153,North Carolina,Richmond,4747:1
37155,North Carolina,Robeson,1972:1
37157,North Carolina,Rockingham,3260:1
37159,North Carolina,Rowan,2905:1
37161,North Carolina,Rutherford,2227:1
37163,North Carolina,Sampson,2360:1
37165,North Carolina,Scotland,1711:1
37167,North Carolina,Stanly,2643:1
37169,North Carolina,Stokes,3713:1
37171,North Carolina,Surry,1779:1
37173,North Carolina,Swain,1571:1
37175,North Carolina,Transylvania,1508:1
37177,North Carolina,Tyrrell,
37179,North Carolina,Union,1459:1
37181,North Carolina,Vance,2637:1
37183,North Carolina,Wake,1157:1
37185,North Carolina,Warren,18762:1
37187,North Carolina,Washington,2178:1
37189,North Carolina,Watauga,1261:1
37191,North Carolina,Wayne,1947:1
37193,North Carolina,Wilkes,2632:1
37195,North Carolina,Wilson,2528:1
37197,North Carolina,Yadkin,4132:1
37199,North Carolina,Yancey,1705:1
38000,North Dakota,,1294:1
38001,North Dakota,Adams,197:1
38003,North Dakota,Barnes,1081:1
38005,North Dakota,Benson,5809:1
38007,North Dakota,Billings,955:0
38009,North Dakota,Bottineau,2130:1
38011,North Dakota,Bowman,2903:1
38013,North Dakota,Burke,
38015,North Dakota,Burleigh,891:1
38017,North Dakota,Cass,1014:1
38019,North Dakota,Cavalier,3662:1
38021,North Dakota,Dickey,1224:1
38023,North Dakota,Divide,
38025,North Dakota,Dunn,
38027,North Dakota,Eddy,
38029,North Dakota,Emmons,
38031,North Dakota,Foster,3364:1
38033,North Dakota,Golden Valley,1770:0
38035,North Dakota,Grand Forks,817:1
38037,North Dakota,Grant,
38039,North Dakota,Griggs,2281:1
38041,North Dakota,Hettinger,
38043,North Dakota,Kidder,
38045,North Dakota,LaMoure,
38047,North Dakota,Logan,1883:0
38049,North Dakota,McHenry,
38051,North Dakota,McIntosh,1257:1
38053,North Dakota,McKenzie,6910:1
38055,North Dakota,McLean,3265:1
38057,North Dakota,Mercer,1189:1
38059,North Dakota,Morton,2585:1
38061,North Dakota,Mountrail,1915:1
38063,North Dakota,Nelson,
38065,North Dakota,Oliver,1873:0
38067,North Dakota,Pembina,3384:1
38069,North Dakota,Pierce,3953:1
38071,North Dakota,Ramsey,1052:1
38073,North Dakota,Ransom,2838:1
38075,North Dakota,Renville,
38077,North Dakota,Richland,2070:1
38079,North Dakota,Rolette,2008:1
38081,North Dakota,Sargent,
38083,North Dakota,Sheridan,1268:0
38085,North Dakota,Sioux,
38087,North Dakota,Slope,690:0
38089,North Dakota,Stark,1652:1
38091,North Dakota,Steele,1810:0
38093,North Dakota,Stutsman,1269:1
38095,North Dakota,Towner,
38097,North Dakota,Traill,2668:1
38099,North Dakota,Walsh,2617:1
38101,North Dakota,Ward,1279:1
38103,North Dakota,Wells,781:1
38105,North Dakota,Williams,2264:1
39000,Ohio,,1328:1
39001,Ohio,Adams,2295:1
39003,Ohio,Allen,1540:1
39005,Ohio,Ashland,2275:1
39007,Ohio,Ashtabula,3476:1
39009,Ohio,Athens,1591:1
39011,Ohio,Auglaize,2884:1
39013,Ohio,Belmont,3658:1
39015,Ohio,Brown,3969:1
39017,Ohio,Butler,1922:1
39019,Ohio,Carroll,3813:1
39021,Ohio,Champaign,6450:1
39023,Ohio,Clark,2223:1
39025,Ohio,Clermont,1519:1
39027,Ohio,Clinton,1616:1
39029,Ohio,Columbiana,3377:1
39031,Ohio,Coshocton,2817:1
39033,Ohio,Crawford,2784:1
39035,Ohio,Cuyahoga,899:1
39037,Ohio,Darke,2150:1
39039,Ohio,Defiance,1816:1
39041,Ohio,Delaware,677:1
39043,Ohio,Erie,1291:1
39045,Ohio,Fairfield,1790:1
39047,Ohio,Fayette,3212:1
39049,Ohio,Franklin,985:1
39051,Ohio,Fulton,2653:1
39053,Ohio,Gallia,1325:1
39055,Ohio,Geauga,1448:1
39057,Ohio,Greene,1115:1
39059,Ohio,Guernsey,2735:1
39061,Ohio,Hamilton,912:1
39063,Ohio,Hancock,1914:1
39065,Ohio,Hardin,3402:1
39067,Ohio,Harrison,4826:1
39069,Ohio,Henry,3442:1
39071,Ohio,Highland,3613:1
39073,Ohio,Hocking,2341:1
39075,Ohio,Holmes,4919:1
39077,Ohio,Huron,1824:1
39079,Ohio,Jackson,2322:1
39081,Ohio,Jefferson,2592:1
39083,Ohio,Knox,2516:1
39085,Ohio,Lake,2417:1
39087,Ohio,Lawrence,2128:1
39089,Ohio,Licking,2693:1
39091,Ohio,Logan,2558:1
39093,Ohio,Lorain,1936:1
39095,Ohio,Lucas,1157:1
39097,Ohio,Madison,3170:1
39099,Ohio,Mahoning,973:1
39101,Ohio,Marion,3627:1
39103,Ohio,Medina,1606:1
39105,Ohio,Meigs,7350:1
39107,Ohio,Mercer,2015:1
39109,Ohio,Miami,2230:1
39111,Ohio,Monroe,6665:1
39113,Ohio,Montgomery,1055:1
39115,Ohio,Morgan,13682:1
39117,Ohio,Morrow,5022:1
39119,Ohio,Muskingum,1878:1
39121,Ohio,Noble,14176:1
39123,Ohio,Ottawa,2111:1
39125,Ohio,Paulding,4718:1
39127,Ohio,Perry,3546:1
39129,Ohio,Pickaway,2472:1
39131,Ohio,Pike,3870:1
39133,Ohio,Portage,2537:1
39135,Ohio,Preble,5838:1
39137,Ohio,Putnam,2145:1
39139,Ohio,Richland,2122:1
39141,Ohio,Ross,1508:1
39143,Ohio,Sandusky,3262:1
39145,Ohio,Scioto,1789:1
39147,Ohio,Seneca,2745:1
39149,Ohio,Shelby,2181:1
39151,Ohio,Stark,1294:1
39153,Ohio,Summit,1024:1
39155,Ohio,Trumbull,2212:1
39157,Ohio,Tuscarawas,2803:1
39159,Ohio,Union,1756:1
39161,Ohio,Van Wert,2210:1
39163,Ohio,Vinton,6348:1
39165,Ohio,Warren,1174:1
39167,Ohio,Washington,1382:1
39169,Ohio,Wayne,2012:1
39171,Ohio,Williams,2448:1
39173,Ohio,Wood,1472:1
39175,Ohio,Wyandot,3618:1
40000,Oklahoma,,1694:1
40001,Oklahoma,Adair,3883:1
40003,Oklahoma,Alfalfa,2855:1
40005,Oklahoma,Atoka,7162:1
40007,Oklahoma,Beaver,
40009,Oklahoma,Beckham,2004:1
40011,Oklahoma,Blaine,1712:1
40013,Oklahoma,Bryan,2617:1
40015,Oklahoma,Caddo,4395:1
40017,Oklahoma,Canadian,2888:1
40019,Oklahoma,Carter,1725:1
40021,Oklahoma,Cherokee,1361:1
40023,Oklahoma,Choctaw,2385:1
40025,Oklahoma,Cimarron,
40027,Oklahoma,Cleveland,1945:1
40029,Oklahoma,Coal,5276:1
40031,Oklahoma,Comanche,1419:1
40033,Oklahoma,Cotton,
40035,Oklahoma,Craig,2353:1
40037,Oklahoma,Creek,4502:1
40039,Oklahoma,Custer,1878:1
40041,Oklahoma,Delaware,2563:1
40043,Oklahoma,Dewey,2209:1
40045,Oklahoma,Ellis,1881:1
40047,Oklahoma,Garfield,2382:1
40049,Oklahoma,Garvin,2867:1
40051,Oklahoma,Grady,4270:1
40053,Oklahoma,Grant,
40055,Oklahoma,Greer,5487:1
40057,Oklahoma,Harmon,2418:1
40059,Oklahoma,Harper,
40061,Oklahoma,Haskell,3867:1
40063,Oklahoma,Hughes,4468:1
40065,Oklahoma,Jackson,1377:1
40067,Oklahoma,Jefferson,5438:1
40069,Oklahoma,Johnston,3434:1
40071,Oklahoma,Kay,2572:1
40073,Oklahoma,Kingfisher,2172:1
40075,Oklahoma,Kiowa,2803:1
40077,Oklahoma,Latimer,4714:1
40079,Oklahoma,Le Flore,3463:1
40081,Oklahoma,Lincoln,4229:1
40083,Oklahoma,Logan,25443:1
40085,Oklahoma,Love,2043:1
40087,Oklahoma,McClain,2290:1
40089,Oklahoma,McCurtain,2206:1
40091,Oklahoma,McIntosh,9623:1
40093,Oklahoma,Major,1917:1
40095,Oklahoma,Marshall,3899:1
40097,Oklahoma,Mayes,2797:1
40099,Oklahoma,Murray,3430:1
40101,Oklahoma,Muskogee,2205:1
40103,Oklahoma,Noble,2187:1
40105,Oklahoma,Nowata,9303:1
40107,Oklahoma,Okfuskee,11197:1
40109,Oklahoma,Oklahoma,1230:1
40111,Oklahoma,Okmulgee,3349:1
40113,Oklahoma,Osage,5722:1
40115,Oklahoma,Ottawa,2167:1
40117,Oklahoma,Pawnee,3935:1
40119,Oklahoma,Payne,2158:1
40121,Oklahoma,Pittsburg,2296:1
40123,Oklahoma,Pontotoc,1413:1
40125,Oklahoma,Pottawatomie,3319:1
40127,Oklahoma,Pushmataha,5408:1
40129,Oklahoma,Roger Mills,1693:1
40131,Oklahoma,Rogers,2686:1
40133,Oklahoma,Seminole,2946:1
40135,Oklahoma,Sequoyah,2822:1
40137,Oklahoma,Stephens,2537:1
40139,Oklahoma,Texas,2608:1
40141,Oklahoma,Tillman,7076:1
40143,Oklahoma,Tulsa,949:1
40145,Oklahoma,Wagoner,3654:1
40147,Oklahoma,Washington,2294:1
40149,Oklahoma,Washita,3638:1
40151,Oklahoma,Woods,1717:1
40153,Oklahoma,Woodward,3368:1
41000,Oregon,,1064:1
41001,Oregon,Baker,1404:1
41003,Oregon,Benton,857:1
41005,Oregon,Clackamas,1092:1
41007,Oregon,Clatsop,1608:1
41009,Oregon,Columbia,3791:1
41011,Oregon,Coos,1204:1
41013,Oregon,Crook,2860:1
41015,Oregon,Curry,1480:1
41017,Oregon,Deschutes,1014:1
41019,Oregon,Douglas,1555:1
41021,Oregon,Gilliam,2005:1
41023,Oregon,Grant,1039:1
41025,Oregon,Harney,1894:1
41027,Oregon,Hood River,454:1
41029,Oregon,Jackson,1041:1
41031,Oregon,Jefferson,1567:1
41033,Oregon,Josephine,1359:1
41035,Oregon,Klamath,961:1
41037,Oregon,Lake,2069:1
41039,Oregon,Lane,1216:1
41041,Oregon,Lincoln,1754:1
41043,Oregon,Linn,1708:1
41045,Oregon,Malheur,3962:1
41047,Oregon,Marion,1400:1
41049,Oregon,Morrow,2461:1
41051,Oregon,Multnomah,680:1
41053,Oregon,Polk,1748:1
41055,Oregon,Sherman,1907:1
41057,Oregon,Tillamook,1850:1
41059,Oregon,Umatilla,2162:1
41061,Oregon,Union,1191:1
41063,Oregon,Wallowa,580:1
41065,Oregon,Wasco,955:1
41067,Oregon,Washington,1084:1
41069,Oregon,Wheeler,1451:0
41071,Oregon,Yamhill,1718:1
42000,Pennsylvania,,1265:1
42001,Pennsylvania,Adams,1859:1
42003,Pennsylvania,Allegheny,915:1
42005,Pennsylvania,Armstrong,2325:1
42007,Pennsylvania,Beaver,2563:1
42009,Pennsylvania,Bedford,2966:1
42011,Pennsylvania,Berks,1590:1
42013,Pennsylvania,Blair,1295:1
42015,Pennsylvania,Bradford,982:1
42017,Pennsylvania,Bucks,1238:1
42019,Pennsylvania,Butler,1472:1
42021,Pennsylvania,Cambria,1437:1
42023,Pennsylvania,Cameron,2230:1
42025,Pennsylvania,Carbon,2973:1
42027,Pennsylvania,Centre,1202:1
42029,Pennsylvania,Chester,1250:1
42031,Pennsylvania,Clarion,2186:1
42033,Pennsylvania,Clearfield,2164:1
42035,Pennsylvania,Clinton,2882:1
42037,Pennsylvania,Columbia,1753:1
42039,Pennsylvania,Crawford,1634:1
42041,Pennsylvania,Cumberland,1153:1
42043,Pennsylvania,Dauphin,968:1
42045,Pennsylvania,Delaware,995:1
42047,Pennsylvania,Elk,2798:1
42049,Pennsylvania,Erie,1234:1
42051,Pennsylvania,Fayette,2701:1
42053,Pennsylvania,Forest,
42055,Pennsylvania,Franklin,1628:1
42057,Pennsylvania,Fulton,4841:1
42059,Pennsylvania,Greene,2211:1
42061,Pennsylvania,Huntingdon,3135:1
42063,Pennsylvania,Indiana,1973:1
42065,Pennsylvania,Jefferson,2101:1
42067,Pennsylvania,Juniata,5824:1
42069,Pennsylvania,Lackawanna,1212:1
42071,Pennsylvania,Lancaster,1384:1
42073,Pennsylvania,Lawrence,2443:1
42075,Pennsylvania,Lebanon,1729:1
42077,Pennsylvania,Lehigh,1037:1
42079,Pennsylvania,Luzerne,1320:1
42081,Pennsylvania,Lycoming,1306:1
42083,Pennsylvania,McKean,1737:1
42085,Pennsylvania,Mercer,1617:1
42087,Pennsylvania,Mifflin,1648:1
42089,Pennsylvania,Monroe,2489:1
42091,Pennsylvania,Montgomery,766:1
42093,Pennsylvania,Montour,172:1
42095,Pennsylvania,Northampton,1240:1
42097,Pennsylvania,Northumberland,2282:1
42099,Pennsylvania,Perry,3832:1
42101,Pennsylvania,Philadelphia,1412:1
42103,Pennsylvania,Pike,3997:1
42105,Pennsylvania,Potter,2710:1
42107,Pennsylvania,Schuylkill,1990:1
42109,Pennsylvania,Snyder,2476:1
42111,Pennsylvania,Somerset,2727:1
42113,Pennsylvania,Sullivan,
42115,Pennsylvania,Susquehanna,2742:1
42117,Pennsylvania,Tioga,2274:1
42119,Pennsylvania,Union,925:1
42121,Pennsylvania,Venango,1665:1
42123,Pennsylvania,Warren,2542:1
42125,Pennsylvania,Washington,1293:1
42127,Pennsylvania,Wayne,2707:1
42129,Pennsylvania,Westmoreland,1385:1
42131,Pennsylvania,Wyoming,1736:1
42133,Pennsylvania,York,1484:1
44000,Rhode Island,,1034:1
44001,Rhode Island,Bristol,498:1
44003,Rhode Island,Kent,1186:1
44005,Rhode Island,Newport,1201:1
44007,Rhode Island,Providence,1035:1
44009,Rhode Island,Washington,1220:1
45000,South Carolina,,1485:1
45001,South Carolina,Abbeville,1869:1
45003,South Carolina,Aiken,2944:1
45005,South Carolina,Allendale,1965:1
45007,South Carolina,Anderson,1521:1
45009,South Carolina,Bamberg,2638:1
45011,South Carolina,Barnwell,4116:1
45013,South Carolina,Beaufort,1442:1
45015,South Carolina,Berkeley,3035:1
45017,South Carolina,Calhoun,4722:1
45019,South Carolina,Charleston,807:1
45021,South Carolina,Cherokee,2950:1
45023,South Carolina,Chester,3579:1
45025,South Carolina,Chesterfield,3328:1
45027,South Carolina,Clarendon,3102:1
45029,South Carolina,Colleton,2404:1
45031,South Carolina,Darlington,1846:1
45033,South Carolina,Dillon,2553:1
45035,South Carolina,Dorchester,3141:1
45037,South Carolina,Edgefield,2906:1
45039,South Carolina,Fairfield,2299:1
45041,South Carolina,Florence,1011:1
45043,South Carolina,Georgetown,1598:1
45045,South Carolina,Greenville,896:1
45047,South Carolina,Greenwood,855:1
45049,South Carolina,Hampton,3030:1
45051,South Carolina,Horry,1603:1
45053,South Carolina,Jasper,4332:1
45055,South Carolina,Kershaw,1740:1
45057,South Carolina,Lancaster,2447:1
45059,South Carolina,Laurens,1994:1
45061,South Carolina,Lee,8140:1
45063,South Carolina,Lexington,1588:1
45065,South Carolina,McCormick,1952:1
45067,South Carolina,Marion,2617:1
45069,South Carolina,Marlboro,8794:1
45071,South Carolina,Newberry,1520:1
45073,South Carolina,Oconee,1932:1
45075,South Carolina,Orangeburg,2074:1
45077,South Carolina,Pickens,1695:1
45079,South Carolina,Richland,1212:1
45081,South Carolina,Saluda,6274:1
45083,South Carolina,Spartanburg,1615:1
45085,South Carolina,Sumter,1871:1
45087,South Carolina,Union,3002:1
45089,South Carolina,Williamsburg,5081:1
45091,South Carolina,York,2076:1
46000,South Dakota,,1252:1
46003,South Dakota,Aurora,
46005,South Dakota,Beadle,2125:1
46007,South Dakota,Bennett,
46009,South Dakota,Bon Homme,1754:1
46011,South Dakota,Brookings,1732:1
46013,South Dakota,Brown,1588:1
46015,South Dakota,Brule,874:1
46017,South Dakota,Buffalo,1923:0
46019,South Dakota,Butte,3485:1
46021,South Dakota,Campbell,1380:0
46023,South Dakota,Charles Mix,3054:1
46025,South Dakota,Clark,
46027,South Dakota,Clay,2164:1
46029,South Dakota,Codington,1053:1
46031,South Dakota,Corson,
46033,South Dakota,Custer,2152:1
46035,South Dakota,Davison,1242:1
46037,South Dakota,Day,2707:1
46039,South Dakota,Deuel,4272:1
46041,South Dakota,Dewey,5246:1
46043,South Dakota,Douglas,2821:1
46045,South Dakota,Edmunds,2017:1
46047,South Dakota,Fall River,1440:1
46049,South Dakota,Faulk,2137:1
46051,South Dakota,Grant,1253:1
46053,South Dakota,Gregory,994:1
46055,South Dakota,Haakon,918:1
46057,South Dakota,Hamlin,6255:1
46059,South Dakota,Hand,1548:1
46061,South Dakota,Hanson,
46063,South Dakota,Harding,1327:0
46065,South Dakota,Hughes,1264:1
46067,South Dakota,Hutchinson,823:1
46069,South Dakota,Hyde,1236:0
46071,South Dakota,Jackson,
46073,South Dakota,Jerauld,1636:0
46075,South Dakota,Jones,879:0
46077,South Dakota,Kingsbury,2596:1
46079,South Dakota,Lake,1550:1
46081,South Dakota,Lawrence,1047:1
46083,South Dakota,Lincoln,754:1
46085,South Dakota,Lyman,
46087,South Dakota,McCook,5695:1
46089,South Dakota,McPherson,2420:1
46091,South Dakota,Marshall,4304:1
46093,South Dakota,Meade,1676:1
46095,South Dakota,Mellette,1908:0
46097,South Dakota,Miner,2314:1
46099,South Dakota,Minnehaha,979:1
46101,South Dakota,Moody,2105:1
46102,South Dakota,Oglala Lakota,2717:1
46103,South Dakota,Pennington,880:1
46105,South Dakota,Perkins,2819:1
46107,South Dakota,Potter,2475:1
46109,South Dakota,Roberts,3388:1
46111,South Dakota,Sanborn,
46113,South Dakota,Shannon,
46115,South Dakota,Spink,2090:1
46117,South Dakota,Stanley,1011:1
46119,South Dakota,Sully,1476:0
46121,South Dakota,Todd,4643:1
46123,South Dakota,Tripp,1114:1
46125,South Dakota,Turner,
46127,South Dakota,Union,2109:1
46129,South Dakota,Walworth,875:1
46135,South Dakota,Yankton,971:1
46137,South Dakota,Ziebach,
47000,Tennessee,,1437:1
47001,Tennessee,Anderson,1989:1
47003,Tennessee,Bedford,3408:1
47005,Tennessee,Benton,3968:1
47007,Tennessee,Bledsoe,7617:1
47009,Tennessee,Blount,1464:1
47011,Tennessee,Bradley,2079:1
47013,Tennessee,Campbell,2827:1
47015,Tennessee,Cannon,4851:1
47017,Tennessee,Carroll,2843:1
47019,Tennessee,Carter,3302:1
47021,Tennessee,Cheatham,1730:1
47023,Tennessee,Chester,3501:1
47025,Tennessee,Claiborne,1898:1
47027,Tennessee,Clay,2518:1
47029,Tennessee,Cocke,2601:1
47031,Tennessee,Coffee,1904:1
47033,Tennessee,Crockett,
47035,Tennessee,Cumberland,1561:1
47037,Tennessee,Davidson,1105:1
47039,Tennessee,Decatur,3797:1
47041,Tennessee,DeKalb,2560:1
47043,Tennessee,Dickson,3252:1
47045,Tennessee,Dyer,3051:1
47047,Tennessee,Fayette,3295:1
47049,Tennessee,Fentress,3142:1
47051,Tennessee,Franklin,1801:1
47053,Tennessee,Gibson,2527:1
47055,Tennessee,Giles,2777:1
47057,Tennessee,Grainger,7921:1
47059,Tennessee,Greene,1909:1
47061,Tennessee,Grundy,
47063,Tennessee,Hamblen,1742:1
47065,Tennessee,Hamilton,916:1
47067,Tennessee,Hancock,
47069,Tennessee,Hardeman,6357:1
47071,Tennessee,Hardin,1793:1
47073,Tennessee,Hawkins,3183:1
47075,Tennessee,Haywood,4424:1
47077,Tennessee,Henderson,5591:1
47079,Tennessee,Henry,1465:1
47081,Tennessee,Hickman,5061:1
47083,Tennessee,Houston,4159:1
47085,Tennessee,Humphreys,6404:1
47087,Tennessee,Jackson,11750:1
47089,Tennessee,Jefferson,2225:1
47091,Tennessee,Johnson,3028:1
47093,Tennessee,Knox,915:1
47095,Tennessee,Lake,
47097,Tennessee,Lauderdale,6277:1
47099,Tennessee,Lawrence,2637:1
47101,Tennessee,Lewis,6429:1
47103,Tennessee,Lincoln,2362:1
47105,Tennessee,Loudon,1829:1
47107,Tennessee,McMinn,2002:1
47109,Tennessee,McNairy,2351:1
47111,Tennessee,Macon,5140:1
47113,Tennessee,Madison,721:1
47115,Tennessee,Marion,2888:1
47117,Tennessee,Marshall,5831:1
47119,Tennessee,Maury,2054:1
47121,Tennessee,Meigs,2610:1
47123,Tennessee,Monroe,5189:1
47125,Tennessee,Montgomery,2477:1
47127,Tennessee,Moore,
47129,Tennessee,Morgan,5314:1
47131,Tennessee,Obion,2344:1
47133,Tennessee,Overton,2538:1
47135,Tennessee,Perry,4236:1
47137,Tennessee,Pickett,1693:1
47139,Tennessee,Polk,2963:1
47141,Tennessee,Putnam,1503:1
47143,Tennessee,Rhea,2761:1
47145,Tennessee,Roane,2347:1
47147,Tennessee,Robertson,2850:1
47149,Tennessee,Rutherford,2287:1
47151,Tennessee,Scott,4383:1
47153,Tennessee,Sequatchie,5465:1
47155,Tennessee,Sevier,2764:1
47157,Tennessee,Shelby,1167:1
47159,Tennessee,Smith,2522:1
47161,Tennessee,Stewart,13855:1
47163,Tennessee,Sullivan,825:1
47165,Tennessee,Sumner,2134:1
47167,Tennessee,Tipton,3588:1
47169,Tennessee,Trousdale,3009:1
47171,Tennessee,Unicoi,2212:1
47173,Tennessee,Union,6680:1
47175,Tennessee,Van Buren,
47177,Tennessee,Warren,2185:1
47179,Tennessee,Washington,539:1
47181,Tennessee,Wayne,5470:1
47183,Tennessee,Weakley,1652:1
47185,Tennessee,White,2765:1
47187,Tennessee,Williamson,724:1
47189,Tennessee,Wilson,3038:1
48000,Texas,,1657:1
48001,Texas,Anderson,2655:1
48003,Texas,Andrews,2049:1
48005,Texas,Angelina,1518:1
48007,Texas,Aransas,3064:1
48009,Texas,Archer,
48011,Texas,Armstrong,1839:0
48013,Texas,Atascosa,4994:1
48015,Texas,Austin,5063:1
48017,Texas,Bailey,3418:1
48019,Texas,Bandera,3081:1
48021,Texas,Bastrop,4252:1
48023,Texas,Baylor,435:1
48025,Texas,Bee,6185:1
48027,Texas,Bell,1385:1
48029,Texas,Bexar,1359:1
48031,Texas,Blanco,2377:1
48033,Texas,Borden,617:0
48035,Texas,Bosque,1850:1
48037,Texas,Bowie,1382:1
48039,Texas,Brazoria,1531:1
48041,Texas,Brazos,1203:1
48043,Texas,Brewster,788:1
48045,Texas,Briscoe,1403:1
48047,Texas,Brooks,
48049,Texas,Brown,1910:1
48051,Texas,Burleson,2579:1
48053,Texas,Burnet,2426:1
48055,Texas,Caldwell,3899:1
48057,Texas,Calhoun,1973:1
48059,Texas,Callahan,7058:1
48061,Texas,Cameron,2034:1
48063,Texas,Camp,1402:1
48065,Texas,Carson,
48067,Texas,Cass,4760:1
48069,Texas,Castro,3687:1
48071,Texas,Chambers,6981:1
48073,Texas,Cherokee,1965:1
48075,Texas,Childress,674:1
48077,Texas,Clay,2566:1
48079,Texas,Cochran,2516:1
48081,Texas,Coke,
48083,Texas,Coleman,1934:1
48085,Texas,Collin,1027:1
48087,Texas,Collingsworth,2615:1
48089,Texas,Colorado,1875:1
48091,Texas,Comal,1683:1
48093,Texas,Comanche,1722:1
48095,Texas,Concho,3341:1
48097,Texas,Cooke,3840:1
48099,Texas,Coryell,5615:1
48101,Texas,Cottle,1381:0
48103,Texas,Crane,2340:1
48105,Texas,Crockett,1534:1
48107,Texas,Crosby,2553:1
48109,Texas,Culberson,2193:1
48111,Texas,Dallam,1195:1
48113,Texas,Dallas,1387:1
48115,Texas,Dawson,2483:1
48117,Texas,Deaf Smith,9165:1
48119,Texas,Delta,
48121,Texas,Denton,1865:1
48123,Texas,DeWitt,1660:1
48125,Texas,Dickens,1740:1
48127,Texas,Dimmit,2824:1
48129,Texas,Donley,
48131,Texas,Duval,
48133,Texas,Eastland,4466:1
48135,Texas,Ector,1751:1
48137,Texas,Edwards,1438:1
48139,Texas,Ellis,2632:1
48141,Texas,El Paso,2014:1
48143,Texas,Erath,1735:1
48145,Texas,Falls,17313:1
48147,Texas,Fannin,5224:1
48149,Texas,Fayette,3086:1
48151,Texas,Fisher,1853:1
48153,Texas,Floyd,1783:1
48155,Texas,Foard,1080:0
48157,Texas,Fort Bend,1181:1
48159,Texas,Franklin,3488:1
48161,Texas,Freestone,3296:1
48163,Texas,Frio,4609:1
48165,Texas,Gaines,10948:1
48167,Texas,Galveston,1420:1
48169,Texas,Garza,5863:1
48171,Texas,Gillespie,853:1
48173,Texas,Glasscock,1149:0
48175,Texas,Goliad,
48177,Texas,Gonzales,2455:1
48179,Texas,Gray,3505:1
48181,Texas,Grayson,2362:1
48183,Texas,Gregg,1099:1
48185,Texas,Grimes,3786:1
48187,Texas,Guadalupe,3849:1
48189,Texas,Hale,2478:1
48191,Texas,Hall,
48193,Texas,Hamilton,1029:1
48195,Texas,Hansford,1720:1
48197,Texas,Hardeman,888:1
48199,Texas,Hardin,5697:1
48201,Texas,Harris,1717:1
48203,Texas,Harrison,3293:1
48205,Texas,Hartley,
48207,Texas,Haskell,1082:1
48209,Texas,Hays,2260:1
48211,Texas,Hemphill,818:1
48213,Texas,Henderson,2789:1
48215,Texas,Hidalgo,2158:1
48217,Texas,Hill,4052:1
48219,Texas,Hockley,1643:1
48221,Texas,Hood,2676:1
48223,Texas,Hopkins,4135:1
48225,Texas,Houston,7414:1
48227,Texas,Howard,4875:1
48229,Texas,Hudspeth,
48231,Texas,Hunt,3693:1
48233,Texas,Hutchinson,4099:1
48235,Texas,Irion,1552:0
48237,Texas,Jack,2904:1
48239,Texas,Jackson,7561:1
48241,Texas,Jasper,2748:1
48243,Texas,Jeff Davis,1949:1
48245,Texas,Jefferson,2097:1
48247,Texas,Jim Hogg,4801:1
48249,Texas,Jim Wells,3237:1
48251,Texas,Johnson,2464:1
48253,Texas,Jones,9937:1
48255,Texas,Karnes,3689:1
48257,Texas,Kaufman,4781:1
48259,Texas,Kendall,1170:1
48261,Texas,Kenedy,340:0
48263,Texas,Kent,749:0
48265,Texas,Kerr,1236:1
48267,Texas,Kimble,1091:1
48269,Texas,King,258:0
48271,Texas,Kinney,
48273,Texas,Kleberg,2357:1
48275,Texas,Knox,3351:1
48277,Texas,Lamar,2277:1
48279,Texas,Lamb,4299:1
48281,Texas,Lampasas,2225:1
48283,Texas,La Salle,
48285,Texas,Lavaca,1712:1
48287,Texas,Lee,4427:1
48289,Texas,Leon,
48291,Texas,Liberty,4649:1
48293,Texas,Limestone,2458:1
48295,Texas,Lipscomb,
48297,Texas,Live Oak,
48299,Texas,Llano,1465:1
48301,Texas,Loving,57:0
48303,Texas,Lubbock,1268:1
48305,Texas,Lynn,948:1
48307,Texas,McCulloch,2511:1
48309,Texas,McLennan,1303:1
48311,Texas,McMullen,608:0
48313,Texas,Madison,4573:1
48315,Texas,Marion,
48317,Texas,Martin,5211:1
48319,Texas,Mason,
48321,Texas,Matagorda,2796:1
48323,Texas,Maverick,4147:1
48325,Texas,Medina,3465:1
48327,Texas,Menard,1982:1
48329,Texas,Midland,2625:1
48331,Texas,Milam,25106:1
48333,Texas,Mills,4480:1
48335,Texas,Mitchell,1814:1
48337,Texas,Montague,4082:1
48339,Texas,Montgomery,1583:1
48341,Texas,Moore,3017:1
48343,Texas,Morris,4010:1
48345,Texas,Motley,1067:0
48347,Texas,Nacogdoches,1406:1
48349,Texas,Navarro,3573:1
48351,Texas,Newton,12241:1
48353,Texas,Nolan,2085:1
48355,Texas,Nueces,1266:1
48357,Texas,Ochiltree,2446:1
48359,Texas,Oldham,1717:0
48361,Texas,Orange,6053:1
48363,Texas,Palo Pinto,2049:1
48365,Texas,Panola,4535:1
48367,Texas,Parker,2613:1
48369,Texas,Parmer,9813:1
48371,Texas,Pecos,2160:1
48373,Texas,Polk,2076:1
48375,Texas,Potter,1143:1
48377,Texas,Presidio,2047:1
48379,Texas,Rains,12509:1
48381,Texas,Randall,1821:1
48383,Texas,Reagan,3253:1
48385,Texas,Real,1413:1
48387,Texas,Red River,3852:1
48389,Texas,Reeves,2897:1
48391,Texas,Refugio,6756:1
48393,Texas,Roberts,797:0
48395,Texas,Robertson,8479:1
48397,Texas,Rockwall,1511:1
48399,Texas,Runnels,1420:1
48401,Texas,Rusk,4395:1
48403,Texas,Sabine,5020:1
48405,Texas,San Augustine,3961:1
48407,Texas,San Jacinto,13939:1
48409,Texas,San Patricio,4356:1
48411,Texas,San Saba,2914:1
48413,Texas,Schleicher,
48415,Texas,Scurry,1682:1
48417,Texas,Shackelford,3212:1
48419,Texas,Shelby,5985:1
48421,Texas,Sherman,
48423,Texas,Smith,1014:1
48425,Texas,Somervell,1353:1
48427,Texas,Starr,3885:1
48429,Texas,Stephens,3058:1
48431,Texas,Sterling,1381:0
48433,Texas,Stonewall,1217:1
48435,Texas,Sutton,830:1
48437,Texas,Swisher,7008:1
48439,Texas,Tarrant,1716:1
48441,Texas,Taylor,1493:1
48443,Texas,Terrell,724:0
48445,Texas,Terry,2939:1
48447,Texas,Throckmorton,1495:1
48449,Texas,Titus,2399:1
48451,Texas,Tom Green,1389:1
48453,Texas,Travis,1194:1
48455,Texas,Trinity,6914:1
48457,Texas,Tyler,4015:1
48459,Texas,Upshur,4642:1
48461,Texas,Upton,
48463,Texas,Uvalde,3091:1
48465,Texas,Val Verde,2973:1
48467,Texas,Van Zandt,12255:1
48469,Texas,Victoria,1378:1
48471,Texas,Walker,3713:1
48473,Texas,Waller,8540:1
48475,Texas,Ward,11194:1
48477,Texas,Washington,1631:1
48479,Texas,Webb,3268:1
48481,Texas,Wharton,2608:1
48483,Texas,Wheeler,4927:1
48485,Texas,Wichita,1204:1
48487,Texas,Wilbarger,3183:1
48489,Texas,Willacy,2540:1
48491,Texas,Williamson,1465:1
48493,Texas,Wilson,2136:1
48495,Texas,Winkler,3708:1
48497,Texas,Wise,2656:1
48499,Texas,Wood,3058:1
48501,Texas,Yoakum,3804:1
48503,Texas,Young,1198:1
48505,Texas,Zapata,
48507,Texas,Zavala,
49000,Utah,,1785:1
49001,Utah,Beaver,1208:1
49003,Utah,Box Elder,3511:1
49005,Utah,Cache,2411:1
49007,Utah,Carbon,2547:1
49009,Utah,Daggett,976:0
49011,Utah,Davis,2186:1
49013,Utah,Duchesne,2474:1
49015,Utah,Emery,9967:1
49017,Utah,Garfield,2565:1
49019,Utah,Grand,805:1
49021,Utah,Iron,3026:1
49023,Utah,Juab,1216:1
49025,Utah,Kane,1998:1
49027,Utah,Millard,1646:1
49029,Utah,Morgan,1266:1
49031,Utah,Piute,1487:0
49033,Utah,Rich,
49035,Utah,Salt Lake,1311:1
49037,Utah,San Juan,1610:1
49039,Utah,Sanpete,2426:1
49041,Utah,Sevier,2191:1
49043,Utah,Summit,718:1
49045,Utah,Tooele,6967:1
49047,Utah,Uintah,2586:1
49049,Utah,Utah,2446:1
49051,Utah,Wasatch,2010:1
49053,Utah,Washington,1857:1
49055,Utah,Wayne,
49057,Utah,Weber,2283:1
50000,Vermont,,899:1
50001,Vermont,Addison,887:1
50003,Vermont,Bennington,868:1
50005,Vermont,Caledonia,1267:1
50007,Vermont,Chittenden,572:1
50009,Vermont,Essex,5925:1
50011,Vermont,Franklin,1480:1
50013,Vermont,Grand Isle,1484:1
50015,Vermont,Lamoille,1136:1
50017,Vermont,Orange,1231:1
50019,Vermont,Orleans,1377:1
50021,Vermont,Rutland,1377:1
50023,Vermont,Washington,1034:1
50025,Vermont,Windham,1124:1
50027,Vermont,Windsor,909:1
51000,Virginia,,1341:1
51001,Virginia,Accomack,2771:1
51003,Virginia,Albemarle,719:1
51005,Virginia,Alleghany,2498:1
51007,Virginia,Amelia,13268:1
51009,Virginia,Amherst,4468:1
51011,Virginia,Appomattox,8177:1
51013,Virginia,Arlington,1294:1
51015,Virginia,Augusta,1892:1
51017,Virginia,Bath,
51019,Virginia,Bedford,1336:1
51021,Virginia,Bland,
51023,Virginia,Botetourt,1782:1
51025,Virginia,Brunswick,3985:1
51027,Virginia,Buchanan,3963:1
51029,Virginia,Buckingham,8474:1
51031,Virginia,Campbell,6937:1
51033,Virginia,Caroline,10444:1
51035,Virginia,Carroll,1076:1
51036,Virginia,Charles City,6594:1
51037,Virginia,Charlotte,1908:1
51041,Virginia,Chesterfield,1240:1
51043,Virginia,Clarke,2976:1
51045,Virginia,Craig,2433:1
51047,Virginia,Culpeper,2978:1
51049,Virginia,Cumberland,3227:1
51051,Virginia,Dickenson,4596:1
51053,Virginia,Dinwiddie,6978:1
51057,Virginia,Essex,2643:1
51059,Virginia,Fairfax,898:1
51061,Virginia,Fauquier,2237:1
51063,Virginia,Floyd,3113:1
51065,Virginia,Fluvanna,4621:1
51067,Virginia,Franklin,2891:1
51069,Virginia,Frederick,2231:1
51071,Virginia,Giles,2070:1
51073,Virginia,Gloucester,2171:1
51075,Virginia,Goochland,1416:1
51077,Virginia,Grayson,7680:1
51079,Virginia,Greene,4194:1
51081,Virginia,Greensville,2859:1
51083,Virginia,Halifax,2595:1
51085,Virginia,Hanover,1378:1
51087,Virginia,Henrico,953:1
51089,Virginia,Henry,2185:1
51091,Virginia,Highland,742:1
51093,Virginia,Isle of Wight,2455:1
51095,Virginia,James City,898:1
51097,Virginia,King and Queen,3331:1
51099,Virginia,King George,4582:1
51101,Virginia,King William,3029:1
51103,Virginia,Lancaster,2732:1
51105,Virginia,Lee,3140:1
51107,Virginia,Loudoun,1316:1
51109,Virginia,Louisa,9712:1
51111,Virginia,Lunenburg,5963:1
51113,Virginia,Madison,13942:1
51115,Virginia,Mathews,2849:1
51117,Virginia,Mecklenburg,1779:1
51119,Virginia,Middlesex,2695:1
51121,Virginia,Montgomery,1387:1
51125,Virginia,Nelson,1233:1
51127,Virginia,New Kent,3414:1
51131,Virginia,Northampton,930:1
51133,Virginia,Northumberland,1203:1
51135,Virginia,Nottoway,2599:1
51137,Virginia,Orange,2188:1
51139,Virginia,Page,3968:1
51141,Virginia,Patrick,4401:1
51143,Virginia,Pittsylvania,11994:1
51145,Virginia,Powhatan,1832:1
51147,Virginia,Prince Edward,1567:1
51149,Virginia,Prince George,6126:1
51153,Virginia,Prince William,2264:1
51155,Virginia,Pulaski,3069:1
51157,Virginia,Rappahannock,3704:1
51159,Virginia,Richmond,9017:1
51161,Virginia,Roanoke,805:1
51163,Virginia,Rockbridge,1078:1
51165,Virginia,Rockingham,4019:1
51167,Virginia,Russell,2839:1
51169,Virginia,Scott,3060:1
51171,Virginia,Shenandoah,2983:1
51173,Virginia,Smyth,1965:1
51175,Virginia,Southampton,4502:1
51177,Virginia,Spotsylvania,2082:1
51179,Virginia,Stafford,3830:1
51181,Virginia,Surry,6530:1
51183,Virginia,Sussex,3588:1
51185,Virginia,Tazewell,2101:1
51187,Virginia,Warren,1705:1
51191,Virginia,Washington,1095:1
51193,Virginia,Westmoreland,4683:1
51195,Virginia,Wise,4456:1
51197,Virginia,Wythe,2348:1
51199,Virginia,York,865:1
51510,Virginia,Alexandria City,1248:1
51515,Virginia,Bedford City,
51520,Virginia,Bristol City,1550:1
51530,Virginia,Buena Vista City,
51540,Virginia,Charlottesville City,351:1
51550,Virginia,Chesapeake City,1282:1
51570,Virginia,Colonial Heights City,794:1
51580,Virginia,Covington City,1906:1
51590,Virginia,Danville City,898:1
51595,Virginia,Emporia City,
51600,Virginia,Fairfax City,12138:1
51610,Virginia,Falls Church City,337:1
51620,Virginia,Franklin City,913:1
51630,Virginia,Fredericksburg City,567:1
51640,Virginia,Galax City,
51650,Virginia,Hampton City,2701:1
51660,Virginia,Harrisonburg City,745:1
51670,Virginia,Hopewell City,3306:1
51678,Virginia,Lexington City,
51680,Virginia,Lynchburg City,790:1
51683,Virginia,Manassas City,1042:1
51685,Virginia,Manassas Park City,
51690,Virginia,Martinsville City,
51700,Virginia,Newport News City,1758:1
51710,Virginia,Norfolk City,1009:1
51720,Virginia,Norton City,1222:1
51730,Virginia,Petersburg City,1520:1
51735,Virginia,Poquoson City,1257:1
51740,Virginia,Portsmouth City,1658:1
51750,Virginia,Radford City,1833:1
51760,Virginia,Richmond City,944:1
51770,Virginia,Roanoke City,907:1
51775,Virginia,Salem City,725:1
51790,Virginia,Staunton City,2138:1
51800,Virginia,Suffolk City,1300:1
51810,Virginia,Virginia Beach City,1404:1
51820,Virginia,Waynesboro City,1187:1
51830,Virginia,Williamsburg City,7795:1
51840,Virginia,Winchester City,391:1
53000,Washington,,1202:1
53001,Washington,Adams,2946:1
53003,Washington,Asotin,1493:1
53005,Washington,Benton,1419:1
53007,Washington,Chelan,905:1
53009,Washington,Clallam,1043:1
53011,Washington,Clark,1318:1
53013,Washington,Columbia,1347:1
53015,Washington,Cowlitz,1799:1
53017,Washington,Douglas,3641:1
53019,Washington,Ferry,909:1
53021,Washington,Franklin,4913:1
53023,Washington,Garfield,1173:1
53025,Washington,Grant,2507:1
53027,Washington,Grays Harbor,2744:1
53029,Washington,Island,2242:1
53031,Washington,Jefferson,1200:1
53033,Washington,King,839:1
53035,Washington,Kitsap,1483:1
53037,Washington,Kittitas,1978:1
53039,Washington,Klickitat,1778:1
53041,Washington,Lewis,2164:1
53043,Washington,Lincoln,3744:1
53045,Washington,Mason,3756:1
53047,Washington,Okanogan,1218:1
53049,Washington,Pacific,4790:1
53051,Washington,Pend Oreille,1736:1
53053,Washington,Pierce,1394:1
53055,Washington,San Juan,1546:1
53057,Washington,Skagit,1221:1
53059,Washington,Skamania,
53061,Washington,Snohomish,1873:1
53063,Washington,Spokane,1150:1
53065,Washington,Stevens,1437:1
53067,Washington,Thurston,1146:1
53069,Washington,Wahkiakum,
53071,Washington,Walla Walla,995:1
53073,Washington,Whatcom,1064:1
53075,Washington,Whitman,1451:1
53077,Washington,Yakima,1620:1
54000,West Virginia,,1319:1
54001,West Virginia,Barbour,3094:1
54003,West Virginia,Berkeley,2379:1
54005,West Virginia,Boone,3045:1
54007,West Virginia,Braxton,2041:1
54009,West Virginia,Brooke,4428:1
54011,West Virginia,Cabell,595:1
54013,West Virginia,Calhoun,1544:1
54015,West Virginia,Clay,
54017,West Virginia,Doddridge,7735:1
54019,West Virginia,Fayette,2495:1
54021,West Virginia,Gilmer,2459:1
54023,West Virginia,Grant,1569:1
54025,West Virginia,Greenbrier,665:1
54027,West Virginia,Hampshire,3884:1
54029,West Virginia,Hancock,1686:1
54031,West Virginia,Hardy,7080:1
54033,West Virginia,Harrison,795:1
54035,West Virginia,Jackson,2774:1
54037,West Virginia,Jefferson,1717:1
54039,West Virginia,Kanawha,770:1
54041,West Virginia,Lewis,2413:1
54043,West Virginia,Lincoln,2013:1
54045,West Virginia,Logan,2455:1
54047,West Virginia,McDowell,3673:1
54049,West Virginia,Marion,2074:1
54051,West Virginia,Marshall,2738:1
54053,West Virginia,Mason,2096:1
54055,West Virginia,Mercer,1970:1
54057,West Virginia,Mineral,3357:1
54059,West Virginia,Mingo,7668:1
54061,West Virginia,Monongalia,749:1
54063,West Virginia,Monroe,2466:1
54065,West Virginia,Morgan,1913:1
54067,West Virginia,Nicholas,1157:1
54069,West Virginia,Ohio,760:1
54071,West Virginia,Pendleton,3071:1
54073,West Virginia,Pleasants,7601:1
54075,West Virginia,Pocahontas,1960:1
54077,West Virginia,Preston,2643:1
54079,West Virginia,Putnam,954:1
54081,West Virginia,Raleigh,1294:1
54083,West Virginia,Randolph,1324:1
54085,West Virginia,Ritchie,8383:1
54087,West Virginia,Roane,1737:1
54089,West Virginia,Summers,3969:1
54091,West Virginia,Taylor,4123:1
54093,West Virginia,Tucker,1668:1
54095,West Virginia,Tyler,4078:1
54097,West Virginia,Upshur,1699:1
54099,West Virginia,Wayne,2139:1
54101,West Virginia,Webster,4125:1
54103,West Virginia,Wetzel,2362:1
54105,West Virginia,Wirt,5063:1
54107,West Virginia,Wood,1161:1
54109,West Virginia,Wyoming,3509:1
55000,Wisconsin,,1251:1
55001,Wisconsin,Adams,10438:1
55003,Wisconsin,Ashland,575:1
55005,Wisconsin,Barron,994:1
55007,Wisconsin,Bayfield,2331:1
55009,Wisconsin,Brown,1442:1
55011,Wisconsin,Buffalo,4434:1
55013,Wisconsin,Burnett,5581:1
55015,Wisconsin,Calumet,6567:1
55017,Wisconsin,Chippewa,1393:1
55019,Wisconsin,Clark,4964:1
55021,Wisconsin,Columbia,2543:1
55023,Wisconsin,Crawford,1340:1
55025,Wisconsin,Dane,781:1
55027,Wisconsin,Dodge,1751:1
55029,Wisconsin,Door,1446:1
55031,Wisconsin,Douglas,4018:1
55033,Wisconsin,Dunn,1340:1
55035,Wisconsin,Eau Claire,705:1
55037,Wisconsin,Florence,1531:1
55039,Wisconsin,Fond du Lac,2087:1
55041,Wisconsin,Forest,
55043,Wisconsin,Grant,2369:1
55045,Wisconsin,Green,1370:1
55047,Wisconsin,Green Lake,1202:1
55049,Wisconsin,Iowa,1980:1
55051,Wisconsin,Iron,6178:1
55053,Wisconsin,Jackson,1112:1
55055,Wisconsin,Jefferson,2574:1
55057,Wisconsin,Juneau,1340:1
55059,Wisconsin,Kenosha,2033:1
55061,Wisconsin,Kewaunee,1868:1
55063,Wisconsin,La Crosse,717:1
55065,Wisconsin,Lafayette,4196:1
55067,Wisconsin,Langlade,1219:1
55069,Wisconsin,Lincoln,2039:1
55071,Wisconsin,Manitowoc,2145:1
55073,Wisconsin,Marathon,1059:1
55075,Wisconsin,Marinette,1745:1
55077,Wisconsin,Marquette,5264:1
55078,Wisconsin,Menominee,1072:1
55079,Wisconsin,Milwaukee,1298:1
55081,Wisconsin,Monroe,1593:1
55083,Wisconsin,Oconto,3280:1
55085,Wisconsin,Oneida,1417:1
55087,Wisconsin,Outagamie,1107:1
55089,Wisconsin,Ozaukee,665:1
55091,Wisconsin,Pepin,1473:1
55093,Wisconsin,Pierce,2662:1
55095,Wisconsin,Polk,1262:1
55097,Wisconsin,Portage,2202:1
55099,Wisconsin,Price,7025:1
55101,Wisconsin,Racine,2316:1
55103,Wisconsin,Richland,1324:1
55105,Wisconsin,Rock,1957:1
55107,Wisconsin,Rusk,2018:1
55109,Wisconsin,St. Croix,1901:1
55111,Wisconsin,Sauk,995:1
55113,Wisconsin,Sawyer,1307:1
55115,Wisconsin,Shawano,1857:1
55117,Wisconsin,Sheboygan,1635:1
55119,Wisconsin,Taylor,3985:1
55121,Wisconsin,Trempealeau,3841:1
55123,Wisconsin,Vernon,966:1
55125,Wisconsin,Vilas,1384:1
55127,Wisconsin,Walworth,2322:1
55129,Wisconsin,Washburn,1047:1
55131,Wisconsin,Washington,1715:1
55133,Wisconsin,Waukesha,713:1
55135,Wisconsin,Waupaca,1719:1
55137,Wisconsin,Waushara,3547:1
55139,Wisconsin,Winnebago,1271:1
55141,Wisconsin,Wood,726:1
56000,Wyoming,,1433:1
56001,Wyoming,Albany,1254:1
56003,Wyoming,Big Horn,2908:1
56005,Wyoming,Campbell,1785:1
56007,Wyoming,Carbon,1831:1
56009,Wyoming,Converse,1709:1
56011,Wyoming,Crook,2438:1
56013,Wyoming,Fremont,1229:1
56015,Wyoming,Goshen,1254:1
56017,Wyoming,Hot Springs,919:1
56019,Wyoming,Johnson,663:1
56021,Wyoming,Laramie,1576:1
56023,Wyoming,Lincoln,1550:1
56025,Wyoming,Natrona,1396:1
56027,Wyoming,Niobrara,1219:1
56029,Wyoming,Park,772:1
56031,Wyoming,Platte,2175:1
56033,Wyoming,Sheridan,1507:1
56035,Wyoming,Sublette,2899:1
56037,Wyoming,Sweetwater,2312:1
56039,Wyoming,Teton,1072:1
56041,Wyoming,Uinta,1720:1
56043,Wyoming,Washakie,963:1
56045,Wyoming,Weston,3373:1
